numberVariant,released,packagingType,additionalImageCount,year,availability,setID,number,theme,category,subtheme,pieces,lastUpdated,name,instructionsCount,minifigs,themeGroup,reviewCount,rating,bricksetURL,dimensions_height,dimensions_width,dimensions_depth,barcode_EAN,barcode_UPC,thumbnailURL,imageURL
1,true,Polybag,0,2003,{Not specified},1394,3219,Star Wars,Normal,Mini Building Set,12,2022-12-09T02:46:58.967Z,Mini TIE Fighter,1,0,Licensed,5,3.4,https://brickset.com/sets/3219-1,14.0,14.0,1.0,5702014282230,673419020190,https://images.brickset.com/sets/small/3219-1.jpg,https://images.brickset.com/sets/images/3219-1.jpg
1,true,Box,0,2000,LEGO exclusive,1469,3340,Star Wars,Normal,Minifig Pack,32,2020-05-07T22:00:44.847Z,"Star Wars #1 - Emperor Palpatine, Darth Maul and Darth Vader",0,3,Licensed,4,3.9,https://brickset.com/sets/3340-1,0.0,0.0,0.0,,042884033408,https://images.brickset.com/sets/small/3340-1.jpg,https://images.brickset.com/sets/images/3340-1.jpg
1,true,Box,0,2000,LEGO exclusive,1470,3341,Star Wars,Normal,Minifig Pack,22,2020-05-07T22:01:04.003Z,"Star Wars #2 - Luke Skywalker, Han Solo and Boba Fett",0,3,Licensed,3,4.2,https://brickset.com/sets/3341-1,0.0,0.0,0.0,,042884033415,https://images.brickset.com/sets/small/3341-1.jpg,https://images.brickset.com/sets/images/3341-1.jpg
1,true,Box,0,2000,LEGO exclusive,1471,3342,Star Wars,Normal,Minifig Pack,22,2020-05-07T22:01:49.43Z,Star Wars #3 - Chewbacca and 2 Biker Scouts,0,3,Licensed,4,4.0,https://brickset.com/sets/3342-1,0.0,0.0,0.0,,042884033422,https://images.brickset.com/sets/small/3342-1.jpg,https://images.brickset.com/sets/images/3342-1.jpg
1,true,Box,0,2000,LEGO exclusive,1472,3343,Star Wars,Normal,Minifig Pack,30,2020-05-07T22:02:17.38Z,Star Wars #4 - Battle Droid Commander and 2 Battle Droids,0,3,Licensed,5,3.9,https://brickset.com/sets/3343-1,0.0,0.0,0.0,,042884033439,https://images.brickset.com/sets/small/3343-1.jpg,https://images.brickset.com/sets/images/3343-1.jpg
1,true,Box,2,2003,Retail,2136,4475,Star Wars,Normal,Episode VI,44,2021-05-07T00:56:41.9Z,Jabba's Message,1,3,Licensed,37,3.7,https://brickset.com/sets/4475-1,14.4,14.4,3.9,5702014259386,673419017169,https://images.brickset.com/sets/small/4475-1.jpg,https://images.brickset.com/sets/images/4475-1.jpg
1,true,Box,2,2003,Retail,2137,4476,Star Wars,Normal,Episode VI,40,2015-10-13T20:33:23.897Z,Jabba's Prize,1,2,Licensed,32,3.7,https://brickset.com/sets/4476-1,14.4,14.4,3.9,5702014259393,,https://images.brickset.com/sets/small/4476-1.jpg,https://images.brickset.com/sets/images/4476-1.jpg
1,true,Box,2,2003,Retail,2138,4477,Star Wars,Normal,Episode IV,98,2015-10-13T20:33:35.15Z,T-16 Skyhopper ,1,1,Licensed,16,3.4,https://brickset.com/sets/4477-1,19.2,19.2,4.8,5702014259355,,https://images.brickset.com/sets/small/4477-1.jpg,https://images.brickset.com/sets/images/4477-1.jpg
1,true,Box,2,2003,Retail,2139,4478,Star Wars,Normal,Episode II,170,2007-09-28T18:35:23Z,Geonosian Fighter,1,4,Licensed,30,3.9,https://brickset.com/sets/4478-1,19.2,28.8,4.8,5702014259409,,https://images.brickset.com/sets/small/4478-1.jpg,https://images.brickset.com/sets/images/4478-1.jpg
1,true,Box,2,2003,Retail,2140,4479,Star Wars,Normal,Episode V,230,2015-10-13T20:33:47.313Z,TIE Bomber,1,1,Licensed,23,3.8,https://brickset.com/sets/4479-1,28.8,28.8,6.0,,673419017213,https://images.brickset.com/sets/small/4479-1.jpg,https://images.brickset.com/sets/images/4479-1.jpg
1,true,Box,2,2003,Retail,2141,4480,Star Wars,Normal,Episode VI,231,2015-10-13T20:34:01.803Z,Jabba's Palace,1,6,Licensed,24,3.8,https://brickset.com/sets/4480-1,28.8,28.8,7.2,5702014261372,673419017572,https://images.brickset.com/sets/small/4480-1.jpg,https://images.brickset.com/sets/images/4480-1.jpg
1,true,Box,4,2003,Retail,2142,4481,Star Wars,Normal,Episode II,681,2007-09-28T18:35:34Z,Hailfire Droid,1,0,Licensed,16,4.1,https://brickset.com/sets/4481-1,28.8,38.4,9.6,,673419017589,https://images.brickset.com/sets/small/4481-1.jpg,https://images.brickset.com/sets/images/4481-1.jpg
1,true,Box,0,2003,Retail,2143,4482,Star Wars,Normal,Episode II,658,2007-09-28T18:35:42Z,AT-TE,1,4,Licensed,16,4.2,https://brickset.com/sets/4482-1,38.4,48.0,7.2,5702014261396,,https://images.brickset.com/sets/small/4482-1.jpg,https://images.brickset.com/sets/images/4482-1.jpg
1,true,Box,4,2003,Retail,2144,4483,Star Wars,Normal,Episode V,1064,2021-10-28T17:24:14.763Z,AT-AT,1,4,Licensed,49,4.4,https://brickset.com/sets/4483-1,38.4,57.6,9.6,,673419017381,https://images.brickset.com/sets/small/4483-1.jpg,https://images.brickset.com/sets/images/4483-1.jpg
1,true,Blister pack,2,2003,Retail,2145,4484,Star Wars,Normal,Mini Building Set,76,2023-10-02T20:45:54.75Z,X-wing Fighter & TIE Advanced,1,0,Licensed,18,3.6,https://brickset.com/sets/4484-1,14.4,11.0,4.4,5702014260337,673419017374,https://images.brickset.com/sets/small/4484-1.jpg,https://images.brickset.com/sets/images/4484-1.jpg
1,true,Blister pack,2,2003,Retail,2146,4485,Star Wars,Normal,Mini Building Set,72,2012-10-03T04:13:35.94Z,Sebulba's Podracer & Anakin's Podracer,1,0,Licensed,27,3.5,https://brickset.com/sets/4485-1,14.4,11.0,4.4,5702014260306,673419017367,https://images.brickset.com/sets/small/4485-1.jpg,https://images.brickset.com/sets/images/4485-1.jpg
1,true,Blister pack,2,2003,Retail,2147,4486,Star Wars,Normal,Mini Building Set,76,2012-10-03T04:13:54.22Z,AT-ST & Snowspeeder,1,0,Licensed,20,3.7,https://brickset.com/sets/4486-1,14.4,11.0,4.4,5702014260290,673419017350,https://images.brickset.com/sets/small/4486-1.jpg,https://images.brickset.com/sets/images/4486-1.jpg
1,true,Blister pack,2,2003,Retail,2148,4487,Star Wars,Normal,Mini Building Set,53,2012-10-03T04:14:12.16Z,Jedi Starfighter & Slave I,1,0,Licensed,21,3.6,https://brickset.com/sets/4487-1,14.4,11.0,4.4,5702014260283,673419017343,https://images.brickset.com/sets/small/4487-1.jpg,https://images.brickset.com/sets/images/4487-1.jpg
1,true,Blister pack,2,2003,Retail,2149,4488,Star Wars,Normal,Mini Building Set,87,2018-01-06T03:31:34.647Z,Millennium Falcon,1,0,Licensed,14,3.7,https://brickset.com/sets/4488-1,14.4,14.4,4.4,,673419017336,https://images.brickset.com/sets/small/4488-1.jpg,https://images.brickset.com/sets/images/4488-1.jpg
1,true,Blister pack,2,2003,Retail,2150,4489,Star Wars,Normal,Mini Building Set,98,2012-10-03T04:14:53.513Z,AT-AT,1,0,Licensed,12,3.3,https://brickset.com/sets/4489-1,14.4,14.4,4.4,,673419017329,https://images.brickset.com/sets/small/4489-1.jpg,https://images.brickset.com/sets/images/4489-1.jpg
1,true,Blister pack,2,2003,Retail,2151,4490,Star Wars,Normal,Mini Building Set,102,2012-10-03T04:15:11.457Z,Republic Gunship,1,0,Licensed,12,3.7,https://brickset.com/sets/4490-1,14.4,14.4,4.4,,673419017312,https://images.brickset.com/sets/small/4490-1.jpg,https://images.brickset.com/sets/images/4490-1.jpg
1,true,Blister pack,2,2003,Retail,2152,4491,Star Wars,Normal,Mini Building Set,99,2012-10-03T04:15:28.59Z,MTT,1,0,Licensed,16,3.6,https://brickset.com/sets/4491-1,14.4,14.4,4.4,5702014260245,673419017305,https://images.brickset.com/sets/small/4491-1.jpg,https://images.brickset.com/sets/images/4491-1.jpg
1,true,Blister pack,2,2004,Retail,2153,4492,Star Wars,Normal,Mini Building Set,87,2012-10-03T04:16:17.23Z,Star Destroyer,1,0,Licensed,16,3.7,https://brickset.com/sets/4492-1,14.4,14.4,4.4,5702014365414,673419034043,https://images.brickset.com/sets/small/4492-1.jpg,https://images.brickset.com/sets/images/4492-1.jpg
1,true,Blister pack,2,2004,Retail,2154,4493,Star Wars,Normal,Mini Building Set,55,2020-04-03T21:11:00.097Z,Sith Infiltrator,1,0,Licensed,5,3.4,https://brickset.com/sets/4493-1,14.4,14.4,4.4,5702014371187,673419034050,https://images.brickset.com/sets/small/4493-1.jpg,https://images.brickset.com/sets/images/4493-1.jpg
1,true,Blister pack,2,2004,Retail,2155,4494,Star Wars,Normal,Mini Building Set,82,2012-10-03T04:16:50.183Z,Imperial Shuttle,1,0,Licensed,11,3.8,https://brickset.com/sets/4494-1,14.4,14.4,4.4,5702014365575,673419034067,https://images.brickset.com/sets/small/4494-1.jpg,https://images.brickset.com/sets/images/4494-1.jpg
1,true,Blister pack,2,2004,Retail,2156,4495,Star Wars,Normal,Mini Building Set,63,2012-10-03T04:17:05.97Z,AT-TE,1,0,Licensed,8,3.7,https://brickset.com/sets/4495-1,14.4,14.4,4.4,5702014365582,673419034074,https://images.brickset.com/sets/small/4495-1.jpg,https://images.brickset.com/sets/images/4495-1.jpg
1,true,Box,4,2004,Retail,2160,4500,Star Wars,Normal,Episode V,214,2015-10-13T20:31:55.647Z,Rebel Snowspeeder,1,3,Licensed,45,4.0,https://brickset.com/sets/4500-1,19.2,28.8,6.0,5702014364738,673419060141,https://images.brickset.com/sets/small/4500-1.jpg,https://images.brickset.com/sets/images/4500-1.jpg
1,true,Box,4,2004,Retail,2161,4501,Star Wars,Normal,Episode IV,193,2015-10-13T20:32:08.923Z,Mos Eisley Cantina,1,5,Licensed,36,4.1,https://brickset.com/sets/4501-1,28.8,28.8,7.2,5702014364745,673419033725,https://images.brickset.com/sets/small/4501-1.jpg,https://images.brickset.com/sets/images/4501-1.jpg
1,true,Box,3,2003,Retail,2162,4502,Star Wars,Normal,Episode V,563,2026-09-22T01:33:30.75Z,X-wing Fighter,1,3,Licensed,42,4.2,https://brickset.com/sets/4502-1,28.8,38.4,7.2,5702014362826,673419060165,https://images.brickset.com/sets/small/4502-1.jpg,https://images.brickset.com/sets/images/4502-1.jpg
1,true,Box,3,2004,Retail,2163,4504,Star Wars,Normal,Episode V,985,2015-10-13T20:32:43.76Z,Millennium Falcon,1,5,Licensed,48,4.3,https://brickset.com/sets/4504-1,38.4,57.6,9.6,5702014365902,673419034098,https://images.brickset.com/sets/small/4504-1.jpg,https://images.brickset.com/sets/images/4504-1.jpg
1,true,Box,3,2006,Retail,5037,6205,Star Wars,Normal,Episode III,118,2018-11-21T22:57:11.193Z,V-wing Fighter,1,1,Licensed,66,3.8,https://brickset.com/sets/6205-1,14.4,24.0,6.0,5702014467675,673419078900,https://images.brickset.com/sets/small/6205-1.jpg,https://images.brickset.com/sets/images/6205-1.jpg
1,true,Box,3,2006,Retail,5034,6206,Star Wars,Normal,Episode VI,212,2018-12-31T13:15:03.397Z,TIE Interceptor,2,1,Licensed,38,3.9,https://brickset.com/sets/6206-1,28.8,28.8,6.0,5702014467682,673419078917,https://images.brickset.com/sets/small/6206-1.jpg,https://images.brickset.com/sets/images/6206-1.jpg
1,true,Box,3,2006,Retail,5035,6207,Star Wars,Normal,Episode VI,194,2018-12-31T13:20:27.36Z,A-wing Fighter,2,2,Licensed,35,3.9,https://brickset.com/sets/6207-1,19.2,28.8,6.0,5702014467699,673419078924,https://images.brickset.com/sets/small/6207-1.jpg,https://images.brickset.com/sets/images/6207-1.jpg
1,true,Box,5,2006,Retail,5033,6208,Star Wars,Normal,Episode VI,435,2018-12-31T13:28:49.3Z,B-wing Fighter,2,2,Licensed,31,3.8,https://brickset.com/sets/6208-1,28.8,38.4,6.0,5702014467705,673419078931,https://images.brickset.com/sets/small/6208-1.jpg,https://images.brickset.com/sets/images/6208-1.jpg
1,true,Box,4,2006,Retail,5038,6209,Star Wars,Normal,Episode V,537,2018-12-31T14:23:55.07Z,Slave I,2,4,Licensed,52,4.4,https://brickset.com/sets/6209-1,28.8,48.0,6.0,5702014467712,673419078948,https://images.brickset.com/sets/small/6209-1.jpg,https://images.brickset.com/sets/images/6209-1.jpg
1,true,Box,6,2006,Retail,4765,6210,Star Wars,Normal,Episode VI,781,2021-04-08T08:57:16.24Z,Jabba's Sail Barge,2,8,Licensed,26,4.3,https://brickset.com/sets/6210-1,38.4,48.0,7.2,5702014467729,673419078955,https://images.brickset.com/sets/small/6210-1.jpg,https://images.brickset.com/sets/images/6210-1.jpg
1,true,Box,5,2006,{Not specified},4766,6211,Star Wars,Normal,Episode IV,1367,2018-12-31T21:02:32.34Z,Imperial Star Destroyer,4,9,Licensed,41,4.1,https://brickset.com/sets/6211-1,38.4,65.2,9.6,5702014467736,673419078979,https://images.brickset.com/sets/small/6211-1.jpg,https://images.brickset.com/sets/images/6211-1.jpg
1,true,Box,3,2006,Retail,5508,6212,Star Wars,Normal,Episode V,437,2019-01-02T15:21:43.177Z,X-wing Fighter,2,6,Licensed,52,4.1,https://brickset.com/sets/6212-1,28.8,48.0,6.0,5702014501034,673419092159,https://images.brickset.com/sets/small/6212-1.jpg,https://images.brickset.com/sets/images/6212-1.jpg
1,true,Polybag,0,2004,Promotional,3735,6963,Star Wars,Normal,Mini Building Set,41,2013-02-28T07:36:25.29Z,X-wing Fighter,0,0,Licensed,1,3.4,https://brickset.com/sets/6963-1,0.0,0.0,0.0,5702014399457,,https://images.brickset.com/sets/small/6963-1.jpg,https://images.brickset.com/sets/images/6963-1.jpg
1,true,Polybag,0,2004,Promotional,3736,6964,Star Wars,Normal,Mini Building Set,25,2013-02-28T07:36:30.887Z,Boba Fett's Slave I,0,0,Licensed,2,3.8,https://brickset.com/sets/6964-1,0.0,0.0,0.0,5702014399464,,https://images.brickset.com/sets/small/6964-1.jpg,https://images.brickset.com/sets/images/6964-1.jpg
1,true,Polybag,0,2004,Promotional,3737,6965,Star Wars,Normal,Mini Building Set,32,2013-02-28T07:36:36.957Z,TIE Interceptor,0,0,Licensed,9,4.0,https://brickset.com/sets/6965-1,0.0,0.0,0.0,5702014399471,,https://images.brickset.com/sets/small/6965-1.jpg,https://images.brickset.com/sets/images/6965-1.jpg
1,true,Polybag,0,2005,Promotional,4809,6966,Star Wars,Normal,Episode III,38,2023-09-12T21:16:00.74Z,Mini Jedi Starfighter,1,0,Licensed,9,3.8,https://brickset.com/sets/6966-1,14.0,14.0,2.0,,673419069946,https://images.brickset.com/sets/small/6966-1.jpg,https://images.brickset.com/sets/images/6966-1.jpg
1,true,Polybag,0,2005,{Not specified},4810,6967,Star Wars,Normal,Episode III,42,2023-09-12T21:15:43.47Z,Mini ARC-170 Starfighter,1,0,Licensed,8,4.0,https://brickset.com/sets/6967-1,14.0,14.0,0.0,,,https://images.brickset.com/sets/small/6967-1.jpg,https://images.brickset.com/sets/images/6967-1.jpg
1,false,{Not specified},0,2005,{Not specified},6574,6968,Star Wars,Normal,Episode III,48,2016-04-24T23:34:26.713Z,Wookiee Attack,0,0,Licensed,1,3.9,https://brickset.com/sets/6968-1,0.0,0.0,0.0,,,https://images.brickset.com/sets/small/6968-1.jpg,https://images.brickset.com/sets/images/6968-1.jpg
1,true,Box,0,1999,Retail,3791,7101,Star Wars,Normal,Episode I,52,2026-04-24T21:46:28.777Z,Lightsaber Duel,1,2,Licensed,31,3.6,https://brickset.com/sets/7101-1,9.6,14.4,4.8,,042884071011,https://images.brickset.com/sets/small/7101-1.jpg,https://images.brickset.com/sets/images/7101-1.jpg
1,true,Box,2,2002,Retail,3792,7103,Star Wars,Normal,Episode II,82,2007-09-28T18:35:54Z,Jedi Duel,1,2,Licensed,42,3.9,https://brickset.com/sets/7103-1,14.4,19.2,4.8,5702014151802,673419010269,https://images.brickset.com/sets/small/7103-1.jpg,https://images.brickset.com/sets/images/7103-1.jpg
1,true,Box,0,2000,Retail,3793,7104,Star Wars,Normal,Episode VI,55,2015-10-13T20:37:03.66Z,Desert Skiff,1,2,Licensed,24,3.5,https://brickset.com/sets/7104-1,9.6,19.2,4.8,5702012006449,042884071042,https://images.brickset.com/sets/small/7104-1.jpg,https://images.brickset.com/sets/images/7104-1.jpg
1,true,Box,2,2001,Retail,3794,7106,Star Wars,Normal,Episode IV,45,2015-10-13T20:36:16.613Z,Droid Escape,1,2,Licensed,19,3.7,https://brickset.com/sets/7106-1,9.6,19.2,6.0,5702012012532,042884071066,https://images.brickset.com/sets/small/7106-1.jpg,https://images.brickset.com/sets/images/7106-1.jpg
1,true,Box,0,1999,Retail,3795,7110,Star Wars,Normal,Episode IV,49,2015-10-13T20:38:02.07Z,Landspeeder,1,2,Licensed,34,3.6,https://brickset.com/sets/7110-1,9.6,14.4,4.8,5702012002649,042884071103,https://images.brickset.com/sets/small/7110-1.jpg,https://images.brickset.com/sets/images/7110-1.jpg
1,true,Box,0,1999,Retail,3796,7111,Star Wars,Normal,Episode I,62,2026-04-24T21:46:51.067Z,Droid Fighter,1,0,Licensed,36,3.4,https://brickset.com/sets/7111-1,9.6,14.4,6.0,5702012003097,,https://images.brickset.com/sets/small/7111-1.jpg,https://images.brickset.com/sets/images/7111-1.jpg
1,true,Box,2,2002,Retail,3797,7113,Star Wars,Normal,Episode II,93,2007-09-28T18:36:02Z,Tusken Raider Encounter,1,3,Licensed,35,3.8,https://brickset.com/sets/7113-1,14.4,19.2,4.8,5702014151819,673419010276,https://images.brickset.com/sets/small/7113-1.jpg,https://images.brickset.com/sets/images/7113-1.jpg
1,true,Box,0,2000,Retail,3798,7115,Star Wars,Normal,Episode I,77,2007-09-28T18:31:22Z,Gungan Patrol,1,2,Licensed,18,3.7,https://brickset.com/sets/7115-1,14.4,24.0,4.8,5702012006456,042884071158,https://images.brickset.com/sets/small/7115-1.jpg,https://images.brickset.com/sets/images/7115-1.jpg
1,true,Box,2,2002,Retail,3799,7119,Star Wars,Normal,Episode V,118,2015-10-13T20:34:41.19Z,Twin-Pod Cloud Car,1,1,Licensed,23,3.6,https://brickset.com/sets/7119-1,14.4,19.2,6.0,5702014151741,673419010207,https://images.brickset.com/sets/small/7119-1.jpg,https://images.brickset.com/sets/images/7119-1.jpg
1,true,Box,0,1999,Retail,3800,7121,Star Wars,Normal,Episode I,82,2026-04-24T21:49:22.54Z,Naboo Swamp,1,4,Licensed,21,3.6,https://brickset.com/sets/7121-1,14.4,14.4,4.8,5702012003103,042884071219,https://images.brickset.com/sets/small/7121-1.jpg,https://images.brickset.com/sets/images/7121-1.jpg
1,true,Box,0,2000,Retail,3801,7124,Star Wars,Normal,Episode I,106,2007-09-28T18:31:41Z,Flash Speeder,1,1,Licensed,20,3.8,https://brickset.com/sets/7124-1,14.4,19.2,4.8,5702012006463,,https://images.brickset.com/sets/small/7124-1.jpg,https://images.brickset.com/sets/images/7124-1.jpg
1,true,Box,0,2001,Retail,3802,7126,Star Wars,Normal,Episode I,133,2007-09-28T18:31:50Z,Battle Droid Carrier,1,7,Licensed,19,3.9,https://brickset.com/sets/7126-1,14.4,19.2,4.8,5702012012549,042884071264,https://images.brickset.com/sets/small/7126-1.jpg,https://images.brickset.com/sets/images/7126-1.jpg
1,true,Box,0,2001,Retail,3803,7127,Star Wars,Normal,Episode VI,107,2015-10-13T20:36:29.3Z,Imperial AT-ST,1,1,Licensed,17,3.5,https://brickset.com/sets/7127-1,19.2,14.4,4.8,5702012012556,042884071271,https://images.brickset.com/sets/small/7127-1.jpg,https://images.brickset.com/sets/images/7127-1.jpg
1,true,Box,0,1999,Retail,3804,7128,Star Wars,Normal,Episode VI,93,2015-10-13T20:38:15.593Z,Speeder Bikes,1,3,Licensed,26,4.0,https://brickset.com/sets/7128-1,14.4,14.4,4.8,5702012002656,042884071288,https://images.brickset.com/sets/small/7128-1.jpg,https://images.brickset.com/sets/images/7128-1.jpg
1,true,Box,0,1999,Retail,3805,7130,Star Wars,Normal,Episode V,215,2021-09-27T16:33:39.813Z,Snowspeeder,1,3,Licensed,22,4.0,https://brickset.com/sets/7130-1,19.2,24.0,6.0,5702012002663,042884071301,https://images.brickset.com/sets/small/7130-1.jpg,https://images.brickset.com/sets/images/7130-1.jpg
1,true,Box,0,1999,Retail,3806,7131,Star Wars,Normal,Episode I,136,2026-04-24T21:49:38.673Z,Anakin's Podracer,1,3,Licensed,10,3.7,https://brickset.com/sets/7131-1,14.4,24.0,4.8,,042884071318,https://images.brickset.com/sets/small/7131-1.jpg,https://images.brickset.com/sets/images/7131-1.jpg
1,true,Box,3,2002,Retail,3807,7133,Star Wars,Normal,Episode II,259,2007-09-28T18:36:11Z,Bounty Hunter Pursuit,1,3,Licensed,17,4.3,https://brickset.com/sets/7133-1,28.8,28.8,4.8,5702014151826,673419010283,https://images.brickset.com/sets/small/7133-1.jpg,https://images.brickset.com/sets/images/7133-1.jpg
1,true,Box,0,2000,Retail,3808,7134,Star Wars,Normal,Episode VI,125,2015-10-13T20:37:13.35Z,A-wing Fighter,1,2,Licensed,10,3.6,https://brickset.com/sets/7134-1,19.2,19.2,6.0,5702012006470,042884071349,https://images.brickset.com/sets/small/7134-1.jpg,https://images.brickset.com/sets/images/7134-1.jpg
1,true,Box,2,2002,Retail,3809,7139,Star Wars,Normal,Episode VI,121,2015-10-13T20:34:53.28Z,Ewok Attack,1,4,Licensed,27,3.9,https://brickset.com/sets/7139-1,19.2,19.2,4.8,5702014151758,673419010214,https://images.brickset.com/sets/small/7139-1.jpg,https://images.brickset.com/sets/images/7139-1.jpg
1,true,Box,0,1999,Retail,3810,7140,Star Wars,Normal,Episode IV,266,2015-10-13T20:38:43.41Z,X-wing Fighter,1,4,Licensed,27,4.2,https://brickset.com/sets/7140-1,24.0,33.6,6.0,5702012002670,042884071400,https://images.brickset.com/sets/small/7140-1.jpg,https://images.brickset.com/sets/images/7140-1.jpg
1,true,Box,0,1999,Retail,3811,7141,Star Wars,Normal,Episode I,179,2026-04-24T21:49:56.32Z,Naboo Fighter,1,4,Licensed,13,3.7,https://brickset.com/sets/7141-1,19.2,24.0,6.0,5702012003127,042884071417,https://images.brickset.com/sets/small/7141-1.jpg,https://images.brickset.com/sets/images/7141-1.jpg
1,true,Box,2,2002,Retail,3812,7142,Star Wars,Normal,Episode IV,267,2019-01-03T00:28:42.783Z,X-wing Fighter,1,4,Licensed,3,4.0,https://brickset.com/sets/7142-1,24.0,33.6,6.0,5702014285453,,https://images.brickset.com/sets/small/7142-1.jpg,https://images.brickset.com/sets/images/7142-1.jpg
1,true,Box,2,2002,Retail,3813,7143,Star Wars,Normal,Episode II,138,2021-08-13T17:46:59.593Z,Jedi Starfighter,1,1,Licensed,28,4.0,https://brickset.com/sets/7143-1,19.2,28.8,4.8,5702014151833,673419010290,https://images.brickset.com/sets/small/7143-1.jpg,https://images.brickset.com/sets/images/7143-1.jpg
1,true,Box,0,2000,Retail,3814,7144,Star Wars,Normal,Episode V,166,2015-10-13T20:37:26.327Z,Slave I,1,1,Licensed,19,3.7,https://brickset.com/sets/7144-1,28.8,19.2,6.0,5702012006487,042884071448,https://images.brickset.com/sets/small/7144-1.jpg,https://images.brickset.com/sets/images/7144-1.jpg
1,true,Box,0,2001,Retail,3815,7146,Star Wars,Normal,Episode IV,171,2015-10-13T20:36:42.823Z,TIE Fighter,1,2,Licensed,16,3.7,https://brickset.com/sets/7146-1,28.8,19.2,7.2,5702012012563,042884071462,https://images.brickset.com/sets/small/7146-1.jpg,https://images.brickset.com/sets/images/7146-1.jpg
1,true,Box,0,1999,Retail,3817,7150,Star Wars,Normal,Episode IV,409,2015-10-13T20:38:53.78Z,TIE Fighter & Y-wing,1,3,Licensed,13,4.0,https://brickset.com/sets/7150-1,28.8,43.2,6.0,5702012002687,042884071509,https://images.brickset.com/sets/small/7150-1.jpg,https://images.brickset.com/sets/images/7150-1.jpg
1,true,Box,0,1999,Retail,3818,7151,Star Wars,Normal,Episode I,244,2026-04-24T21:50:19.147Z,Sith Infiltrator,1,1,Licensed,12,3.5,https://brickset.com/sets/7151-1,24.0,33.6,7.2,5702012003134,,https://images.brickset.com/sets/small/7151-1.jpg,https://images.brickset.com/sets/images/7151-1.jpg
1,true,Box,0,2002,Retail,3819,7152,Star Wars,Normal,Episode IV,410,2015-10-13T20:35:24.47Z,TIE Fighter & Y-wing,1,3,Licensed,3,4.1,https://brickset.com/sets/7152-1,28.8,43.2,6.0,,042884071516,https://images.brickset.com/sets/small/7152-1.jpg,https://images.brickset.com/sets/images/7152-1.jpg
1,true,Box,2,2002,Retail,3820,7153,Star Wars,Normal,Episode II,369,2022-07-09T19:42:11.677Z,Jango Fett's Slave I,1,2,Licensed,32,4.2,https://brickset.com/sets/7153-1,38.4,28.8,7.2,5702014151840,673419010306,https://images.brickset.com/sets/small/7153-1.jpg,https://images.brickset.com/sets/images/7153-1.jpg
1,true,Box,0,2000,Retail,3821,7155,Star Wars,Normal,Episode I,158,2007-09-28T18:32:25Z,Trade Federation AAT,1,2,Licensed,16,4.1,https://brickset.com/sets/7155-1,19.2,28.8,6.0,5702012006500,,https://images.brickset.com/sets/small/7155-1.jpg,https://images.brickset.com/sets/images/7155-1.jpg
1,true,Bucket,0,2000,Retail,3822,7159,Star Wars,Normal,Episode I,292,2020-04-20T22:44:09.657Z,Star Wars Podracing Bucket,1,3,Licensed,4,3.3,https://brickset.com/sets/7159-1,26.6,21.4,21.4,5702012008979,,https://images.brickset.com/sets/small/7159-1.jpg,https://images.brickset.com/sets/images/7159-1.jpg
1,true,Box,0,1999,Retail,3823,7161,Star Wars,Normal,Episode I,379,2026-04-24T21:50:47.83Z,Gungan Sub,1,3,Licensed,13,3.9,https://brickset.com/sets/7161-1,28.8,43.2,6.0,5702012004087,042884071615,https://images.brickset.com/sets/small/7161-1.jpg,https://images.brickset.com/sets/images/7161-1.jpg
1,true,Box,4,2002,Retail,3824,7163,Star Wars,Normal,Episode II,686,2022-07-09T19:53:54.867Z,Republic Gunship,1,8,Licensed,31,4.4,https://brickset.com/sets/7163-1,38.4,57.6,7.2,5702014151857,673419010313,https://images.brickset.com/sets/small/7163-1.jpg,https://images.brickset.com/sets/images/7163-1.jpg
1,true,Box,0,2001,Retail,3825,7166,Star Wars,Normal,Episode VI,238,2015-10-13T20:36:53.247Z,Imperial Shuttle,1,4,Licensed,18,4.1,https://brickset.com/sets/7166-1,28.8,28.8,7.2,5702012012570,042884071660,https://images.brickset.com/sets/small/7166-1.jpg,https://images.brickset.com/sets/images/7166-1.jpg
1,true,Box,0,1999,Retail,3826,7171,Star Wars,Normal,Episode I,896,2026-04-24T21:51:03.603Z,Mos Espa Podrace,1,10,Licensed,12,4.1,https://brickset.com/sets/7171-1,38.4,53.2,7.2,5702012004094,042884071714,https://images.brickset.com/sets/small/7171-1.jpg,https://images.brickset.com/sets/images/7171-1.jpg
1,true,Box,0,2000,Retail,3827,7180,Star Wars,Normal,Episode VI,338,2015-10-13T20:37:36.917Z,B-wing at Rebel Control Centre,1,3,Licensed,11,3.9,https://brickset.com/sets/7180-1,28.8,28.8,6.0,5702012006517,042884071806,https://images.brickset.com/sets/small/7180-1.jpg,https://images.brickset.com/sets/images/7180-1.jpg
1,true,Box,0,2000,LEGO exclusive,3828,7181,Star Wars,Normal,Ultimate Collector Series,703,2023-02-05T11:18:52.48Z,TIE Interceptor,1,0,Licensed,6,4.2,https://brickset.com/sets/7181-1,43.2,53.2,7.2,5702012006524,042884071813,https://images.brickset.com/sets/small/7181-1.jpg,https://images.brickset.com/sets/images/7181-1.jpg
1,true,Box,0,2000,Retail,3829,7184,Star Wars,Normal,Episode I,470,2007-09-28T18:33:01Z,Trade Federation MTT,1,7,Licensed,12,3.8,https://brickset.com/sets/7184-1,28.8,38.4,7.2,5702012008528,,https://images.brickset.com/sets/small/7184-1.jpg,https://images.brickset.com/sets/images/7184-1.jpg
1,true,Box,0,2001,Retail,3830,7186,Star Wars,Normal,Episode I,443,2016-08-18T13:50:12.74Z,Watto's Junkyard,1,2,Licensed,5,3.8,https://brickset.com/sets/7186-1,28.8,38.4,7.2,5702012012587,042884071868,https://images.brickset.com/sets/small/7186-1.jpg,https://images.brickset.com/sets/images/7186-1.jpg
1,true,Box,0,2000,Retail,3831,7190,Star Wars,Normal,Episode IV,663,2015-10-13T20:37:49.14Z,Millennium Falcon,1,6,Licensed,13,4.1,https://brickset.com/sets/7190-1,43.2,53.2,7.2,5702012006548,042884071905,https://images.brickset.com/sets/small/7190-1.jpg,https://images.brickset.com/sets/images/7190-1.jpg
1,true,Box,0,2000,LEGO exclusive,3832,7191,Star Wars,Normal,Ultimate Collector Series,1300,2023-02-05T11:19:02.667Z,X-wing Fighter,1,1,Licensed,13,4.2,https://brickset.com/sets/7191-1,43.2,59.2,7.2,5702012006555,,https://images.brickset.com/sets/small/7191-1.jpg,https://images.brickset.com/sets/images/7191-1.jpg
1,true,Box,2,2002,LEGO exclusive,3833,7194,Star Wars,Normal,Ultimate Collector Series,1075,2023-02-05T11:17:38.457Z,Yoda,1,0,Licensed,2,4.0,https://brickset.com/sets/7194-1,38.4,57.6,7.2,5702014151864,,https://images.brickset.com/sets/small/7194-1.jpg,https://images.brickset.com/sets/images/7194-1.jpg
1,true,Box,2,2002,Retail,3835,7200,Star Wars,Normal,Episode VI,29,2022-07-10T16:43:07.29Z,Final Duel I,1,2,Licensed,25,3.8,https://brickset.com/sets/7200-1,14.4,14.4,3.9,5702014151765,673419010221,https://images.brickset.com/sets/small/7200-1.jpg,https://images.brickset.com/sets/images/7200-1.jpg
1,true,Box,2,2002,Retail,3836,7201,Star Wars,Normal,Episode VI,23,2022-07-10T16:38:30.407Z,Final Duel II,1,3,Licensed,35,3.8,https://brickset.com/sets/7201-1,14.4,14.4,3.9,5702014151772,673419010238,https://images.brickset.com/sets/small/7201-1.jpg,https://images.brickset.com/sets/images/7201-1.jpg
1,true,Box,0,2002,Retail,3837,7203,Star Wars,Normal,Episode I,59,2016-04-25T08:58:43.53Z,Jedi Defense I,1,3,Licensed,27,3.8,https://brickset.com/sets/7203-1,14.4,14.4,3.9,5702014151789,673419010245,https://images.brickset.com/sets/small/7203-1.jpg,https://images.brickset.com/sets/images/7203-1.jpg
1,true,Box,0,2002,Retail,3838,7204,Star Wars,Normal,Episode I,53,2007-09-28T18:33:29Z,Jedi Defense II,1,3,Licensed,17,3.8,https://brickset.com/sets/7204-1,14.4,14.4,3.9,5702014151796,673419010252,https://images.brickset.com/sets/small/7204-1.jpg,https://images.brickset.com/sets/images/7204-1.jpg
1,true,Box,4,2005,Retail,3864,7250,Star Wars,Normal,Episode III,108,2007-09-28T18:37:12Z,Clone Scout Walker,2,1,Licensed,59,4.0,https://brickset.com/sets/7250-1,19.2,14.4,6.0,5702014426146,673419057158,https://images.brickset.com/sets/small/7250-1.jpg,https://images.brickset.com/sets/images/7250-1.jpg
1,true,Box,4,2005,Retail,3865,7251,Star Wars,Normal,Episode III,53,2007-09-28T18:37:21Z,Darth Vader Transformation,2,3,Licensed,22,3.7,https://brickset.com/sets/7251-1,14.4,14.4,6.0,5702014426153,673419057165,https://images.brickset.com/sets/small/7251-1.jpg,https://images.brickset.com/sets/images/7251-1.jpg
1,true,Box,4,2005,Retail,3866,7252,Star Wars,Normal,Episode III,148,2007-09-28T18:37:29Z,Droid Tri-Fighter,2,1,Licensed,27,3.7,https://brickset.com/sets/7252-1,19.2,19.2,6.0,,673419057172,https://images.brickset.com/sets/small/7252-1.jpg,https://images.brickset.com/sets/images/7252-1.jpg
1,true,Box,4,2005,Retail,3867,7255,Star Wars,Normal,Episode III,111,2007-09-28T18:37:39Z,General Grievous Chase,2,2,Licensed,33,4.0,https://brickset.com/sets/7255-1,19.2,28.8,6.0,5702014426191,673419057202,https://images.brickset.com/sets/small/7255-1.jpg,https://images.brickset.com/sets/images/7255-1.jpg
1,true,Box,5,2005,Retail,3868,7256,Star Wars,Normal,Episode III,202,2007-09-28T18:37:49Z,Jedi Starfighter and Vulture Droid,1,1,Licensed,44,4.0,https://brickset.com/sets/7256-1,19.2,28.8,7.2,5702014426207,673419057219,https://images.brickset.com/sets/small/7256-1.jpg,https://images.brickset.com/sets/images/7256-1.jpg
1,true,Box,4,2005,Retail,3869,7257,Star Wars,Normal,Episode III,282,2007-09-28T18:37:57Z,Ultimate Lightsaber Duel,2,2,Licensed,16,3.2,https://brickset.com/sets/7257-1,28.8,38.4,7.2,5702014426214,673419057226,https://images.brickset.com/sets/small/7257-1.jpg,https://images.brickset.com/sets/images/7257-1.jpg
1,true,Box,3,2005,Retail,3870,7258,Star Wars,Normal,Episode III,366,2007-09-28T18:38:08Z,Wookiee Attack,2,5,Licensed,21,4.1,https://brickset.com/sets/7258-1,28.8,38.4,6.0,5702014426221,673419057233,https://images.brickset.com/sets/small/7258-1.jpg,https://images.brickset.com/sets/images/7258-1.jpg
1,true,Box,4,2005,Retail,3871,7259,Star Wars,Normal,Episode III,396,2007-09-28T18:38:17Z,ARC-170 Fighter,2,4,Licensed,55,4.3,https://brickset.com/sets/7259-1,28.8,43.2,6.0,5702014426238,673419057240,https://images.brickset.com/sets/small/7259-1.jpg,https://images.brickset.com/sets/images/7259-1.jpg
1,true,Box,4,2005,Retail,3872,7260,Star Wars,Normal,Episode III,376,2007-09-28T18:38:26Z,Wookiee Catamaran,2,6,Licensed,15,4.0,https://brickset.com/sets/7260-1,28.8,48.0,7.2,5702014426245,673419057257,https://images.brickset.com/sets/small/7260-1.jpg,https://images.brickset.com/sets/images/7260-1.jpg
1,true,Box,3,2005,Retail,3873,7261,Star Wars,Normal,Episode III,801,2024-11-28T10:27:04.75Z,Clone Turbo Tank,2,7,Licensed,37,4.3,https://brickset.com/sets/7261-1,38.4,57.6,9.6,5702014426252,673419057264,https://images.brickset.com/sets/small/7261-1.jpg,https://images.brickset.com/sets/images/7261-1.jpg
2,true,Box,0,2006,Retail,9336,7261,Star Wars,Normal,Episode III,813,2024-11-28T10:27:24.07Z,"Clone Turbo Tank (non-light-up, 2006 edition)",0,8,Licensed,0,4.1,https://brickset.com/sets/7261-2,0.0,0.0,0.0,,673419089494,https://images.brickset.com/sets/small/7261-2.jpg,https://images.brickset.com/sets/images/7261-2.jpg
1,true,Box,3,2004,Retail,3874,7262,Star Wars,Normal,Episode IV,412,2023-07-22T10:51:59.317Z,TIE Fighter and Y-wing,1,3,Licensed,7,3.7,https://brickset.com/sets/7262-1,28.8,48.0,6.0,,673419039718,https://images.brickset.com/sets/small/7262-1.jpg,https://images.brickset.com/sets/images/7262-1.jpg
1,true,Box,3,2005,Retail,3875,7263,Star Wars,Normal,Episode IV,159,2015-10-13T20:31:09.907Z,TIE Fighter,1,2,Licensed,18,3.9,https://brickset.com/sets/7263-1,28.8,19.2,9.6,5702014436237,673419060127,https://images.brickset.com/sets/small/7263-1.jpg,https://images.brickset.com/sets/images/7263-1.jpg
1,true,Box,1,2005,Retail,4797,7264,Star Wars,Normal,Episode VI,367,2015-10-13T20:31:29.507Z,Imperial Inspection,2,10,Licensed,12,4.3,https://brickset.com/sets/7264-1,28.8,48.0,6.0,5702014450899,,https://images.brickset.com/sets/small/7264-1.jpg,https://images.brickset.com/sets/images/7264-1.jpg
1,true,Box,5,2005,Retail - limited,5032,7283,Star Wars,Normal,Episode III,567,2026-08-20T23:26:26.533Z,Ultimate Space Battle,1,4,Licensed,5,4.4,https://brickset.com/sets/7283-1,28.8,43.2,6.0,5702014468733,,https://images.brickset.com/sets/small/7283-1.jpg,https://images.brickset.com/sets/images/7283-1.jpg
1,true,Box,4,2007,{Not specified},5584,7654,Star Wars,Normal,Episode III,102,2016-05-18T22:00:00.553Z,Droids Battle Pack,1,7,Licensed,64,4.1,https://brickset.com/sets/7654-1,14.4,19.2,4.8,5702014499485,673419091237,https://images.brickset.com/sets/small/7654-1.jpg,https://images.brickset.com/sets/images/7654-1.jpg
1,true,Box,5,2007,{Not specified},5585,7655,Star Wars,Normal,Episode III,58,2016-05-18T21:58:47.393Z,Clone Troopers Battle Pack,1,4,Licensed,74,4.2,https://brickset.com/sets/7655-1,14.4,19.2,4.8,5702014498761,673419090780,https://images.brickset.com/sets/small/7655-1.jpg,https://images.brickset.com/sets/images/7655-1.jpg
1,true,Box,2,2007,{Not specified},5586,7656,Star Wars,Normal,Episode III,232,2016-05-18T21:58:06.2Z,General Grievous Starfighter,1,1,Licensed,38,3.7,https://brickset.com/sets/7656-1,28.8,28.8,6.0,5702014498754,673419090773,https://images.brickset.com/sets/small/7656-1.jpg,https://images.brickset.com/sets/images/7656-1.jpg
1,true,Box,2,2007,{Not specified},5587,7657,Star Wars,Normal,Episode VI,244,2016-05-18T21:57:49.64Z,AT-ST,1,1,Licensed,43,3.7,https://brickset.com/sets/7657-1,28.8,28.8,6.0,5702014498747,673419090766,https://images.brickset.com/sets/small/7657-1.jpg,https://images.brickset.com/sets/images/7657-1.jpg
1,true,Box,2,2007,{Not specified},5588,7658,Star Wars,Normal,Episode IV,454,2016-05-18T21:56:51.027Z,Y-wing Fighter,1,2,Licensed,32,4.1,https://brickset.com/sets/7658-1,28.8,43.2,6.0,5702014498730,673419090759,https://images.brickset.com/sets/small/7658-1.jpg,https://images.brickset.com/sets/images/7658-1.jpg
1,true,Box,2,2007,{Not specified},5589,7659,Star Wars,Normal,Episode IV,471,2016-05-18T21:56:41.28Z,Imperial Landing Craft,1,5,Licensed,40,4.0,https://brickset.com/sets/7659-1,28.8,48.0,7.2,5702014498723,673419090742,https://images.brickset.com/sets/small/7659-1.jpg,https://images.brickset.com/sets/images/7659-1.jpg
1,true,Box,4,2007,{Not specified},5608,7660,Star Wars,Normal,Episode I,280,2016-05-18T21:57:31.477Z,Naboo N-1 Starfighter with Vulture Droid,1,3,Licensed,36,3.9,https://brickset.com/sets/7660-1,28.8,38.4,6.0,,673419091268,https://images.brickset.com/sets/small/7660-1.jpg,https://images.brickset.com/sets/images/7660-1.jpg
1,true,Box,3,2007,{Not specified},5609,7661,Star Wars,Normal,Episode III,575,2016-05-18T21:54:24.75Z,Jedi Starfighter with Hyperdrive Booster Ring,1,2,Licensed,20,4.1,https://brickset.com/sets/7661-1,28.8,48.0,7.2,5702014499508,673419091251,https://images.brickset.com/sets/small/7661-1.jpg,https://images.brickset.com/sets/images/7661-1.jpg
1,true,Box,3,2007,{Not specified},5610,7662,Star Wars,Normal,Episode I,1330,2016-05-18T21:51:42.853Z,Trade Federation MTT,2,21,Licensed,50,4.6,https://brickset.com/sets/7662-1,38.4,65.2,9.6,,673419091244,https://images.brickset.com/sets/small/7662-1.jpg,https://images.brickset.com/sets/images/7662-1.jpg
1,true,Box,2,2007,{Not specified},5873,7663,Star Wars,Normal,Episode I,310,2016-05-18T21:57:21.147Z,Sith Infiltrator,1,1,Licensed,23,3.7,https://brickset.com/sets/7663-1,28.8,38.4,6.0,5702014509214,673419094368,https://images.brickset.com/sets/small/7663-1.jpg,https://images.brickset.com/sets/images/7663-1.jpg
1,true,Box,2,2007,Retail,5842,7664,Star Wars,Normal,Legends,548,2015-09-20T10:49:16.15Z,TIE Crawler,2,2,Licensed,19,3.6,https://brickset.com/sets/7664-1,28.8,48.0,6.0,5702014509221,673419094375,https://images.brickset.com/sets/small/7664-1.jpg,https://images.brickset.com/sets/images/7664-1.jpg
1,true,Box,3,2007,{Not specified},5934,7665,Star Wars,Normal,Episode I,919,2016-05-18T21:53:11.63Z,Republic Cruiser,2,5,Licensed,28,4.3,https://brickset.com/sets/7665-1,38.4,57.6,7.2,5702014509238,,https://images.brickset.com/sets/small/7665-1.jpg,https://images.brickset.com/sets/images/7665-1.jpg
1,true,Box,3,2007,{Not specified},5935,7666,Star Wars,Normal,Episode V,548,2016-05-18T21:54:49.43Z,Hoth Rebel Base,1,8,Licensed,33,3.9,https://brickset.com/sets/7666-1,28.8,48.0,7.2,5702014512801,673419096799,https://images.brickset.com/sets/small/7666-1.jpg,https://images.brickset.com/sets/images/7666-1.jpg
1,true,Box,5,2008,Retail,6212,7667,Star Wars,Normal,Miscellaneous,81,2023-10-04T21:39:35.14Z,Imperial Dropship,1,4,Licensed,64,4.0,https://brickset.com/sets/7667-1,14.4,19.2,4.8,5702014517363,673419102582,https://images.brickset.com/sets/small/7667-1.jpg,https://images.brickset.com/sets/images/7667-1.jpg
1,true,Box,3,2008,{Not specified},6213,7668,Star Wars,Normal,Miscellaneous,82,2023-10-04T21:39:45.913Z,Rebel Scout Speeder,1,4,Licensed,60,4.0,https://brickset.com/sets/7668-1,14.4,19.2,4.8,5702014517370,673419102599,https://images.brickset.com/sets/small/7668-1.jpg,https://images.brickset.com/sets/images/7668-1.jpg
1,true,Box,4,2008,{Not specified},6214,7669,Star Wars,Normal,The Clone Wars,153,2019-09-28T19:50:11.44Z,Anakin's Jedi Starfighter,1,2,Licensed,49,3.8,https://brickset.com/sets/7669-1,28.8,28.8,4.8,5702014517387,673419102605,https://images.brickset.com/sets/small/7669-1.jpg,https://images.brickset.com/sets/images/7669-1.jpg
1,true,Box,5,2008,{Not specified},6215,7670,Star Wars,Normal,The Clone Wars,249,2016-05-18T21:57:40.743Z,Hailfire Droid & Spider Droid,1,5,Licensed,49,3.9,https://brickset.com/sets/7670-1,28.8,28.8,4.8,5702014517394,673419102612,https://images.brickset.com/sets/small/7670-1.jpg,https://images.brickset.com/sets/images/7670-1.jpg
1,true,Box,3,2008,{Not specified},6216,7671,Star Wars,Normal,Episode III,392,2016-05-18T21:57:10.777Z,AT-AP Walker,1,2,Licensed,35,4.1,https://brickset.com/sets/7671-1,28.8,43.2,6.0,,673419102629,https://images.brickset.com/sets/small/7671-1.jpg,https://images.brickset.com/sets/images/7671-1.jpg
1,true,Box,5,2008,Retail,6217,7672,Star Wars,Normal,The Force Unleashed,482,2023-09-24T05:43:10.447Z,Rogue Shadow,2,3,Licensed,35,4.0,https://brickset.com/sets/7672-1,28.8,48.0,7.2,,673419102636,https://images.brickset.com/sets/small/7672-1.jpg,https://images.brickset.com/sets/images/7672-1.jpg
1,true,Box,4,2008,{Not specified},6377,7673,Star Wars,Normal,The Clone Wars,431,2019-09-29T03:38:03.67Z,Magna Guard Starfighter,1,2,Licensed,22,3.7,https://brickset.com/sets/7673-1,28.8,43.2,7.2,,673419102667,https://images.brickset.com/sets/small/7673-1.jpg,https://images.brickset.com/sets/images/7673-1.jpg
1,true,Box,5,2008,{Not specified},6378,7674,Star Wars,Normal,The Clone Wars,471,2016-05-18T21:56:31.447Z,V-19 Torrent,2,1,Licensed,29,4.0,https://brickset.com/sets/7674-1,28.8,48.0,7.2,5702014517448,673419102674,https://images.brickset.com/sets/small/7674-1.jpg,https://images.brickset.com/sets/images/7674-1.jpg
1,true,Box,6,2008,{Not specified},6379,7675,Star Wars,Normal,The Clone Wars,798,2019-09-29T20:51:05.453Z,AT-TE Walker,2,6,Licensed,45,4.4,https://brickset.com/sets/7675-1,38.4,48.0,9.6,,673419102681,https://images.brickset.com/sets/small/7675-1.jpg,https://images.brickset.com/sets/images/7675-1.jpg
1,true,Box,5,2008,Retail,6380,7676,Star Wars,Normal,The Clone Wars,1034,2021-07-14T22:56:21.21Z,Republic Attack Gunship,2,7,Licensed,70,4.5,https://brickset.com/sets/7676-1,38.4,65.2,9.6,5702014517462,673419102698,https://images.brickset.com/sets/small/7676-1.jpg,https://images.brickset.com/sets/images/7676-1.jpg
1,true,Box,4,2008,Retail,6381,7678,Star Wars,Normal,The Clone Wars,329,2019-10-03T20:46:58.89Z,Droid Gunship,1,3,Licensed,13,3.8,https://brickset.com/sets/7678-1,28.8,38.4,6.0,,673419102704,https://images.brickset.com/sets/small/7678-1.jpg,https://images.brickset.com/sets/images/7678-1.jpg
1,true,Box,4,2008,{Not specified},6382,7679,Star Wars,Normal,The Clone Wars,592,2016-05-18T21:53:59.443Z,Republic Fighter Tank,1,2,Licensed,28,4.4,https://brickset.com/sets/7679-1,28.8,48.0,7.2,,673419102711,https://images.brickset.com/sets/small/7679-1.jpg,https://images.brickset.com/sets/images/7679-1.jpg
1,true,Box,5,2008,{Not specified},6420,7680,Star Wars,Normal,The Clone Wars,882,2016-05-18T21:53:22.873Z,The Twilight,2,4,Licensed,9,3.9,https://brickset.com/sets/7680-1,38.4,57.6,9.6,,673419102728,https://images.brickset.com/sets/small/7680-1.jpg,https://images.brickset.com/sets/images/7680-1.jpg
1,true,Box,5,2008,{Not specified},6421,7681,Star Wars,Normal,The Clone Wars,206,2016-05-18T21:58:14.987Z,Separatist Spider Droid,1,5,Licensed,47,3.8,https://brickset.com/sets/7681-1,28.8,28.8,6.0,,673419105729,https://images.brickset.com/sets/small/7681-1.jpg,https://images.brickset.com/sets/images/7681-1.jpg
1,true,Box,6,2009,{Not specified},6934,7748,Star Wars,Normal,The Clone Wars,216,2016-05-18T13:58:18.84Z,Corporate Alliance Tank Droid,1,4,Licensed,37,3.8,https://brickset.com/sets/7748-1,26.2,28.2,4.6,5702014537194,673419113298,https://images.brickset.com/sets/small/7748-1.jpg,https://images.brickset.com/sets/images/7748-1.jpg
1,true,Box,6,2009,{Not specified},6935,7749,Star Wars,Normal,Episode V,155,2016-05-18T14:10:13.77Z,Echo Base,1,5,Licensed,57,3.9,https://brickset.com/sets/7749-1,26.2,28.2,6.4,5702014537200,673419113304,https://images.brickset.com/sets/small/7749-1.jpg,https://images.brickset.com/sets/images/7749-1.jpg
1,true,Box,6,2009,Retail,6893,7751,Star Wars,Normal,The Clone Wars,291,2018-01-23T16:13:01.45Z,Ahsoka's Starfighter and Vulture Droid,1,4,Licensed,14,4.1,https://brickset.com/sets/7751-1,26.2,38.2,5.7,,673419111713,https://images.brickset.com/sets/small/7751-1.jpg,https://images.brickset.com/sets/images/7751-1.jpg
1,true,Box,5,2009,Retail,6951,7752,Star Wars,Normal,The Clone Wars,385,2008-12-24T21:20:03.403Z,Count Dooku's Solar Sailer,1,4,Licensed,19,3.7,https://brickset.com/sets/7752-1,28.2,48.0,7.4,,673419111737,https://images.brickset.com/sets/small/7752-1.jpg,https://images.brickset.com/sets/images/7752-1.jpg
1,true,Box,7,2009,Retail,6969,7753,Star Wars,Normal,The Clone Wars,372,2009-04-25T03:25:20.2Z,Pirate Tank,1,3,Licensed,11,3.8,https://brickset.com/sets/7753-1,26.2,38.2,5.7,,673419111843,https://images.brickset.com/sets/small/7753-1.jpg,https://images.brickset.com/sets/images/7753-1.jpg
1,true,Box,7,2009,Retail,6970,7754,Star Wars,Normal,Episode VI,789,2015-10-13T20:26:21.497Z,Home One Mon Calamari Star Cruiser,2,6,Licensed,14,4.1,https://brickset.com/sets/7754-1,37.8,58.2,8.7,5702014533325,673419111867,https://images.brickset.com/sets/small/7754-1.jpg,https://images.brickset.com/sets/images/7754-1.jpg
1,true,Box,3,2009,Retail,6936,7778,Star Wars,Normal,Episode IV,356,2023-03-03T10:10:38.157Z,Midi-scale Millennium Falcon,1,0,Licensed,16,4.0,https://brickset.com/sets/7778-1,26.2,38.2,7.1,,673419114042,https://images.brickset.com/sets/small/7778-1.jpg,https://images.brickset.com/sets/images/7778-1.jpg
1,true,Box,14,2011,Retail,8316,7868,Star Wars,Normal,The Clone Wars,309,2021-08-31T15:42:27.713Z,Mace Windu's Jedi Starfighter,2,5,Licensed,8,3.9,https://brickset.com/sets/7868-1,26.2,38.2,4.7,5702014734319,673419144551,https://images.brickset.com/sets/small/7868-1.jpg,https://images.brickset.com/sets/images/7868-1.jpg
1,true,Box,11,2011,Retail,8317,7869,Star Wars,Normal,The Clone Wars,331,2013-06-28T11:25:34.217Z,Battle for Geonosis,2,5,Licensed,10,4.0,https://brickset.com/sets/7869-1,26.2,38.2,5.7,5702014734326,673419144568,https://images.brickset.com/sets/small/7869-1.jpg,https://images.brickset.com/sets/images/7869-1.jpg
1,true,Box,14,2011,Retail,8583,7877,Star Wars,Normal,Episode I,318,2013-06-28T11:26:05.07Z,Naboo Starfighter,2,6,Licensed,4,3.9,https://brickset.com/sets/7877-1,26.2,38.2,5.7,5702014736870,,https://images.brickset.com/sets/small/7877-1.jpg,https://images.brickset.com/sets/images/7877-1.jpg
1,true,Box,15,2011,Retail,8584,7879,Star Wars,Normal,Episode V,773,2015-10-20T18:05:23.83Z,Hoth Echo Base,4,8,Licensed,7,3.9,https://brickset.com/sets/7879-1,37.8,48.0,7.1,5702014736887,,https://images.brickset.com/sets/small/7879-1.jpg,https://images.brickset.com/sets/images/7879-1.jpg
1,true,Box,11,2011,Retail,8318,7913,Star Wars,Normal,The Clone Wars,85,2021-09-15T20:04:47.857Z,Clone Trooper Battle Pack,1,4,Licensed,32,4.0,https://brickset.com/sets/7913-1,14.1,19.1,4.6,5702014734258,673419144490,https://images.brickset.com/sets/small/7913-1.jpg,https://images.brickset.com/sets/images/7913-1.jpg
1,true,Box,13,2011,Retail,8319,7914,Star Wars,Normal,The Clone Wars,68,2010-12-23T03:26:36.607Z,Mandalorian Battle Pack,1,4,Licensed,32,3.9,https://brickset.com/sets/7914-1,14.1,19.1,4.6,5702014734265,673419144506,https://images.brickset.com/sets/small/7914-1.jpg,https://images.brickset.com/sets/images/7914-1.jpg
1,true,Box,11,2011,Retail,8320,7915,Star Wars,Normal,Episode III,139,2023-02-20T11:18:47.15Z,Imperial V-wing Starfighter,2,2,Licensed,22,3.7,https://brickset.com/sets/7915-1,26.19,28.19,4.6,5702014734272,673419144513,https://images.brickset.com/sets/small/7915-1.jpg,https://images.brickset.com/sets/images/7915-1.jpg
1,true,Box,13,2011,Retail,8229,7929,Star Wars,Normal,Episode I,241,2010-12-22T23:09:03.277Z,The Battle of Naboo,4,12,Licensed,25,3.8,https://brickset.com/sets/7929-1,26.19,28.19,4.6,5702014734289,673419144520,https://images.brickset.com/sets/small/7929-1.jpg,https://images.brickset.com/sets/images/7929-1.jpg
1,true,Box,15,2011,Retail,8332,7930,Star Wars,Normal,The Clone Wars,389,2010-12-23T03:25:07.767Z,Bounty Hunter Assault Gunship,2,4,Licensed,8,3.9,https://brickset.com/sets/7930-1,28.19,48.01,6.1,5702014734296,673419144537,https://images.brickset.com/sets/small/7930-1.jpg,https://images.brickset.com/sets/images/7930-1.jpg
1,true,Box,11,2011,Retail,8333,7931,Star Wars,Normal,The Clone Wars,389,2010-12-23T03:24:55.11Z,T-6 Jedi Shuttle,2,4,Licensed,14,3.8,https://brickset.com/sets/7931-1,37.8,35.41,7.06,5702014734302,673419144544,https://images.brickset.com/sets/small/7931-1.jpg,https://images.brickset.com/sets/images/7931-1.jpg
1,true,Box,13,2011,Retail,8585,7956,Star Wars,Normal,Episode VI,166,2015-10-13T20:24:44.057Z,Ewok Attack,2,3,Licensed,18,3.7,https://brickset.com/sets/7956-1,26.19,28.19,4.6,5702014736894,673419145848,https://images.brickset.com/sets/small/7956-1.jpg,https://images.brickset.com/sets/images/7956-1.jpg
1,true,Box,12,2011,Retail,8586,7957,Star Wars,Normal,The Clone Wars,214,2020-04-03T17:53:26.733Z,Sith Nightspeeder,2,3,Licensed,5,3.5,https://brickset.com/sets/7957-1,26.19,28.19,4.6,5702014736900,673419145855,https://images.brickset.com/sets/small/7957-1.jpg,https://images.brickset.com/sets/images/7957-1.jpg
1,true,Box,13,2011,Retail,8587,7958,Star Wars,Normal,Seasonal,266,2023-07-13T12:15:53.33Z,LEGO Star Wars Advent Calendar,2,9,Licensed,8,3.6,https://brickset.com/sets/7958-1,26.2,38.2,7.1,5702014734418,673419144650,https://images.brickset.com/sets/small/7958-1.jpg,https://images.brickset.com/sets/images/7958-1.jpg
1,true,Box,11,2011,Retail,8588,7959,Star Wars,Normal,The Clone Wars,155,2011-02-13T10:44:09.517Z,Geonosian Starfighter,2,3,Licensed,11,3.9,https://brickset.com/sets/7959-1,19.1,35.41,5.89,5702014736917,673419145862,https://images.brickset.com/sets/small/7959-1.jpg,https://images.brickset.com/sets/images/7959-1.jpg
1,true,Box,13,2011,Retail,8589,7961,Star Wars,Normal,Episode I,479,2011-02-13T10:44:12.06Z,Darth Maul's Sith Infiltrator,4,4,Licensed,9,3.7,https://brickset.com/sets/7961-1,28.19,54.0,5.89,5702014736924,673419145879,https://images.brickset.com/sets/small/7961-1.jpg,https://images.brickset.com/sets/images/7961-1.jpg
1,true,Box,14,2011,Retail,8590,7962,Star Wars,Normal,Episode I,810,2011-02-13T10:44:12.703Z,Anakin Skywalker and Sebulba's Podracers,2,5,Licensed,10,4.1,https://brickset.com/sets/7962-1,37.8,48.01,7.06,5702014736931,673419145886,https://images.brickset.com/sets/small/7962-1.jpg,https://images.brickset.com/sets/images/7962-1.jpg
1,true,Box,15,2011,Retail,8591,7964,Star Wars,Normal,The Clone Wars,1015,2011-02-13T10:44:15.193Z,Republic Frigate,4,5,Licensed,8,4.3,https://brickset.com/sets/7964-1,37.8,58.19,8.71,5702014736948,673419145893,https://images.brickset.com/sets/small/7964-1.jpg,https://images.brickset.com/sets/images/7964-1.jpg
1,true,Box,13,2011,Retail,8592,7965,Star Wars,Normal,Episode IV,1254,2015-10-13T20:24:54.32Z,Millennium Falcon,4,6,Licensed,30,4.2,https://brickset.com/sets/7965-1,37.8,58.2,8.7,5702014736955,673419145909,https://images.brickset.com/sets/small/7965-1.jpg,https://images.brickset.com/sets/images/7965-1.jpg
1,true,Box,0,2000,Retail,4082,8000,Star Wars,Normal,Technic,223,2007-09-28T22:02:26Z,Pit Droid,1,0,Licensed,6,3.6,https://brickset.com/sets/8000-1,24.0,14.4,7.2,,042884080006,https://images.brickset.com/sets/small/8000-1.jpg,https://images.brickset.com/sets/images/8000-1.jpg
1,true,Box,0,2000,Retail,4083,8001,Star Wars,Normal,Technic,363,2007-09-28T22:03:12Z,Battle Droid,1,0,Licensed,6,3.8,https://brickset.com/sets/8001-1,24.0,28.8,4.8,,042884080013,https://images.brickset.com/sets/small/8001-1.jpg,https://images.brickset.com/sets/images/8001-1.jpg
1,true,Box,0,2000,Retail,4084,8002,Star Wars,Normal,Technic,558,2007-09-28T22:03:53Z,Destroyer Droid,1,0,Licensed,11,4.2,https://brickset.com/sets/8002-1,28.8,28.8,7.2,,042884080020,https://images.brickset.com/sets/small/8002-1.jpg,https://images.brickset.com/sets/images/8002-1.jpg
1,true,Box,0,2001,Retail,4089,8007,Star Wars,Normal,Technic,341,2007-09-28T22:05:54Z,C-3PO,1,0,Licensed,3,3.5,https://brickset.com/sets/8007-1,33.6,24.0,6.0,5702012014246,,https://images.brickset.com/sets/small/8007-1.jpg,https://images.brickset.com/sets/images/8007-1.jpg
1,true,Box,0,2001,Retail,4090,8008,Star Wars,Normal,Technic,361,2007-09-28T22:06:30Z,Stormtrooper,1,0,Licensed,3,3.5,https://brickset.com/sets/8008-1,33.6,24.0,6.0,5702012014253,,https://images.brickset.com/sets/small/8008-1.jpg,https://images.brickset.com/sets/images/8008-1.jpg
1,true,Box,0,2002,Retail,4091,8009,Star Wars,Normal,Technic,240,2007-09-28T22:06:57Z,R2-D2,1,0,Licensed,4,3.5,https://brickset.com/sets/8009-1,28.8,19.2,4.8,,673419010351,https://images.brickset.com/sets/small/8009-1.jpg,https://images.brickset.com/sets/images/8009-1.jpg
1,true,Box,0,2002,Retail,4094,8010,Star Wars,Normal,Technic,391,2007-09-28T22:07:11Z,Darth Vader,1,0,Licensed,4,3.8,https://brickset.com/sets/8010-1,38.4,28.8,7.2,,673419010368,https://images.brickset.com/sets/small/8010-1.jpg,https://images.brickset.com/sets/images/8010-1.jpg
1,true,Box,0,2002,Retail,4095,8011,Star Wars,Normal,Technic,422,2007-09-28T22:07:23Z,Jango Fett,1,0,Licensed,6,3.8,https://brickset.com/sets/8011-1,28.8,24.0,6.0,5702014151871,,https://images.brickset.com/sets/small/8011-1.jpg,https://images.brickset.com/sets/images/8011-1.jpg
1,true,Box,0,2002,Retail,4096,8012,Star Wars,Normal,Technic,379,2007-09-28T22:07:34Z,Super Battle Droid,1,0,Licensed,4,3.7,https://brickset.com/sets/8012-1,33.6,24.0,4.8,5702014151888,673419010344,https://images.brickset.com/sets/small/8012-1.jpg,https://images.brickset.com/sets/images/8012-1.jpg
1,true,Box,4,2009,{Not specified},6790,8014,Star Wars,Normal,The Clone Wars,72,2016-05-18T14:15:44.377Z,Clone Walker Battle Pack,1,4,Licensed,85,4.2,https://brickset.com/sets/8014-1,14.1,19.1,4.6,5702014533202,673419111744,https://images.brickset.com/sets/small/8014-1.jpg,https://images.brickset.com/sets/images/8014-1.jpg
1,true,Box,3,2009,{Not specified},6791,8015,Star Wars,Normal,The Clone Wars,94,2016-05-18T14:14:38.497Z,Assassin Droids Battle Pack,1,5,Licensed,35,3.4,https://brickset.com/sets/8015-1,14.1,19.1,4.6,5702014533226,673419111768,https://images.brickset.com/sets/small/8015-1.jpg,https://images.brickset.com/sets/images/8015-1.jpg
1,true,Box,3,2009,{Not specified},6792,8016,Star Wars,Normal,The Clone Wars,232,2016-05-18T13:56:39.057Z,Hyena Droid Bomber,1,3,Licensed,34,3.5,https://brickset.com/sets/8016-1,26.2,28.2,6.4,5702014533240,673419111782,https://images.brickset.com/sets/small/8016-1.jpg,https://images.brickset.com/sets/images/8016-1.jpg
1,true,Box,3,2009,{Not specified},6793,8017,Star Wars,Normal,Episode IV,251,2016-05-18T13:55:45.56Z,Darth Vader's TIE Fighter,1,1,Licensed,51,4.1,https://brickset.com/sets/8017-1,26.2,38.2,7.05,5702014533257,673419111799,https://images.brickset.com/sets/small/8017-1.jpg,https://images.brickset.com/sets/images/8017-1.jpg
1,true,Box,3,2009,{Not specified},6794,8018,Star Wars,Normal,The Clone Wars,407,2016-05-18T13:43:38.097Z,Armored Assault Tank (AAT),1,7,Licensed,47,4.2,https://brickset.com/sets/8018-1,28.2,48.01,6.1,,673419111812,https://images.brickset.com/sets/small/8018-1.jpg,https://images.brickset.com/sets/images/8018-1.jpg
1,true,Box,3,2009,{Not specified},6795,8019,Star Wars,Normal,The Clone Wars,636,2016-05-18T13:32:14.973Z,Republic Attack Shuttle,2,3,Licensed,36,4.0,https://brickset.com/sets/8019-1,28.2,54.0,7.85,,673419111829,https://images.brickset.com/sets/small/8019-1.jpg,https://images.brickset.com/sets/images/8019-1.jpg
1,true,Polybag,1,2008,Promotional,6498,8028,Star Wars,Normal,,44,2026-03-04T08:44:10.55Z,TIE Fighter,4,0,Licensed,9,3.4,https://brickset.com/sets/8028-1,14.0,14.0,1.2,5702014955295,673419153782,https://images.brickset.com/sets/small/8028-1.jpg,https://images.brickset.com/sets/images/8028-1.jpg
1,false,{Not specified},0,2008,{Not specified},6497,8029,Star Wars,Normal,Episode V,66,2016-04-24T23:35:09.857Z,Mini Snowspeeder,0,0,Licensed,1,3.8,https://brickset.com/sets/8029-1,0.0,0.0,0.0,,,https://images.brickset.com/sets/small/8029-1.jpg,https://images.brickset.com/sets/images/8029-1.jpg
1,true,Polybag,1,2008,Promotional,6596,8031,Star Wars,Normal,The Clone Wars,66,2016-04-24T23:35:39.3Z,V-19 Torrent,1,0,Licensed,8,3.9,https://brickset.com/sets/8031-1,17.0,17.0,1.0,5702014522671,673419104524,https://images.brickset.com/sets/small/8031-1.jpg,https://images.brickset.com/sets/images/8031-1.jpg
1,true,Polybag,0,2009,Promotional,7030,8033,Star Wars,Normal,The Clone Wars,44,2016-04-24T23:35:53.663Z,General Grievous' Starfighter,1,0,Licensed,7,3.4,https://brickset.com/sets/8033-1,14.0,17.0,0.0,5702014534766,673419132725,https://images.brickset.com/sets/small/8033-1.jpg,https://images.brickset.com/sets/images/8033-1.jpg
1,true,Box,6,2009,{Not specified},6937,8036,Star Wars,Normal,The Clone Wars,259,2016-05-18T13:55:33.09Z,Separatist Shuttle,1,5,Licensed,24,3.9,https://brickset.com/sets/8036-1,26.2,38.2,5.65,,673419111874,https://images.brickset.com/sets/small/8036-1.jpg,https://images.brickset.com/sets/images/8036-1.jpg
1,true,Box,6,2009,{Not specified},6938,8037,Star Wars,Normal,The Clone Wars,570,2020-05-15T21:31:34.803Z,Anakin's Y-wing Starfighter,1,3,Licensed,24,4.1,https://brickset.com/sets/8037-1,28.2,54.0,7.85,5702014533356,673419111898,https://images.brickset.com/sets/small/8037-1.jpg,https://images.brickset.com/sets/images/8037-1.jpg
1,true,Box,15,2009,Retail,6939,8038,Star Wars,Normal,Episode VI,890,2015-10-13T20:26:56.53Z,The Battle of Endor,2,12,Licensed,38,4.3,https://brickset.com/sets/8038-1,37.8,58.2,8.7,5702014533363,673419111904,https://images.brickset.com/sets/small/8038-1.jpg,https://images.brickset.com/sets/images/8038-1.jpg
1,true,Box,16,2009,{Not specified},6940,8039,Star Wars,Normal,The Clone Wars,1170,2023-09-12T09:53:10.873Z,Venator-class Republic Attack Cruiser,2,5,Licensed,22,4.1,https://brickset.com/sets/8039-1,37.8,58.2,8.7,5702014533370,673419111911,https://images.brickset.com/sets/small/8039-1.jpg,https://images.brickset.com/sets/images/8039-1.jpg
1,true,Box,10,2010,{Not specified},7208,8083,Star Wars,Normal,Episode V,79,2016-05-18T14:15:07.34Z,Rebel Trooper Battle Pack,1,4,Licensed,47,3.7,https://brickset.com/sets/8083-1,14.1,19.1,4.6,5702014601222,673419129008,https://images.brickset.com/sets/small/8083-1.jpg,https://images.brickset.com/sets/images/8083-1.jpg
1,true,Box,9,2010,{Not specified},7206,8084,Star Wars,Normal,Episode V,74,2016-05-18T14:15:24.887Z,Snowtrooper Battle Pack,1,4,Licensed,40,3.8,https://brickset.com/sets/8084-1,14.1,19.1,4.6,5702014601239,673419129015,https://images.brickset.com/sets/small/8084-1.jpg,https://images.brickset.com/sets/images/8084-1.jpg
1,true,Box,10,2010,{Not specified},7207,8085,Star Wars,Normal,The Clone Wars,177,2016-05-18T14:00:56.157Z,Freeco Speeder,2,2,Licensed,28,3.5,https://brickset.com/sets/8085-1,26.19,28.19,6.4,,673419129022,https://images.brickset.com/sets/small/8085-1.jpg,https://images.brickset.com/sets/images/8085-1.jpg
1,true,Box,10,2010,{Not specified},7209,8086,Star Wars,Normal,The Clone Wars,268,2016-05-18T13:55:18.94Z,Droid Tri-Fighter,2,3,Licensed,16,3.7,https://brickset.com/sets/8086-1,26.19,28.19,6.4,5702014601253,673419129039,https://images.brickset.com/sets/small/8086-1.jpg,https://images.brickset.com/sets/images/8086-1.jpg
1,true,Box,6,2010,{Not specified},7211,8087,Star Wars,Normal,Legends,304,2016-05-18T13:48:19.193Z,TIE Defender,2,2,Licensed,19,3.8,https://brickset.com/sets/8087-1,37.8,35.41,7.06,,673419129046,https://images.brickset.com/sets/small/8087-1.jpg,https://images.brickset.com/sets/images/8087-1.jpg
1,true,Box,13,2010,{Not specified},7212,8088,Star Wars,Normal,Episode III,396,2016-05-18T13:43:55.82Z,ARC-170 Starfighter,2,4,Licensed,39,4.2,https://brickset.com/sets/8088-1,28.19,54.0,5.89,5702014601277,673419129053,https://images.brickset.com/sets/small/8088-1.jpg,https://images.brickset.com/sets/images/8088-1.jpg
1,true,Box,13,2010,{Not specified},7576,8089,Star Wars,Normal,Episode V,297,2016-05-18T13:48:57.34Z,Hoth Wampa Cave,1,3,Licensed,36,3.9,https://brickset.com/sets/8089-1,26.19,38.2,5.64,5702014601284,673419129060,https://images.brickset.com/sets/small/8089-1.jpg,https://images.brickset.com/sets/images/8089-1.jpg
1,true,Box,12,2010,Retail,7570,8091,Star Wars,Normal,Episode III,176,2009-12-12T03:37:47.31Z,Republic Swamp Speeder,1,5,Licensed,26,3.8,https://brickset.com/sets/8091-1,26.2,38.2,5.7,5702014601291,673419129077,https://images.brickset.com/sets/small/8091-1.jpg,https://images.brickset.com/sets/images/8091-1.jpg
1,true,Box,9,2010,Retail,7213,8092,Star Wars,Normal,Episode IV,163,2015-10-13T20:25:39.283Z,Luke's Landspeeder,2,6,Licensed,45,3.9,https://brickset.com/sets/8092-1,26.2,28.2,4.6,5702014601307,673419129084,https://images.brickset.com/sets/small/8092-1.jpg,https://images.brickset.com/sets/images/8092-1.jpg
1,true,Box,11,2010,{Not specified},7577,8093,Star Wars,Normal,The Clone Wars,175,2016-05-18T14:01:39.077Z,Plo Koon's Jedi Starfighter,2,2,Licensed,18,3.9,https://brickset.com/sets/8093-1,26.19,28.19,6.4,,673419129091,https://images.brickset.com/sets/small/8093-1.jpg,https://images.brickset.com/sets/images/8093-1.jpg
1,true,Box,15,2010,Retail,7578,8095,Star Wars,Normal,The Clone Wars,454,2012-05-29T08:41:10.5Z,General Grievous' Starfighter,2,3,Licensed,20,4.1,https://brickset.com/sets/8095-1,28.19,48.01,6.1,,673419129107,https://images.brickset.com/sets/small/8095-1.jpg,https://images.brickset.com/sets/images/8095-1.jpg
1,true,Box,13,2010,{Not specified},7579,8096,Star Wars,Normal,Episode III,592,2016-05-18T13:32:54.957Z,Emperor Palpatine's Shuttle,4,4,Licensed,22,3.9,https://brickset.com/sets/8096-1,28.19,54.0,5.89,5702014601338,673419129114,https://images.brickset.com/sets/small/8096-1.jpg,https://images.brickset.com/sets/images/8096-1.jpg
1,true,Box,11,2010,{Not specified},7580,8097,Star Wars,Normal,Episode V,573,2016-05-18T13:33:59.903Z,Slave I,4,3,Licensed,29,4.2,https://brickset.com/sets/8097-1,37.8,48.01,7.06,5702014601345,673419129121,https://images.brickset.com/sets/small/8097-1.jpg,https://images.brickset.com/sets/images/8097-1.jpg
1,true,Box,15,2010,{Not specified},7581,8098,Star Wars,Normal,The Clone Wars,1141,2016-05-18T13:18:35.493Z,Clone Turbo Tank,4,6,Licensed,15,4.3,https://brickset.com/sets/8098-1,37.8,58.19,8.71,5702014601352,673419129138,https://images.brickset.com/sets/small/8098-1.jpg,https://images.brickset.com/sets/images/8098-1.jpg
1,true,Box,6,2010,Retail,7642,8099,Star Wars,Normal,Episode IV,423,2023-03-03T10:10:51.02Z,Midi-scale Imperial Star Destroyer,2,0,Licensed,10,4.0,https://brickset.com/sets/8099-1,26.2,38.2,5.7,5702014601369,673419129145,https://images.brickset.com/sets/small/8099-1.jpg,https://images.brickset.com/sets/images/8099-1.jpg
1,true,Box,11,2010,Retail,7721,8128,Star Wars,Normal,The Clone Wars,318,2025-07-21T21:27:36.587Z,Cad Bane's Speeder,2,5,Licensed,20,3.9,https://brickset.com/sets/8128-1,28.2,48.0,6.1,5702014601376,673419129152,https://images.brickset.com/sets/small/8128-1.jpg,https://images.brickset.com/sets/images/8128-1.jpg
1,true,Box,13,2010,Retail,7645,8129,Star Wars,Normal,Episode V,815,2020-07-03T05:28:57.177Z,AT-AT Walker,4,8,Licensed,9,4.3,https://brickset.com/sets/8129-1,37.8,58.2,8.7,5702014601383,,https://images.brickset.com/sets/small/8129-1.jpg,https://images.brickset.com/sets/images/8129-1.jpg
1,true,Box,7,2012,Retail,8883,9488,Star Wars,Normal,The Clone Wars,98,2011-10-15T07:00:14.44Z,Elite Clone Trooper & Commando Droid Battle Pack,2,4,Licensed,24,4.0,https://brickset.com/sets/9488-1,14.1,19.1,4.6,5702014840409,673419167567,https://images.brickset.com/sets/small/9488-1.jpg,https://images.brickset.com/sets/images/9488-1.jpg
1,true,Box,6,2012,Retail,8885,9489,Star Wars,Normal,Episode VI,77,2015-10-13T20:23:11.77Z,Endor Rebel Trooper & Imperial Trooper Battle Pack,2,4,Licensed,14,3.8,https://brickset.com/sets/9489-1,14.1,19.1,4.6,5702014840416,673419167574,https://images.brickset.com/sets/small/9489-1.jpg,https://images.brickset.com/sets/images/9489-1.jpg
1,true,Box,6,2012,Retail,8887,9490,Star Wars,Normal,Episode IV,137,2015-10-13T20:23:27.143Z,Droid Escape,2,4,Licensed,13,3.7,https://brickset.com/sets/9490-1,19.1,26.2,4.6,5702014840430,673419167581,https://images.brickset.com/sets/small/9490-1.jpg,https://images.brickset.com/sets/images/9490-1.jpg
1,true,Box,5,2012,Retail,8886,9491,Star Wars,Normal,The Clone Wars,132,2011-10-22T10:38:46.92Z,Geonosian Cannon,2,4,Licensed,8,3.7,https://brickset.com/sets/9491-1,19.1,26.2,4.6,5702014840447,673419167598,https://images.brickset.com/sets/small/9491-1.jpg,https://images.brickset.com/sets/images/9491-1.jpg
1,true,Box,5,2012,Retail,8797,9492,Star Wars,Normal,Episode IV,413,2015-10-13T20:23:38.81Z,TIE Fighter,2,4,Licensed,21,4.1,https://brickset.com/sets/9492-1,37.8,35.4,7.1,5702014840454,673419153782,https://images.brickset.com/sets/small/9492-1.jpg,https://images.brickset.com/sets/images/9492-1.jpg
1,true,Box,6,2012,Retail,8882,9493,Star Wars,Normal,Episode IV,560,2015-10-13T20:23:48.187Z,X-wing Starfighter,2,4,Licensed,19,4.1,https://brickset.com/sets/9493-1,28.2,48.0,7.4,5702014840898,673419167864,https://images.brickset.com/sets/small/9493-1.jpg,https://images.brickset.com/sets/images/9493-1.jpg
1,true,Box,8,2012,Retail - limited,9077,9494,Star Wars,Normal,Episode III,300,2014-03-05T10:53:31.697Z,Anakin's Jedi Interceptor,2,5,Licensed,9,4.1,https://brickset.com/sets/9494-1,26.2,38.2,4.7,5702014841086,,https://images.brickset.com/sets/small/9494-1.jpg,https://images.brickset.com/sets/images/9494-1.jpg
1,true,Box,6,2012,Retail - limited,9079,9495,Star Wars,Normal,Episode IV,458,2015-10-13T20:23:59.71Z,Gold Leader's Y-wing Starfighter,2,3,Licensed,9,4.1,https://brickset.com/sets/9495-1,28.2,48.0,6.1,5702014841093,673419168052,https://images.brickset.com/sets/small/9495-1.jpg,https://images.brickset.com/sets/images/9495-1.jpg
1,true,Box,7,2012,Retail,9206,9496,Star Wars,Normal,Episode VI,213,2015-10-13T20:24:10.09Z,Desert Skiff,2,4,Licensed,26,4.0,https://brickset.com/sets/9496-1,19.1,35.4,5.9,5702014840904,673419167871,https://images.brickset.com/sets/small/9496-1.jpg,https://images.brickset.com/sets/images/9496-1.jpg
1,true,Box,7,2012,Retail,9207,9497,Star Wars,Normal,The Old Republic,376,2012-08-20T08:08:41.24Z,Republic Striker-class Starfighter,2,3,Licensed,12,4.0,https://brickset.com/sets/9497-1,26.2,38.2,5.6,5702014840911,673419167888,https://images.brickset.com/sets/small/9497-1.jpg,https://images.brickset.com/sets/images/9497-1.jpg
1,true,Box,7,2012,Retail,9204,9498,Star Wars,Normal,The Clone Wars,244,2012-06-02T17:12:43.23Z,Saesee Tiin's Jedi Starfighter,4,3,Licensed,7,3.8,https://brickset.com/sets/9498-1,26.2,28.2,6.4,5702014840935,673419167901,https://images.brickset.com/sets/small/9498-1.jpg,https://images.brickset.com/sets/images/9498-1.jpg
1,true,Box,7,2012,Retail,9202,9499,Star Wars,Normal,Episode I,465,2012-06-02T17:13:24.66Z,Gungan Sub,4,4,Licensed,1,4.0,https://brickset.com/sets/9499-1,37.8,35.4,7.1,5702014840966,673419167932,https://images.brickset.com/sets/small/9499-1.jpg,https://images.brickset.com/sets/images/9499-1.jpg
1,true,Box,7,2012,Retail,9205,9500,Star Wars,Normal,The Old Republic,748,2022-05-13T02:10:48.11Z,Sith Fury-class Interceptor,4,3,Licensed,14,4.3,https://brickset.com/sets/9500-1,37.8,48.0,7.1,5702014841000,673419167970,https://images.brickset.com/sets/small/9500-1.jpg,https://images.brickset.com/sets/images/9500-1.jpg
1,true,Box,6,2012,Retail - limited,9208,9509,Star Wars,Normal,Seasonal,234,2023-07-13T12:15:12.51Z,LEGO Star Wars Advent Calendar,2,10,Licensed,2,3.6,https://brickset.com/sets/9509-1,26.19,38.2,7.06,5702014841031,673419167987,https://images.brickset.com/sets/small/9509-1.jpg,https://images.brickset.com/sets/images/9509-1.jpg
1,true,Box,8,2012,Retail,9201,9515,Star Wars,Normal,The Clone Wars,1101,2023-09-09T19:08:28.51Z,The Malevolence,4,6,Licensed,10,4.1,https://brickset.com/sets/9515-1,37.8,58.2,8.7,5702014841048,673419167994,https://images.brickset.com/sets/small/9515-1.jpg,https://images.brickset.com/sets/images/9515-1.jpg
1,true,Box,8,2012,Retail,9203,9516,Star Wars,Normal,Episode VI,717,2015-10-13T20:24:20.617Z,Jabba's Palace,4,9,Licensed,14,4.4,https://brickset.com/sets/9516-1,37.8,58.2,8.7,5702014841055,673419168007,https://images.brickset.com/sets/small/9516-1.jpg,https://images.brickset.com/sets/images/9516-1.jpg
1,true,Box,7,2012,Retail - limited,9265,9525,Star Wars,Normal,The Clone Wars,403,2013-06-28T11:40:02.59Z,Pre Vizsla's Mandalorian Fighter,4,3,Licensed,3,4.1,https://brickset.com/sets/9525-1,37.8,35.4,7.1,5702014841062,,https://images.brickset.com/sets/small/9525-1.jpg,https://images.brickset.com/sets/images/9525-1.jpg
1,true,Box,9,2012,Retail,9266,9526,Star Wars,Normal,Episode III,645,2012-06-02T17:19:31.98Z,Palpatine's Arrest,2,6,Licensed,4,4.4,https://brickset.com/sets/9526-1,28.2,54.0,7.9,5702014841079,,https://images.brickset.com/sets/small/9526-1.jpg,https://images.brickset.com/sets/images/9526-1.jpg
1,true,Other,4,2012,Retail,8962,9674,Star Wars,Normal,Planet Set,56,2019-08-26T03:51:22.2Z,Naboo Starfighter & Naboo,2,1,Licensed,8,3.4,https://brickset.com/sets/9674-1,19.1,14.1,8.79,5702014841109,673419168069,https://images.brickset.com/sets/small/9674-1.jpg,https://images.brickset.com/sets/images/9674-1.jpg
1,true,Other,4,2012,Retail,8964,9675,Star Wars,Normal,Planet Set,80,2011-11-20T14:29:28.067Z,Sebulba's Podracer & Tatooine,2,1,Licensed,8,3.5,https://brickset.com/sets/9675-1,19.1,14.1,8.79,5702014841116,673419168076,https://images.brickset.com/sets/small/9675-1.jpg,https://images.brickset.com/sets/images/9675-1.jpg
1,true,Other,4,2012,Retail,8963,9676,Star Wars,Normal,Planet Set,65,2019-08-26T04:21:21.437Z,TIE Interceptor & Death Star,2,1,Licensed,13,3.7,https://brickset.com/sets/9676-1,19.1,14.1,8.79,5702014841123,673419168083,https://images.brickset.com/sets/small/9676-1.jpg,https://images.brickset.com/sets/images/9676-1.jpg
1,true,Box,4,2012,Retail,9092,9677,Star Wars,Normal,Planet Set,77,2012-06-02T17:14:44.55Z,X-wing Starfighter & Yavin 4,2,1,Licensed,6,3.5,https://brickset.com/sets/9677-1,19.1,14.1,8.8,5702014841130,673419168090,https://images.brickset.com/sets/small/9677-1.jpg,https://images.brickset.com/sets/images/9677-1.jpg
1,true,Box,4,2012,Retail,9093,9678,Star Wars,Normal,Planet Set,78,2019-08-26T12:30:36.36Z,Twin-Pod Cloud Car & Bespin,2,1,Licensed,11,3.6,https://brickset.com/sets/9678-1,19.1,14.1,8.8,5702014841161,673419168106,https://images.brickset.com/sets/small/9678-1.jpg,https://images.brickset.com/sets/images/9678-1.jpg
1,true,Box,4,2012,Retail,9094,9679,Star Wars,Normal,Planet Set,65,2012-06-02T17:15:57.75Z,AT-ST & Endor,2,1,Licensed,8,3.6,https://brickset.com/sets/9679-1,19.1,14.1,8.8,5702014841215,673419168113,https://images.brickset.com/sets/small/9679-1.jpg,https://images.brickset.com/sets/images/9679-1.jpg
1,true,Box,1,2001,LEGO exclusive,21,10018,Star Wars,Normal,Ultimate Collector Series,1868,2023-11-14T21:42:06.003Z,Darth Maul,1,0,Licensed,4,4.0,https://brickset.com/sets/10018-1,48.0,57.6,11.4,5702014156845,,https://images.brickset.com/sets/small/10018-1.jpg,https://images.brickset.com/sets/images/10018-1.jpg
1,true,Box,3,2001,Retail - limited,22,10019,Star Wars,Normal,Ultimate Collector Series,1747,2014-11-19T18:30:19.83Z,Rebel Blockade Runner,1,0,Licensed,14,4.3,https://brickset.com/sets/10019-1,48.0,65.2,11.4,5702014156852,673419012683,https://images.brickset.com/sets/small/10019-1.jpg,https://images.brickset.com/sets/images/10019-1.jpg
1,true,Box,1,2002,LEGO exclusive,29,10026,Star Wars,Normal,Ultimate Collector Series,187,2023-02-05T11:16:30.227Z,Special Edition Naboo Starfighter,1,0,Licensed,6,4.0,https://brickset.com/sets/10026-1,28.8,28.8,6.0,,673419014335,https://images.brickset.com/sets/small/10026-1.jpg,https://images.brickset.com/sets/images/10026-1.jpg
1,true,Box,2,2002,LEGO exclusive,32,10030,Star Wars,Normal,Ultimate Collector Series,3096,2023-02-05T11:15:32.77Z,Imperial Star Destroyer,1,0,Licensed,35,4.4,https://brickset.com/sets/10030-1,51.0,59.3,21.2,,673419014472,https://images.brickset.com/sets/small/10030-1.jpg,https://images.brickset.com/sets/images/10030-1.jpg
1,true,Box,4,2003,LEGO exclusive,90,10123,Star Wars,Normal,Episode V,698,2015-10-13T20:34:27.693Z,Cloud City,1,7,Licensed,15,4.4,https://brickset.com/sets/10123-1,38.4,57.6,7.2,5702014367579,673419034746,https://images.brickset.com/sets/small/10123-1.jpg,https://images.brickset.com/sets/images/10123-1.jpg
1,true,Box,4,2003,Retail - limited,94,10129,Star Wars,Normal,Ultimate Collector Series,1457,2017-03-23T11:39:37.357Z,Rebel Snowspeeder,1,0,Licensed,6,4.1,https://brickset.com/sets/10129-1,38.4,57.6,9.6,5702014364936,,https://images.brickset.com/sets/small/10129-1.jpg,https://images.brickset.com/sets/images/10129-1.jpg
1,true,Box,3,2004,LEGO exclusive,95,10131,Star Wars,Normal,Legends,682,2023-02-05T11:12:31.257Z,TIE Fighter Collection,1,4,Licensed,9,4.0,https://brickset.com/sets/10131-1,38.4,57.6,9.6,5702014369344,,https://images.brickset.com/sets/small/10131-1.jpg,https://images.brickset.com/sets/images/10131-1.jpg
1,true,Box,3,2004,LEGO exclusive,98,10134,Star Wars,Normal,Ultimate Collector Series,1473,2023-02-05T11:13:29.723Z,Y-wing Attack Starfighter,1,1,Licensed,10,4.3,https://brickset.com/sets/10134-1,38.4,57.6,9.6,5702014369313,673419034890,https://images.brickset.com/sets/small/10134-1.jpg,https://images.brickset.com/sets/images/10134-1.jpg
1,true,Box,4,2005,LEGO exclusive,4799,10143,Star Wars,Normal,Ultimate Collector Series,3449,2024-04-05T00:16:53.407Z,Death Star II,1,0,Licensed,6,4.2,https://brickset.com/sets/10143-1,51.0,59.3,21.2,,673419057271,https://images.brickset.com/sets/small/10143-1.jpg,https://images.brickset.com/sets/images/10143-1.jpg
1,true,Box,5,2005,LEGO exclusive,4880,10144,Star Wars,Normal,Episode IV,1669,2023-02-05T11:11:50.3Z,Sandcrawler,1,11,Licensed,22,4.3,https://brickset.com/sets/10144-1,38.4,57.6,9.6,5702014426290,673419057288,https://images.brickset.com/sets/small/10144-1.jpg,https://images.brickset.com/sets/images/10144-1.jpg
1,true,Box,4,2006,LEGO exclusive,5483,10174,Star Wars,Normal,Ultimate Collector Series,1068,2025-09-19T15:12:06.513Z,Imperial AT-ST,3,0,Licensed,12,4.3,https://brickset.com/sets/10174-1,38.4,48.0,7.2,5702014478626,673419083058,https://images.brickset.com/sets/small/10174-1.jpg,https://images.brickset.com/sets/images/10174-1.jpg
1,true,Box,2,2006,LEGO exclusive,5535,10175,Star Wars,Normal,Ultimate Collector Series,1212,2023-02-05T11:10:24.797Z,Vader's TIE Advanced,2,0,Licensed,8,4.3,https://brickset.com/sets/10175-1,38.4,57.6,9.6,5702014478633,,https://images.brickset.com/sets/small/10175-1.jpg,https://images.brickset.com/sets/images/10175-1.jpg
1,true,Box,2,2007,LEGO exclusive,6111,10178,Star Wars,Normal,Episode V,1137,2023-02-05T11:05:47.743Z,Motorized Walking AT-AT,3,4,Licensed,27,4.4,https://brickset.com/sets/10178-1,38.4,57.6,7.2,,673419092869,https://images.brickset.com/sets/small/10178-1.jpg,https://images.brickset.com/sets/images/10178-1.jpg
1,true,Box,5,2007,LEGO exclusive,5860,10179,Star Wars,Normal,Ultimate Collector Series,5197,2019-07-03T22:14:57.957Z,Ultimate Collector's Millennium Falcon,1,5,Licensed,14,4.6,https://brickset.com/sets/10179-1,48.0,65.2,19.2,5702014499874,673419079419,https://images.brickset.com/sets/small/10179-1.jpg,https://images.brickset.com/sets/images/10179-1.jpg
1,true,Box,2,2008,LEGO exclusive,6528,10186,Star Wars,Normal,Ultimate Collector Series,1085,2023-02-05T11:01:15.233Z,General Grievous,2,0,Licensed,9,4.1,https://brickset.com/sets/10186-1,48.0,38.4,7.2,5702014517424,,https://images.brickset.com/sets/small/10186-1.jpg,https://images.brickset.com/sets/images/10186-1.jpg
1,true,Box,9,2008,LEGO exclusive,6522,10188,Star Wars,Normal,Ultimate Collector Series,3803,2025-09-08T12:09:00.453Z,Death Star,3,24,Licensed,29,4.4,https://brickset.com/sets/10188-1,50.1904,58.801,17.6022,,673419130578,https://images.brickset.com/sets/small/10188-1.jpg,https://images.brickset.com/sets/images/10188-1.jpg
1,true,Box,11,2009,LEGO exclusive,7086,10195,Star Wars,Normal,The Clone Wars,1758,2023-09-09T04:53:20.723Z,Republic Dropship with AT-OT,6,8,Licensed,21,4.4,https://brickset.com/sets/10195-1,48.0,58.2,9.1,,673419169110,https://images.brickset.com/sets/small/10195-1.jpg,https://images.brickset.com/sets/images/10195-1.jpg
1,true,Box,13,2009,LEGO exclusive,7127,10198,Star Wars,Normal,Episode IV,1408,2015-10-13T20:27:08.977Z,Tantive IV,2,5,Licensed,13,4.3,https://brickset.com/sets/10198-1,0.0,0.0,0.0,,673419121842,https://images.brickset.com/sets/small/10198-1.jpg,https://images.brickset.com/sets/images/10198-1.jpg
1,true,Box,27,2010,LEGO exclusive,7681,10212,Star Wars,Normal,Ultimate Collector Series,2503,2016-05-18T15:20:48.72Z,Imperial Shuttle,8,5,Licensed,18,4.4,https://brickset.com/sets/10212-1,48.0,58.2,9.1,,673419131261,https://images.brickset.com/sets/small/10212-1.jpg,https://images.brickset.com/sets/images/10212-1.jpg
1,true,Box,26,2010,LEGO exclusive,8075,10215,Star Wars,Normal,Ultimate Collector Series,676,2012-07-07T17:25:45.31Z,Obi-Wan's Jedi Starfighter,2,0,Licensed,5,4.1,https://brickset.com/sets/10215-1,37.8,48.0,7.1,,673419131278,https://images.brickset.com/sets/small/10215-1.jpg,https://images.brickset.com/sets/images/10215-1.jpg
1,true,Box,29,2011,LEGO exclusive,8733,10221,Star Wars,Normal,Ultimate Collector Series,3152,2026-08-26T14:38:28.437Z,Super Star Destroyer,1,5,Licensed,10,4.3,https://brickset.com/sets/10221-1,49.0,58.5,19.0,0673419169288,673419145701,https://images.brickset.com/sets/small/10221-1.jpg,https://images.brickset.com/sets/images/10221-1.jpg
1,true,Box,26,2012,LEGO exclusive,9286,10225,Star Wars,Normal,Ultimate Collector Series,2127,2012-01-16T01:56:08.927Z,R2-D2,6,1,Licensed,10,4.4,https://brickset.com/sets/10225-1,58.2,37.8,10.3,5702014846647,673419169103,https://images.brickset.com/sets/small/10225-1.jpg,https://images.brickset.com/sets/images/10225-1.jpg
1,true,Box,25,2012,LEGO exclusive,9288,10227,Star Wars,Normal,Ultimate Collector Series,1487,2021-09-25T19:41:49.487Z,B-wing Starfighter,6,0,Licensed,6,4.2,https://brickset.com/sets/10227-1,48.0,58.2,12.7,5702014846739,673419169189,https://images.brickset.com/sets/small/10227-1.jpg,https://images.brickset.com/sets/images/10227-1.jpg
1,true,Box,54,2013,LEGO exclusive,22807,10236,Star Wars,Normal,Ultimate Collector Series,1990,2016-04-14T19:47:28.033Z,Ewok Village,6,17,Licensed,5,4.5,https://brickset.com/sets/10236-1,48.006,58.1914,9.0932,5702014974777,,https://images.brickset.com/sets/small/10236-1.jpg,https://images.brickset.com/sets/images/10236-1.jpg
1,true,Box,21,2013,LEGO exclusive,22578,10240,Star Wars,Normal,Ultimate Collector Series,1559,2021-09-27T19:16:58.553Z,Red Five X-wing Starfighter,6,1,Licensed,6,4.3,https://brickset.com/sets/10240-1,37.7952,58.1914,8.7122,5702014975323,673419191869,https://images.brickset.com/sets/small/10240-1.jpg,https://images.brickset.com/sets/images/10240-1.jpg
1,true,Polybag,1,2013,{Not specified},22980,11905,Star Wars,Normal,Book Parts,189,2023-01-28T12:20:52.03Z,Brickmaster Star Wars: Battle for the Stolen Crystals parts,0,2,Licensed,1,3.5,https://brickset.com/sets/11905-1,0.0,0.0,0.0,,,https://images.brickset.com/sets/small/11905-1.jpg,https://images.brickset.com/sets/images/11905-1.jpg
1,true,Polybag,0,2016,Retail - limited,26411,11912,Star Wars,Normal,Book Parts,73,2023-11-22T09:14:10.577Z,LEGO Star Wars: Build Your Own Adventure parts,0,1,Licensed,1,3.4,https://brickset.com/sets/11912-1,0.0,0.0,0.0,,,https://images.brickset.com/sets/small/11912-1.jpg,https://images.brickset.com/sets/images/11912-1.jpg
1,true,Polybag,0,2019,{Not specified},29570,11920,Star Wars,Normal,Book Parts,66,2021-08-04T14:57:50.833Z,Star Wars: Build Your Own Adventure Galactic Missions parts,0,1,Licensed,1,4.0,https://brickset.com/sets/11920-1,0.0,0.0,0.0,5702016395419,,https://images.brickset.com/sets/small/11920-1.jpg,https://images.brickset.com/sets/images/11920-1.jpg
1,true,Polybag,0,2008,LEGO exclusive,6642,20006,Star Wars,Normal,The Clone Wars,64,2020-09-03T06:51:32.823Z,Clone Turbo Tank,0,0,Licensed,4,3.5,https://brickset.com/sets/20006-1,0.0,0.0,0.0,,673419109338,https://images.brickset.com/sets/small/20006-1.jpg,https://images.brickset.com/sets/images/20006-1.jpg
1,true,Polybag,0,2009,LEGO exclusive,6676,20007,Star Wars,Normal,The Clone Wars,84,2016-04-24T23:37:57.053Z,Republic Attack Cruiser,0,0,Licensed,6,3.8,https://brickset.com/sets/20007-1,0.0,0.0,0.0,,673419109345,https://images.brickset.com/sets/small/20007-1.jpg,https://images.brickset.com/sets/images/20007-1.jpg
1,true,Polybag,1,2009,LEGO exclusive,7180,20009,Star Wars,Normal,The Clone Wars,94,2016-04-24T23:37:36.85Z,AT-TE Walker,0,0,Licensed,3,3.8,https://brickset.com/sets/20009-1,0.0,0.0,0.0,,673419112949,https://images.brickset.com/sets/small/20009-1.jpg,https://images.brickset.com/sets/images/20009-1.jpg
1,true,Polybag,0,2009,LEGO exclusive,7132,20010,Star Wars,Normal,The Clone Wars,94,2020-07-29T21:03:45.26Z,Republic Gunship,1,0,Licensed,3,4.0,https://brickset.com/sets/20010-1,0.0,0.0,0.0,,673419112970,https://images.brickset.com/sets/small/20010-1.jpg,https://images.brickset.com/sets/images/20010-1.jpg
1,true,Polybag,0,2010,LEGO exclusive,7917,20016,Star Wars,Normal,Episode VI,70,2023-10-01T06:06:12.253Z,Imperial Shuttle,0,0,Licensed,2,3.6,https://brickset.com/sets/20016-1,0.0,0.0,0.0,,673419128933,https://images.brickset.com/sets/small/20016-1.jpg,https://images.brickset.com/sets/images/20016-1.jpg
1,true,Polybag,0,2010,LEGO exclusive,8101,20018,Star Wars,Normal,Episode V,83,2019-07-02T13:01:53.773Z,AT-AT Walker,0,0,Licensed,1,3.6,https://brickset.com/sets/20018-1,0.0,0.0,0.0,,673419128940,https://images.brickset.com/sets/small/20018-1.jpg,https://images.brickset.com/sets/images/20018-1.jpg
1,true,Polybag,0,2011,LEGO exclusive,8616,20019,Star Wars,Normal,Episode V,76,2016-04-24T23:38:48.46Z,Slave I,0,0,Licensed,6,3.8,https://brickset.com/sets/20019-1,0.0,0.0,0.0,,673419144575,https://images.brickset.com/sets/small/20019-1.jpg,https://images.brickset.com/sets/images/20019-1.jpg
1,true,Polybag,0,2011,LEGO exclusive,8726,20021,Star Wars,Normal,The Clone Wars,81,2016-04-24T23:39:10.583Z,Bounty Hunter Assault Gunship,0,0,Licensed,0,3.6,https://brickset.com/sets/20021-1,0.0,0.0,0.0,,673419144582,https://images.brickset.com/sets/small/20021-1.jpg,https://images.brickset.com/sets/images/20021-1.jpg
1,true,Polybag,0,2009,Promotional,7199,30004,Star Wars,Normal,The Clone Wars,28,2015-11-06T17:30:59.287Z,Battle Droid on STAP,0,1,Licensed,5,3.5,https://brickset.com/sets/30004-1,0.0,0.0,0.0,5702014596375,,https://images.brickset.com/sets/small/30004-1.jpg,https://images.brickset.com/sets/images/30004-1.jpg
1,true,Polybag,0,2009,Promotional,7230,30005,Star Wars,Normal,Episode VI,33,2020-08-11T09:44:24.48Z,Imperial Speeder Bike,0,1,Licensed,9,3.7,https://brickset.com/sets/30005-1,0.0,0.0,0.0,5702014596399,673419148665,https://images.brickset.com/sets/small/30005-1.jpg,https://images.brickset.com/sets/images/30005-1.jpg
1,true,Polybag,0,2009,Promotional,7231,30006,Star Wars,Normal,The Clone Wars,31,2020-08-05T01:28:55.087Z,Clone Walker,0,1,Licensed,10,3.8,https://brickset.com/sets/30006-1,0.0,0.0,0.0,5702014596412,,https://images.brickset.com/sets/small/30006-1.jpg,https://images.brickset.com/sets/images/30006-1.jpg
1,true,Polybag,0,2010,Retail - limited,7725,30050,Star Wars,Normal,The Clone Wars,54,2016-04-24T23:39:55.16Z,Republic Attack Shuttle,1,0,Licensed,4,3.7,https://brickset.com/sets/30050-1,17.0,17.0,1.0,,673419158442,https://images.brickset.com/sets/small/30050-1.jpg,https://images.brickset.com/sets/images/30050-1.jpg
1,true,Polybag,0,2010,Promotional,7726,30051,Star Wars,Normal,,61,2026-03-04T08:44:32.317Z,Mini X-wing,2,0,Licensed,7,3.7,https://brickset.com/sets/30051-1,17.0,17.0,1.0,5702014807419,673419140119,https://images.brickset.com/sets/small/30051-1.jpg,https://images.brickset.com/sets/images/30051-1.jpg
1,true,Polybag,0,2011,Promotional,8618,30052,Star Wars,Normal,Episode I,46,2019-09-22T12:04:50.57Z,AAT,0,0,Licensed,1,3.3,https://brickset.com/sets/30052-1,0.0,0.0,0.0,,673419164221,https://images.brickset.com/sets/small/30052-1.jpg,https://images.brickset.com/sets/images/30052-1.jpg
1,true,Polybag,0,2011,Promotional,8619,30053,Star Wars,Normal,The Clone Wars,41,2016-04-24T23:41:39.91Z,Republic Attack Cruiser,0,0,Licensed,7,3.5,https://brickset.com/sets/30053-1,0.0,0.0,0.0,5702014846951,673419158442,https://images.brickset.com/sets/small/30053-1.jpg,https://images.brickset.com/sets/images/30053-1.jpg
1,true,Polybag,0,2011,Promotional,8680,30054,Star Wars,Normal,Episode VI,46,2022-04-19T02:14:54.11Z,AT-ST,0,0,Licensed,3,3.7,https://brickset.com/sets/30054-1,0.0,0.0,0.0,5702014807426,673419153843,https://images.brickset.com/sets/small/30054-1.jpg,https://images.brickset.com/sets/images/30054-1.jpg
1,true,Polybag,0,2011,Promotional,8696,30055,Star Wars,Normal,Episode III,42,2023-09-12T22:05:46.87Z,Vulture Droid,1,0,Licensed,2,3.4,https://brickset.com/sets/30055-1,17.0,14.0,1.5,5702014846968,,https://images.brickset.com/sets/small/30055-1.jpg,https://images.brickset.com/sets/images/30055-1.jpg
1,true,Polybag,0,2012,Retail - limited,9219,30056,Star Wars,Normal,,38,2026-03-04T08:44:39.63Z,Star Destroyer,0,0,Licensed,4,3.6,https://brickset.com/sets/30056-1,0.0,0.0,0.0,5702014857438,673419182027,https://images.brickset.com/sets/small/30056-1.jpg,https://images.brickset.com/sets/images/30056-1.jpg
1,true,Polybag,0,2012,Promotional,9253,30057,Star Wars,Normal,Episode I,38,2019-05-02T18:00:40.34Z,Anakin's Podracer,0,0,Licensed,3,3.5,https://brickset.com/sets/30057-1,0.0,0.0,0.0,,673419178976,https://images.brickset.com/sets/small/30057-1.jpg,https://images.brickset.com/sets/images/30057-1.jpg
1,true,Polybag,0,2012,Retail - limited,9220,30058,Star Wars,Normal,Episode I,24,2016-04-24T23:45:14.843Z,STAP,0,1,Licensed,3,4.0,https://brickset.com/sets/30058-1,0.0,0.0,0.0,,673419182010,https://images.brickset.com/sets/small/30058-1.jpg,https://images.brickset.com/sets/images/30058-1.jpg
1,true,Polybag,0,2012,Retail - limited,9260,30059,Star Wars,Normal,The Clone Wars,51,2016-04-25T00:35:12.397Z,MTT,0,0,Licensed,2,3.6,https://brickset.com/sets/30059-1,0.0,0.0,0.0,5702014857476,673419181921,https://images.brickset.com/sets/small/30059-1.jpg,https://images.brickset.com/sets/images/30059-1.jpg
1,true,Polybag,0,2013,Retail - limited,10334,30240,Star Wars,Normal,The Clone Wars,54,2016-04-24T23:42:45.887Z,Z-95 Headhunter,2,0,Licensed,1,3.5,https://brickset.com/sets/30240-1,17.0,17.0,0.8,5702014966642,673419188135,https://images.brickset.com/sets/small/30240-1.jpg,https://images.brickset.com/sets/images/30240-1.jpg
1,true,Polybag,0,2013,Retail - limited,10335,30241,Star Wars,Normal,The Clone Wars,49,2016-04-24T23:46:19.27Z,Mandalorian Fighter,2,0,Licensed,1,3.5,https://brickset.com/sets/30241-1,17.0,17.0,0.8,5702014966659,673419188142,https://images.brickset.com/sets/small/30241-1.jpg,https://images.brickset.com/sets/images/30241-1.jpg
1,true,Polybag,2,2013,LEGO Gift with Purchase,10336,30242,Star Wars,Normal,The Clone Wars,45,2026-08-21T04:12:48.037Z,Republic Frigate,2,0,Licensed,1,3.8,https://brickset.com/sets/30242-1,17.0,17.0,0.7,5702014966666,673419189255,https://images.brickset.com/sets/small/30242-1.jpg,https://images.brickset.com/sets/images/30242-1.jpg
1,true,Polybag,0,2013,Retail - limited,10337,30243,Star Wars,Normal,The Clone Wars,49,2021-01-20T18:58:17.6Z,Umbaran MHC,2,0,Licensed,2,3.6,https://brickset.com/sets/30243-1,14.0,14.0,1.2,,673419189262,https://images.brickset.com/sets/small/30243-1.jpg,https://images.brickset.com/sets/images/30243-1.jpg
1,true,Polybag,0,2014,Retail - limited,23384,30244,Star Wars,Normal,Episode III,45,2016-04-24T23:44:11.14Z,Anakin's Jedi Interceptor,2,0,Licensed,2,3.7,https://brickset.com/sets/30244-1,19.5,17.0,1.0,5702015124997,,https://images.brickset.com/sets/small/30244-1.jpg,https://images.brickset.com/sets/images/30244-1.jpg
1,true,Polybag,0,2014,Retail - limited,23383,30246,Star Wars,Normal,Episode VI,57,2016-04-24T23:43:18.67Z,Imperial Shuttle,2,0,Licensed,3,3.4,https://brickset.com/sets/30246-1,19.5,17.0,0.9,5702015125000,,https://images.brickset.com/sets/small/30246-1.jpg,https://images.brickset.com/sets/images/30246-1.jpg
1,true,Polybag,0,2014,Retail - limited,23382,30247,Star Wars,Normal,Episode III,54,2016-04-24T23:44:28.52Z,ARC-170 Starfighter,2,0,Licensed,2,3.9,https://brickset.com/sets/30247-1,19.5,17.0,0.7,5702015125017,,https://images.brickset.com/sets/small/30247-1.jpg,https://images.brickset.com/sets/images/30247-1.jpg
1,true,Polybag,0,2015,Retail - limited,24081,30272,Star Wars,Normal,Episode VI,58,2023-04-01T09:03:38.043Z,A-wing Starfighter,2,0,Licensed,2,3.5,https://brickset.com/sets/30272-1,19.5,17.0,0.9,5702015357166,673419233781,https://images.brickset.com/sets/small/30272-1.jpg,https://images.brickset.com/sets/images/30272-1.jpg
1,true,Polybag,2,2015,Retail - limited,24082,30274,Star Wars,Normal,Rebels,65,2015-12-30T20:03:50.763Z,AT-DP,2,0,Licensed,5,3.5,https://brickset.com/sets/30274-1,19.5,17.0,0.8,5702015357470,673419233798,https://images.brickset.com/sets/small/30274-1.jpg,https://images.brickset.com/sets/images/30274-1.jpg
1,true,Polybag,0,2015,Promotional,24129,30275,Star Wars,Normal,Rebels,47,2015-11-24T21:03:36.937Z,TIE Advanced Prototype,2,0,Licensed,6,3.2,https://brickset.com/sets/30275-1,19.5,17.0,0.8,,673419233811,https://images.brickset.com/sets/small/30275-1.jpg,https://images.brickset.com/sets/images/30275-1.jpg
1,true,Polybag,0,2015,Retail - limited,24844,30276,Star Wars,Normal,Episode VII,41,2023-07-13T10:45:10.91Z,First Order Special Forces TIE Fighter,2,0,Licensed,5,3.6,https://brickset.com/sets/30276-1,19.5,17.0,0.8,,673419238175,https://images.brickset.com/sets/small/30276-1.jpg,https://images.brickset.com/sets/images/30276-1.jpg
1,true,Polybag,0,2016,Retail,25906,30277,Star Wars,Normal,Episode VII,56,2023-07-13T10:46:12.737Z,First Order Star Destroyer,2,0,Licensed,4,3.6,https://brickset.com/sets/30277-1,19.5,17.0,0.9,5702015608589,673419251181,https://images.brickset.com/sets/small/30277-1.jpg,https://images.brickset.com/sets/images/30277-1.jpg
1,true,Polybag,1,2016,Retail - limited,25599,30278,Star Wars,Normal,Episode VII,64,2023-07-13T10:46:21.217Z,Poe's X-wing Fighter,2,0,Licensed,5,3.5,https://brickset.com/sets/30278-1,19.5,17.0,0.7,5702015608596,673419251198,https://images.brickset.com/sets/small/30278-1.jpg,https://images.brickset.com/sets/images/30278-1.jpg
1,true,Polybag,0,2016,Promotional,25850,30279,Star Wars,Normal,Episode VII,43,2023-07-13T10:46:43.04Z,Kylo Ren's Command Shuttle,2,0,Licensed,3,3.2,https://brickset.com/sets/30279-1,19.5,17.0,0.8,5702015608602,673419251204,https://images.brickset.com/sets/small/30279-1.jpg,https://images.brickset.com/sets/images/30279-1.jpg
1,true,Polybag,0,2018,{Not specified},27668,30380,Star Wars,Normal,Episode VIII,33,2023-07-13T10:58:44.44Z,Kylo Ren's Shuttle,2,0,Licensed,5,3.4,https://brickset.com/sets/30380-1,17.0,17.0,0.8,5702016122077,673419284547,https://images.brickset.com/sets/small/30380-1.jpg,https://images.brickset.com/sets/images/30380-1.jpg
1,true,Polybag,0,2018,{Not specified},28012,30381,Star Wars,Normal,Solo,42,2018-06-08T05:31:31.653Z,Imperial TIE Fighter,2,0,Licensed,3,3.6,https://brickset.com/sets/30381-1,17.0,17.0,1.0,5702016122084,673419285650,https://images.brickset.com/sets/small/30381-1.jpg,https://images.brickset.com/sets/images/30381-1.jpg
1,true,Polybag,1,2019,{Not specified},29136,30383,Star Wars,Normal,Episode I,48,2019-09-07T01:19:15.22Z,Naboo Starfighter,2,0,Licensed,4,3.7,https://brickset.com/sets/30383-1,17.0,17.0,1.0,5702016376166,673419306034,https://images.brickset.com/sets/small/30383-1.jpg,https://images.brickset.com/sets/images/30383-1.jpg
1,true,Polybag,0,2019,Retail,29164,30384,Star Wars,Normal,Episode V,49,2019-03-13T08:18:57.747Z,Snowspeeder,2,0,Licensed,4,3.7,https://brickset.com/sets/30384-1,17.0,17.0,1.1,5702016376777,673419306041,https://images.brickset.com/sets/small/30384-1.jpg,https://images.brickset.com/sets/images/30384-1.jpg
1,true,Polybag,2,2020,{Not specified},29782,30386,Star Wars,Normal,Episode IX,72,2023-07-13T11:12:26.477Z,Poe Dameron's X-wing Fighter,2,0,Licensed,2,3.7,https://brickset.com/sets/30386-1,17.0,17.0,0.8,5702016667868,673419321990,https://images.brickset.com/sets/small/30386-1.jpg,https://images.brickset.com/sets/images/30386-1.jpg
1,true,Polybag,2,2021,LEGO exclusive,30880,30388,Star Wars,Normal,Episode VI,85,2021-09-09T14:35:10.103Z,Imperial Shuttle,2,0,Licensed,1,3.6,https://brickset.com/sets/30388-1,19.5,20.0,1.2,5702016912050,673419338981,https://images.brickset.com/sets/small/30388-1.jpg,https://images.brickset.com/sets/images/30388-1.jpg
1,true,Polybag,1,2019,{Not specified},29134,30461,Star Wars,Normal,Episode I,58,2020-03-09T11:34:11.733Z,Podracer,4,0,Licensed,3,3.4,https://brickset.com/sets/30461-1,19.5,17.0,0.7,5702016376784,673419306850,https://images.brickset.com/sets/small/30461-1.jpg,https://images.brickset.com/sets/images/30461-1.jpg
1,true,Polybag,1,2022,Retail,32273,30495,Star Wars,Normal,Episode V,79,2023-02-03T11:30:11.083Z,AT-ST,2,0,Licensed,2,3.2,https://brickset.com/sets/30495-1,17.0,17.0,1.7,,673419355124,https://images.brickset.com/sets/small/30495-1.jpg,https://images.brickset.com/sets/images/30495-1.jpg
1,true,Polybag,0,2017,{Not specified},26907,30496,Star Wars,Normal,Rogue One,55,2023-10-04T16:09:51.403Z,U-wing Fighter,2,0,Licensed,2,3.6,https://brickset.com/sets/30496-1,17.0,17.0,0.8,5702015877039,673419268806,https://images.brickset.com/sets/small/30496-1.jpg,https://images.brickset.com/sets/images/30496-1.jpg
1,true,Polybag,1,2017,Retail,27298,30497,Star Wars,Normal,Episode VIII,54,2023-07-13T10:59:22.183Z,First Order Heavy Assault Walker,2,0,Licensed,3,3.6,https://brickset.com/sets/30497-1,17.0,17.0,0.9,5702015877046,673419268813,https://images.brickset.com/sets/small/30497-1.jpg,https://images.brickset.com/sets/images/30497-1.jpg
1,true,Polybag,0,2018,{Not specified},28237,30498,Star Wars,Normal,Solo,49,2018-11-02T21:41:58.19Z,Imperial AT-Hauler,2,0,Licensed,2,3.1,https://brickset.com/sets/30498-1,17.0,17.0,0.8,5702016117561,673419284530,https://images.brickset.com/sets/small/30498-1.jpg,https://images.brickset.com/sets/images/30498-1.jpg
1,true,Polybag,2,2016,Promotional,26117,30602,Star Wars,Normal,Promotional,7,2025-04-15T18:16:37.007Z,First Order Stormtrooper,0,1,Licensed,1,3.5,https://brickset.com/sets/30602-1,0.0,0.0,0.0,5702015608763,673419251273,https://images.brickset.com/sets/small/30602-1.jpg,https://images.brickset.com/sets/images/30602-1.jpg
1,true,Polybag,0,2016,Promotional,25598,30605,Star Wars,Normal,Episode VII,5,2023-07-13T10:48:18.997Z,Finn (FN-2187),0,1,Licensed,2,3.7,https://brickset.com/sets/30605-1,0.0,0.0,0.0,5702015618113,673419252669,https://images.brickset.com/sets/small/30605-1.jpg,https://images.brickset.com/sets/images/30605-1.jpg
1,true,Polybag,1,2017,LEGO exclusive,26925,30611,Star Wars,Normal,Promotional,70,2025-04-15T18:15:42.383Z,R2-D2,2,0,Licensed,3,4.0,https://brickset.com/sets/30611-1,19.5,20.0,0.9,5702015890076,673419271158,https://images.brickset.com/sets/small/30611-1.jpg,https://images.brickset.com/sets/images/30611-1.jpg
1,true,Polybag,1,2019,LEGO exclusive,29388,30624,Star Wars,Normal,Episode IV,12,2022-10-01T05:30:29.7Z,Obi-Wan Kenobi - Collectable Minifigure,2,1,Licensed,2,3.9,https://brickset.com/sets/30624-1,14.0,14.0,0.6,5702016519402,673419312431,https://images.brickset.com/sets/small/30624-1.jpg,https://images.brickset.com/sets/images/30624-1.jpg
1,true,Polybag,1,2022,Promotional,30730,30625,Star Wars,Normal,Promotional,6,2023-10-04T09:54:52.56Z,Luke Skywalker with Blue Milk,0,1,Licensed,1,4.1,https://brickset.com/sets/30625-1,0.0,0.0,0.0,,,https://images.brickset.com/sets/small/30625-1.jpg,https://images.brickset.com/sets/images/30625-1.jpg
1,true,Polybag,1,2023,Retail,34399,30654,Star Wars,Normal,Episode VI,87,2023-10-01T05:28:40.537Z,X-wing Starfighter,2,0,Licensed,5,3.6,https://brickset.com/sets/30654-1,19.5,17.0,1.5,,673419377072,https://images.brickset.com/sets/small/30654-1.jpg,https://images.brickset.com/sets/images/30654-1.jpg
1,true,Polybag,2,2024,Retail - limited,48308,30680,Star Wars,Normal,Episode I,75,2026-08-06T23:19:40.58Z,AAT,2,0,Licensed,2,3.5,https://brickset.com/sets/30680-1,19.5,17.0,1.5,,673419390767,https://images.brickset.com/sets/small/30680-1.jpg,https://images.brickset.com/sets/images/30680-1.jpg
1,true,Polybag,2,2024,{Not specified},48316,30685,Star Wars,Normal,Episode VI,48,2024-10-12T09:29:54.61Z,TIE Interceptor,2,0,Licensed,0,3.8,https://brickset.com/sets/30685-1,19.5,17.0,1.5,,673419399654,https://images.brickset.com/sets/small/30685-1.jpg,https://images.brickset.com/sets/images/30685-1.jpg
1,true,Paper bag,4,2025,Retail - limited,50457,30708,Star Wars,Normal,Episode IV,74,2026-08-06T22:08:26.423Z,Millennium Falcon,2,0,Licensed,3,3.4,https://brickset.com/sets/30708-1,18.0,17.0,3.0,5702017819402,673419406871,https://images.brickset.com/sets/small/30708-1.jpg,https://images.brickset.com/sets/images/30708-1.jpg
1,true,Paper bag,2,2026,Retail - limited,51835,30727,Star Wars,Normal,Episode IV,68,2026-07-10T02:19:12.687Z,TIE Advanced,2,0,Licensed,1,3.4,https://brickset.com/sets/30727-1,18.0,17.0,3.0,5702018058114,,https://images.brickset.com/sets/small/30727-1.jpg,https://images.brickset.com/sets/images/30727-1.jpg
1,true,Paper bag,3,2026,Retail - limited,51931,30728,Star Wars,Normal,The Mandalorian and Grogu,74,2026-07-21T07:32:16.93Z,The Razor Crest,2,0,Licensed,2,3.9,https://brickset.com/sets/30728-1,18.0,17.0,3.0,5702018058121,,https://images.brickset.com/sets/small/30728-1.jpg,https://images.brickset.com/sets/images/30728-1.jpg
1,false,{Not specified},0,2027,{Not specified},53044,30749,Star Wars,Normal,,0,2026-07-10T05:27:34.667Z,{?},0,0,Licensed,0,0.0,https://brickset.com/sets/30749-1,0.0,0.0,0.0,,,,
1,false,{Not specified},0,2027,{Not specified},53237,30750,Star Wars,Normal,,0,2026-08-07T00:22:09.157Z,{?},0,0,Licensed,0,0.0,https://brickset.com/sets/30750-1,0.0,0.0,0.0,,,,
1,true,Polybag,1,2017,LEGO exclusive,27215,40176,Star Wars,Normal,Rogue One,25,2025-09-29T10:21:22.63Z,Scarif Stormtrooper,1,1,Licensed,2,4.0,https://brickset.com/sets/40176-1,14.0,14.0,0.9,,673419276368,https://images.brickset.com/sets/small/40176-1.jpg,https://images.brickset.com/sets/images/40176-1.jpg
1,true,Polybag,1,2017,Promotional,26944,40268,Star Wars,Normal,Rogue One,21,2017-10-29T23:16:56.61Z,R3-M2,2,1,Licensed,6,3.9,https://brickset.com/sets/40268-1,14.0,14.0,0.9,5702015879026,673419269179,https://images.brickset.com/sets/small/40268-1.jpg,https://images.brickset.com/sets/images/40268-1.jpg
1,true,Polybag,1,2018,LEGO exclusive,28031,40288,Star Wars,Normal,Promotional,48,2025-04-15T18:16:02.32Z,BB-8,2,0,Licensed,2,3.7,https://brickset.com/sets/40288-1,17.0,17.0,1.0,5702016122930,673419283847,https://images.brickset.com/sets/small/40288-1.jpg,https://images.brickset.com/sets/images/40288-1.jpg
1,true,Polybag,1,2018,Retail - limited,27770,40298,Star Wars,Normal,Episode VIII,22,2023-07-13T10:59:53.517Z,DJ,1,1,Licensed,4,3.4,https://brickset.com/sets/40298-1,14.0,14.0,0.8,,673419287388,https://images.brickset.com/sets/small/40298-1.jpg,https://images.brickset.com/sets/images/40298-1.jpg
1,true,Polybag,1,2018,{Not specified},28089,40299,Star Wars,Normal,Solo,22,2023-06-27T07:28:45.41Z,Kessel Mine Worker,1,1,Licensed,2,3.7,https://brickset.com/sets/40299-1,14.0,14.0,0.7,,673419287395,https://images.brickset.com/sets/small/40299-1.jpg,https://images.brickset.com/sets/images/40299-1.jpg
1,true,Polybag,1,2018,LEGO exclusive,28090,40300,Star Wars,Normal,Solo,22,2023-06-27T07:27:41.837Z,Han Solo Mudtrooper,1,1,Licensed,1,4.0,https://brickset.com/sets/40300-1,14.0,14.0,0.6,,673419294270,https://images.brickset.com/sets/small/40300-1.jpg,https://images.brickset.com/sets/images/40300-1.jpg
1,true,Box,5,2019,LEGO exclusive,29252,40333,Star Wars,Normal,Promotional,195,2023-01-31T07:19:39.987Z,Battle of Hoth - 20th Anniversary Edition,2,0,Licensed,1,4.0,https://brickset.com/sets/40333-1,14.1,26.2,4.8,5702016371161,673419304597,https://images.brickset.com/sets/small/40333-1.jpg,https://images.brickset.com/sets/images/40333-1.jpg
1,true,Box,4,2019,LEGO exclusive,29573,40362,Star Wars,Normal,Promotional,197,2023-01-31T07:22:31.977Z,Battle of Endor,2,0,Licensed,0,4.0,https://brickset.com/sets/40362-1,14.1,26.2,4.8,5702016390070,,https://images.brickset.com/sets/small/40362-1.jpg,https://images.brickset.com/sets/images/40362-1.jpg
1,true,Box,2,2020,LEGO exclusive,30209,40407,Star Wars,Normal,Promotional,235,2022-10-01T05:50:11.6Z,Death Star II Battle,2,0,Licensed,5,3.6,https://brickset.com/sets/40407-1,14.1,26.2,4.8,5702016656671,673419321471,https://images.brickset.com/sets/small/40407-1.jpg,https://images.brickset.com/sets/images/40407-1.jpg
1,true,Box,5,2021,LEGO exclusive,31600,40451,Star Wars,Normal,Promotional,217,2026-05-03T18:28:52.51Z,Tatooine Homestead,2,0,Licensed,2,3.8,https://brickset.com/sets/40451-1,14.1,26.2,4.8,5702016910995,673419337427,https://images.brickset.com/sets/small/40451-1.jpg,https://images.brickset.com/sets/images/40451-1.jpg
1,true,Box,0,2021,LEGO exclusive,32172,40483,Star Wars,Normal,Promotional,173,2023-11-08T18:42:50.88Z,Luke Skywalker's Lightsaber,2,0,Licensed,0,3.6,https://brickset.com/sets/40483-1,19.1,20.5,4.6,,,https://images.brickset.com/sets/small/40483-1.jpg,https://images.brickset.com/sets/images/40483-1.jpg
1,true,Box,2,2022,LEGO exclusive,32473,40531,Star Wars,Normal,Promotional,195,2022-06-04T07:30:38.667Z,Lars Family Homestead Kitchen,2,1,Licensed,1,4.0,https://brickset.com/sets/40531-1,14.1,26.2,6.1,,673419359610,https://images.brickset.com/sets/small/40531-1.jpg,https://images.brickset.com/sets/images/40531-1.jpg
1,true,Blister pack,5,2022,LEGO exclusive,32242,40557,Star Wars,Normal,Episode V,64,2023-01-25T08:03:28.503Z,Defense of Hoth,1,3,Licensed,2,3.7,https://brickset.com/sets/40557-1,15.0,25.0,3.2,,673419364867,https://images.brickset.com/sets/small/40557-1.jpg,https://images.brickset.com/sets/images/40557-1.jpg
1,true,Blister pack,4,2022,LEGO exclusive,32241,40558,Star Wars,Normal,Episode II,66,2021-12-12T10:54:42.627Z,Clone Trooper Command Station,1,3,Licensed,3,3.9,https://brickset.com/sets/40558-1,15.0,25.0,3.2,,673419359955,https://images.brickset.com/sets/small/40558-1.jpg,https://images.brickset.com/sets/images/40558-1.jpg
1,true,Box,4,2023,LEGO exclusive,47037,40591,Star Wars,Normal,Promotional,289,2023-06-11T02:49:23.58Z,Death Star II,2,0,Licensed,4,4.0,https://brickset.com/sets/40591-1,26.2,14.1,6.1,,673419377348,https://images.brickset.com/sets/small/40591-1.jpg,https://images.brickset.com/sets/images/40591-1.jpg
1,true,Box,2,2023,LEGO exclusive,47259,40658,Star Wars,Normal,Seasonal,282,2023-10-01T05:17:48.793Z,Millennium Falcon Holiday Diorama,2,4,Licensed,1,3.9,https://brickset.com/sets/40658-1,0.0,0.0,0.0,5702017471556,673419382397,https://images.brickset.com/sets/small/40658-1.jpg,https://images.brickset.com/sets/images/40658-1.jpg
1,true,Box,3,2024,LEGO Gift with Purchase,48958,40686,Star Wars,Normal,Promotional,262,2026-08-06T23:05:26.127Z,Trade Federation Troop Carrier,2,8,Licensed,2,4.0,https://brickset.com/sets/40686-1,19.1,26.2,4.6,,,https://images.brickset.com/sets/small/40686-1.jpg,https://images.brickset.com/sets/images/40686-1.jpg
1,true,Box,4,2024,LEGO Gift with Purchase,48959,40730,Star Wars,Normal,Promotional,145,2026-08-06T23:09:16.31Z,Luke Skywalker's Lightsaber,7,0,Licensed,0,4.0,https://brickset.com/sets/40730-1,0.0,0.0,0.0,,,https://images.brickset.com/sets/small/40730-1.jpg,https://images.brickset.com/sets/images/40730-1.jpg
1,true,Box,4,2024,LEGO exclusive,48961,40755,Star Wars,Normal,Miscellaneous,383,2026-08-20T23:45:21.523Z,Imperial Dropship vs. Rebel Scout Speeder,4,7,Licensed,2,3.9,https://brickset.com/sets/40755-1,0.0,0.0,0.0,5702017726878,673419400787,https://images.brickset.com/sets/small/40755-1.jpg,https://images.brickset.com/sets/images/40755-1.jpg
1,true,Box,4,2025,LEGO Gift with Purchase,51234,40765,Star Wars,Normal,Promotional,190,2026-08-06T22:40:57.517Z,Kamino Training Facility,2,3,Licensed,0,3.9,https://brickset.com/sets/40765-1,19.1,20.5,4.6,5702017830254,673419408714,https://images.brickset.com/sets/small/40765-1.jpg,https://images.brickset.com/sets/images/40765-1.jpg
1,true,Box,7,2025,LEGO Gift with Purchase,51306,40771,Star Wars,Normal,Promotional,236,2026-08-06T22:33:53.517Z,TIE Fighter with Imperial Hangar Rack,2,3,Licensed,0,3.3,https://brickset.com/sets/40771-1,19.1,20.5,6.1,5702017829814,673419408455,https://images.brickset.com/sets/small/40771-1.jpg,https://images.brickset.com/sets/images/40771-1.jpg
1,true,Box,5,2025,LEGO exclusive,51283,40806,Star Wars,Normal,Seasonal,697,2025-09-01T19:09:32.493Z,Gingerbread AT-AT Walker,2,1,Licensed,1,4.4,https://brickset.com/sets/40806-1,0.0,0.0,0.0,5702017829968,673419408615,https://images.brickset.com/sets/small/40806-1.jpg,https://images.brickset.com/sets/images/40806-1.jpg
1,true,Box,5,2026,LEGO Gift with Purchase,53175,40897,Star Wars,Normal,Promotional,174,2026-10-04T08:35:22.707Z,Darth Vader's Lightsaber,7,0,Licensed,0,0.0,https://brickset.com/sets/40897-1,19.1,26.2,4.6,5702018071793,673419426374,https://images.brickset.com/sets/small/40897-1.jpg,https://images.brickset.com/sets/images/40897-1.jpg
1,true,Box,6,2026,LEGO Gift with Purchase,52273,40917,Star Wars,Normal,Promotional,278,2026-08-06T21:43:50.563Z,The Darksaber,7,0,Licensed,1,3.9,https://brickset.com/sets/40917-1,19.1,26.2,4.6,5702018071687,673419426275,https://images.brickset.com/sets/small/40917-1.jpg,https://images.brickset.com/sets/images/40917-1.jpg
1,true,Box,0,2002,{Not specified},3360,65081,Star Wars,Collection,Product Collection,581,2016-05-18T21:54:15.533Z,R2-D2 / C-3PO Droid Collectors Set,0,0,Licensed,2,3.6,https://brickset.com/sets/65081-1,0.0,0.0,0.0,,,https://images.brickset.com/sets/small/65081-1.jpg,https://images.brickset.com/sets/images/65081-1.jpg
1,true,Box,0,2002,Retail - limited,3368,65145,Star Wars,Collection,Product Collection,677,2010-09-24T21:27:00.877Z,X-wing Fighter / TIE Fighter & Y-wing Collectors Set,0,0,Licensed,0,0.0,https://brickset.com/sets/65145-1,0.0,0.0,0.0,,,,
1,true,Box,0,2002,Retail - limited,5192,65153,Star Wars,Collection,Product Collection,369,2007-09-28T18:36:48Z,Jango Fett's Slave I with Bonus Cargo Case,0,0,Licensed,1,4.1,https://brickset.com/sets/65153-1,0.0,0.0,0.0,,,https://images.brickset.com/sets/small/65153-1.jpg,https://images.brickset.com/sets/images/65153-1.jpg
1,true,{Not specified},0,2004,{Not specified},15465,65707,Star Wars,Collection,Product Collection,363,2013-01-11T11:06:34.243Z,Bonus/Value Pack,0,0,Licensed,0,0.0,https://brickset.com/sets/65707-1,0.0,0.0,0.0,,,,
1,true,Plastic box,0,2005,Retail - limited,5073,65771,Star Wars,Collection,Product Collection,544,2015-12-26T19:54:52.423Z,Episode III Collectors' Set,0,0,Licensed,3,4.4,https://brickset.com/sets/65771-1,0.0,0.0,0.0,,,https://images.brickset.com/sets/small/65771-1.jpg,https://images.brickset.com/sets/images/65771-1.jpg
1,true,{Not specified},0,2005,{Not specified},15470,65828,Star Wars,Collection,Product Collection,244,2015-12-27T03:52:10.837Z,Bonus/Value Pack,0,0,Licensed,0,0.0,https://brickset.com/sets/65828-1,0.0,0.0,0.0,,,,
1,true,{Not specified},0,2005,{Not specified},15472,65844,Star Wars,Collection,Product Collection,280,2015-12-27T03:53:45.047Z,Bonus/Value Pack,0,0,Licensed,0,0.0,https://brickset.com/sets/65844-1,0.0,0.0,0.0,,,,
1,true,{Not specified},0,2005,{Not specified},15475,65845,Star Wars,Collection,Product Collection,371,2015-12-27T03:54:19.41Z,Bonus/Value Pack,0,0,Licensed,0,0.0,https://brickset.com/sets/65845-1,0.0,0.0,0.0,,,,
1,true,{Not specified},0,2006,{Not specified},15478,66142,Star Wars,Collection,Product Collection,302,2015-12-27T04:15:31.237Z,Bonus/Value Pack,0,0,Licensed,0,0.0,https://brickset.com/sets/66142-1,0.0,0.0,0.0,,,,
1,true,{Not specified},0,2006,{Not specified},15480,66150,Star Wars,Collection,Product Collection,396,2015-12-27T04:13:36.04Z,Bonus/Value Pack,0,0,Licensed,0,0.0,https://brickset.com/sets/66150-1,0.0,0.0,0.0,,,,
1,true,{Not specified},0,2006,{Not specified},15482,66221,Star Wars,Collection,Product Collection,437,2019-07-07T21:46:43.017Z,Bonus/Value Pack,0,0,Licensed,0,0.0,https://brickset.com/sets/66221-1,0.0,0.0,0.0,,,https://images.brickset.com/sets/small/66221-1.jpg,https://images.brickset.com/sets/images/66221-1.jpg
1,true,{Not specified},0,2009,{Not specified},7547,66308,Star Wars,Collection,Product Collection,414,2021-06-10T20:36:19.95Z,3 in 1 Superpack,0,0,Licensed,1,3.8,https://brickset.com/sets/66308-1,0.0,0.0,0.0,,,https://images.brickset.com/sets/small/66308-1.jpg,https://images.brickset.com/sets/images/66308-1.jpg
1,true,{Not specified},0,2010,{Not specified},7744,66341,Star Wars,Collection,Product Collection,342,2010-09-24T21:47:52.693Z,Star Wars Super Pack 3 in 1,1,0,Licensed,0,3.8,https://brickset.com/sets/66341-1,37.8,48.0,7.1,,,https://images.brickset.com/sets/small/66341-1.jpg,https://images.brickset.com/sets/images/66341-1.jpg
1,true,{Not specified},0,2010,{Not specified},8109,66364,Star Wars,Collection,Product Collection,308,2010-09-24T21:50:46.163Z,Star Wars Super Pack 3 in 1,1,0,Licensed,0,3.4,https://brickset.com/sets/66364-1,28.2,54.0,5.9,,,https://images.brickset.com/sets/small/66364-1.jpg,https://images.brickset.com/sets/images/66364-1.jpg
1,true,{Not specified},0,2010,{Not specified},8110,66366,Star Wars,Collection,Product Collection,531,2010-09-24T21:51:19.6Z,Star Wars Super Pack 3 in 1,2,0,Licensed,0,4.2,https://brickset.com/sets/66366-1,37.8,48.0,9.4,,,https://images.brickset.com/sets/small/66366-1.jpg,https://images.brickset.com/sets/images/66366-1.jpg
1,true,{Not specified},0,2010,{Not specified},8140,66368,Star Wars,Collection,Product Collection,316,2010-09-24T21:52:14.193Z,Star Wars Super Pack 3 in 1,0,0,Licensed,0,4.4,https://brickset.com/sets/66368-1,28.2,54.0,5.9,5702014729025,,https://images.brickset.com/sets/small/66368-1.jpg,https://images.brickset.com/sets/images/66368-1.jpg
1,true,{Not specified},0,2011,{Not specified},8637,66377,Star Wars,Collection,Product Collection,484,2022-04-07T15:49:09.297Z,Star Wars Super Pack 3 in 1,1,0,Licensed,0,4.3,https://brickset.com/sets/66377-1,28.2,54.0,7.9,5702014774735,,https://images.brickset.com/sets/small/66377-1.jpg,https://images.brickset.com/sets/images/66377-1.jpg
1,true,{Not specified},0,2011,{Not specified},8729,66378,Star Wars,Collection,Product Collection,330,2011-04-03T01:12:12.2Z,Star Wars Super Pack 3 in 1,0,0,Licensed,1,4.0,https://brickset.com/sets/66378-1,28.2,48.0,7.4,,,https://images.brickset.com/sets/small/66378-1.jpg,https://images.brickset.com/sets/images/66378-1.jpg
1,true,{Not specified},1,2011,{Not specified},9098,66395,Star Wars,Collection,Product Collection,367,2011-10-31T06:44:23.763Z,Star Wars Super Pack 3 in 1,2,0,Licensed,0,4.0,https://brickset.com/sets/66395-1,28.2,48.0,7.4,,,https://images.brickset.com/sets/small/66395-1.jpg,https://images.brickset.com/sets/images/66395-1.jpg
1,true,{Not specified},0,2011,{Not specified},9099,66396,Star Wars,Collection,Product Collection,644,2011-10-31T06:42:11.467Z,Star Wars Super Pack 3 in 1,0,0,Licensed,0,3.8,https://brickset.com/sets/66396-1,37.8,58.2,10.3,,,https://images.brickset.com/sets/small/66396-1.jpg,https://images.brickset.com/sets/images/66396-1.jpg
1,true,Box,1,2012,Retail - limited,9537,66411,Star Wars,Collection,Product Collection,633,2012-11-15T18:45:26.837Z,Super Pack 3-in-1,0,0,Licensed,0,4.1,https://brickset.com/sets/66411-1,0.0,0.0,0.0,,,https://images.brickset.com/sets/small/66411-1.jpg,https://images.brickset.com/sets/images/66411-1.jpg
1,true,Box,0,2012,Retail - limited,10014,66431,Star Wars,Collection,Product Collection,298,2012-09-24T04:08:26.05Z,Super Pack 3-in-1,0,0,Licensed,0,0.0,https://brickset.com/sets/66431-1,0.0,0.0,0.0,,,https://images.brickset.com/sets/small/66431-1.jpg,https://images.brickset.com/sets/images/66431-1.jpg
1,true,Box,1,2012,Retail - limited,9952,66432,Star Wars,Collection,Product Collection,763,2012-09-24T03:45:29.58Z,Super Pack 3-in-1,0,0,Licensed,0,0.0,https://brickset.com/sets/66432-1,0.0,0.0,0.0,,,https://images.brickset.com/sets/small/66432-1.jpg,https://images.brickset.com/sets/images/66432-1.jpg
1,true,Box,0,2013,Retail - limited,10368,66449,Star Wars,Collection,Product Collection,727,2013-01-06T05:23:12.713Z,Super Pack 3-in-1,0,0,Licensed,0,3.6,https://brickset.com/sets/66449-1,0.0,0.0,0.0,,,https://images.brickset.com/sets/small/66449-1.jpg,https://images.brickset.com/sets/images/66449-1.jpg
1,true,{Not specified},0,2013,{Not specified},23025,66456,Star Wars,Collection,Product Collection,821,2013-09-02T03:42:50.27Z,Star Wars Value Pack,0,0,Licensed,0,4.0,https://brickset.com/sets/66456-1,0.0,0.0,0.0,5702015068536,,https://images.brickset.com/sets/small/66456-1.jpg,https://images.brickset.com/sets/images/66456-1.jpg
1,true,{Not specified},0,2013,{Not specified},23036,66473,Star Wars,Collection,Product Collection,1360,2013-09-14T03:23:51.307Z,LEGO Star Wars Super Pack,0,0,Licensed,0,0.0,https://brickset.com/sets/66473-1,0.0,0.0,0.0,,,https://images.brickset.com/sets/small/66473-1.jpg,https://images.brickset.com/sets/images/66473-1.jpg
1,true,Box,0,2014,Retail - limited,23694,66479,Star Wars,Collection,Product Collection,1087,2014-06-05T23:22:13.363Z,Value Pack,0,0,Licensed,0,4.2,https://brickset.com/sets/66479-1,0.0,0.0,0.0,,,https://images.brickset.com/sets/small/66479-1.jpg,https://images.brickset.com/sets/images/66479-1.jpg
1,true,Box,0,2014,Retail,23912,66495,Star Wars,Collection,Product Collection,840,2015-11-03T00:32:50.777Z,Star Wars Value Pack,0,0,Licensed,0,4.3,https://brickset.com/sets/66495-1,0.0,0.0,0.0,,,https://images.brickset.com/sets/small/66495-1.jpg,https://images.brickset.com/sets/images/66495-1.jpg
1,true,Box,0,2014,Retail - limited,23751,66512,Star Wars,Collection,Product Collection,1163,2023-10-04T22:21:21.507Z,Star Wars Rebels Super Pack 2 in 1,0,0,Licensed,0,4.2,https://brickset.com/sets/66512-1,0.0,0.0,0.0,,,https://images.brickset.com/sets/small/66512-1.jpg,https://images.brickset.com/sets/images/66512-1.jpg
1,true,Box,0,2014,Retail - limited,23931,66514,Star Wars,Collection,Product Collection,285,2014-09-12T13:55:37.39Z,Microfighter Super Pack 3 in 1,0,0,Licensed,0,4.0,https://brickset.com/sets/66514-1,0.0,0.0,0.0,,,https://images.brickset.com/sets/small/66514-1.jpg,https://images.brickset.com/sets/images/66514-1.jpg
1,true,Box,0,2014,Retail - limited,23932,66515,Star Wars,Collection,Product Collection,286,2014-09-12T13:55:45.653Z,Microfighter Super Pack 3 in 1,0,0,Licensed,0,3.9,https://brickset.com/sets/66515-1,0.0,0.0,0.0,,,https://images.brickset.com/sets/small/66515-1.jpg,https://images.brickset.com/sets/images/66515-1.jpg
1,true,Box,0,2015,Retail - limited,24845,66533,Star Wars,Collection,Product Collection,276,2015-09-07T08:27:42.767Z,Microfighter 3 in 1 Super Pack,0,0,Licensed,0,4.2,https://brickset.com/sets/66533-1,0.0,0.0,0.0,,,https://images.brickset.com/sets/small/66533-1.jpg,https://images.brickset.com/sets/images/66533-1.jpg
1,true,Box,0,2015,Retail - limited,24874,66534,Star Wars,Collection,Product Collection,288,2015-11-11T02:00:35.05Z,Microfighter 3 in 1 Super Pack,0,0,Licensed,0,3.7,https://brickset.com/sets/66534-1,0.0,0.0,0.0,,,https://images.brickset.com/sets/small/66534-1.jpg,https://images.brickset.com/sets/images/66534-1.jpg
1,true,Box,0,2015,Retail - limited,25653,66535,Star Wars,Collection,Product Collection,269,2021-06-27T18:44:32.83Z,Battle Pack 2 in 1,0,0,Licensed,0,0.0,https://brickset.com/sets/66535-1,0.0,0.0,0.0,,,https://images.brickset.com/sets/small/66535-1.jpg,https://images.brickset.com/sets/images/66535-1.jpg
1,true,Box,0,2015,Retail - limited,24843,66536,Star Wars,Collection,Product Collection,243,2019-07-21T16:34:04.777Z,Battle Pack 2 in 1,0,0,Licensed,0,3.9,https://brickset.com/sets/66536-1,0.0,0.0,0.0,,,https://images.brickset.com/sets/small/66536-1.jpg,https://images.brickset.com/sets/images/66536-1.jpg
1,true,Box,0,2016,Retail - limited,26647,66542,Star Wars,Collection,Product Collection,267,2016-09-29T08:43:41.057Z,Microfighters Super Pack 3 in 1,0,0,Licensed,0,3.8,https://brickset.com/sets/66542-1,0.0,0.0,0.0,,,https://images.brickset.com/sets/small/66542-1.jpg,https://images.brickset.com/sets/images/66542-1.jpg
1,true,Box,0,2016,Retail - limited,26648,66543,Star Wars,Collection,Product Collection,268,2016-09-29T08:43:39.813Z,Microfighters Super Pack 3 in 1,0,0,Licensed,1,4.0,https://brickset.com/sets/66543-1,0.0,0.0,0.0,,,https://images.brickset.com/sets/small/66543-1.jpg,https://images.brickset.com/sets/images/66543-1.jpg
1,true,Box,0,2017,Retail - limited,27614,66555,Star Wars,Collection,Product Collection,232,2018-01-07T19:33:43.37Z,Super Pack 2 in 1,0,0,Licensed,0,0.0,https://brickset.com/sets/66555-1,0.0,0.0,0.0,,,https://images.brickset.com/sets/small/66555-1.jpg,https://images.brickset.com/sets/images/66555-1.jpg
1,true,Box,0,2017,Retail - limited,27615,66556,Star Wars,Collection,Product Collection,242,2017-10-30T08:25:51.933Z,Super Pack 2 in 1,0,0,Licensed,0,3.9,https://brickset.com/sets/66556-1,0.0,0.0,0.0,,,https://images.brickset.com/sets/small/66556-1.jpg,https://images.brickset.com/sets/images/66556-1.jpg
1,true,Box,0,2018,Retail - limited,28530,66596,Star Wars,Collection,Product Collection,201,2018-11-23T22:46:05.687Z,Super Pack 2-in-1,0,0,Licensed,0,3.8,https://brickset.com/sets/66596-1,0.0,0.0,0.0,,,https://images.brickset.com/sets/small/66596-1.jpg,https://images.brickset.com/sets/images/66596-1.jpg
1,true,Box,0,2018,Retail - limited,28421,66597,Star Wars,Collection,Product Collection,205,2018-11-18T19:53:48.86Z,2-in-1 Super Pack,0,0,Licensed,0,4.0,https://brickset.com/sets/66597-1,0.0,0.0,0.0,,,https://images.brickset.com/sets/small/66597-1.jpg,https://images.brickset.com/sets/images/66597-1.jpg
1,true,{Not specified},0,2021,Retail - limited,32079,66674,Star Wars,Collection,Product Collection,644,2022-11-07T13:44:11.017Z,Skywalker Adventures Pack,0,0,Licensed,0,4.2,https://brickset.com/sets/66674-1,27.0,53.2,6.8,,,https://images.brickset.com/sets/small/66674-1.jpg,https://images.brickset.com/sets/images/66674-1.jpg
1,true,Box,0,2022,Retail - limited,34064,66708,Star Wars,Collection,Product Collection,901,2025-07-13T16:04:37.057Z,Galactic Adventures Pack,0,0,Licensed,0,3.9,https://brickset.com/sets/66708-1,0.0,0.0,0.0,,,https://images.brickset.com/sets/small/66708-1.jpg,https://images.brickset.com/sets/images/66708-1.jpg
1,true,Box,0,2023,Retail - limited,48324,66775,Star Wars,Collection,Product Collection,691,2024-01-02T01:59:14.307Z,Hoth Combo Pack,0,0,Licensed,0,3.8,https://brickset.com/sets/66775-1,0.0,0.0,0.0,,,https://images.brickset.com/sets/small/66775-1.jpg,https://images.brickset.com/sets/images/66775-1.jpg
1,true,Box,1,2023,Retail - limited,48322,66778,Star Wars,Collection,Product Collection,432,2023-10-03T04:25:55.973Z,Star Wars Mech 3-Pack,0,0,Licensed,0,0.0,https://brickset.com/sets/66778-1,16.1,43.2,6.5,,,https://images.brickset.com/sets/small/66778-1.jpg,https://images.brickset.com/sets/images/66778-1.jpg
1,true,Box,1,2024,Retail - limited,50360,66787,Star Wars,Collection,Product Collection,654,2025-09-12T09:16:28.9Z,Jedi Masters Gift Set,0,0,Licensed,0,3.9,https://brickset.com/sets/66787-1,26.6,53.1,6.9,,,https://images.brickset.com/sets/small/66787-1.jpg,https://images.brickset.com/sets/images/66787-1.jpg
1,true,Box,0,2025,Retail - limited,51546,66804,Star Wars,Collection,Product Collection,423,2025-09-12T08:49:21.46Z,Star Wars: The Clone Wars and The Mandalorian Gift Set,0,0,Licensed,0,3.8,https://brickset.com/sets/66804-1,19.7,49.5,4.9,,,https://images.brickset.com/sets/small/66804-1.jpg,https://images.brickset.com/sets/images/66804-1.jpg
1,true,Box,1,2025,Retail - limited,51545,66808,Star Wars,Collection,Product Collection,1308,2025-09-12T09:01:11.68Z,Epic Battle Set,3,0,Licensed,0,0.0,https://brickset.com/sets/66808-1,28.7,55.7,13.0,,,https://images.brickset.com/sets/small/66808-1.jpg,https://images.brickset.com/sets/images/66808-1.jpg
1,false,Box,0,2026,Retail - limited,53186,66821,Star Wars,Collection,Product Collection,592,2026-08-02T12:19:24.097Z,Star Wars: Trooper & Droid Battle Pack,0,0,Licensed,0,0.0,https://brickset.com/sets/66821-1,0.0,0.0,0.0,,,https://images.brickset.com/sets/small/66821-1.jpg,https://images.brickset.com/sets/images/66821-1.jpg
1,true,Box,5,2013,Retail,9854,75000,Star Wars,Normal,Episode II,124,2012-12-20T08:36:22.567Z,Clone Troopers vs. Droidekas,2,4,Licensed,18,3.6,https://brickset.com/sets/75000-1,14.1,15.7,4.5,5702014974937,673419191579,https://images.brickset.com/sets/small/75000-1.jpg,https://images.brickset.com/sets/images/75000-1.jpg
1,true,Box,5,2013,Retail,9855,75001,Star Wars,Normal,The Old Republic,63,2012-12-20T11:17:59.483Z,Republic Troopers vs. Sith Troopers,2,4,Licensed,14,3.7,https://brickset.com/sets/75001-1,14.1,15.7,4.5,5702014974913,673419191562,https://images.brickset.com/sets/small/75001-1.jpg,https://images.brickset.com/sets/images/75001-1.jpg
1,true,Box,6,2013,Retail,9856,75002,Star Wars,Normal,The Clone Wars,222,2014-10-18T04:15:57.74Z,AT-RT,2,4,Licensed,18,3.9,https://brickset.com/sets/75002-1,26.2,19.1,4.6,5702014974906,673419191555,https://images.brickset.com/sets/small/75002-1.jpg,https://images.brickset.com/sets/images/75002-1.jpg
1,true,Box,4,2013,Retail,9857,75003,Star Wars,Normal,Episode VI,177,2015-10-13T20:22:15.657Z,A-wing Starfighter,2,3,Licensed,16,3.8,https://brickset.com/sets/75003-1,19.1,26.2,6.1,5702014974890,673419191548,https://images.brickset.com/sets/small/75003-1.jpg,https://images.brickset.com/sets/images/75003-1.jpg
1,true,Box,6,2013,Retail,9858,75004,Star Wars,Normal,The Clone Wars,373,2012-12-20T11:19:35.133Z,Z-95 Headhunter,2,3,Licensed,8,4.1,https://brickset.com/sets/75004-1,26.2,38.2,5.6,5702014974883,673419191531,https://images.brickset.com/sets/small/75004-1.jpg,https://images.brickset.com/sets/images/75004-1.jpg
1,true,Box,5,2013,Retail,9859,75005,Star Wars,Normal,Episode VI,380,2015-10-13T20:22:29.81Z,Rancor Pit,2,4,Licensed,11,4.1,https://brickset.com/sets/75005-1,28.2,48.0,7.4,5702014974876,673419191524,https://images.brickset.com/sets/small/75005-1.jpg,https://images.brickset.com/sets/images/75005-1.jpg
1,true,{Not specified},6,2013,{Not specified},9862,75006,Star Wars,Normal,Planet Set,61,2019-08-26T12:51:09.69Z,Jedi Starfighter & Planet Kamino,2,1,Licensed,5,3.8,https://brickset.com/sets/75006-1,19.1,14.1,8.8,5702014974241,673419191296,https://images.brickset.com/sets/small/75006-1.jpg,https://images.brickset.com/sets/images/75006-1.jpg
1,true,{Not specified},6,2013,{Not specified},9863,75007,Star Wars,Normal,Planet Set,74,2019-08-26T13:01:23.203Z,Republic Assault Ship & Planet Coruscant,2,1,Licensed,5,3.7,https://brickset.com/sets/75007-1,19.1,14.1,8.8,5702014974258,673419191302,https://images.brickset.com/sets/small/75007-1.jpg,https://images.brickset.com/sets/images/75007-1.jpg
1,true,{Not specified},6,2013,{Not specified},9864,75008,Star Wars,Normal,Planet Set,60,2019-08-26T13:10:47.73Z,TIE Bomber & Asteroid Field,2,1,Licensed,5,3.7,https://brickset.com/sets/75008-1,19.1,14.1,8.8,5702014974265,673419191319,https://images.brickset.com/sets/small/75008-1.jpg,https://images.brickset.com/sets/images/75008-1.jpg
1,true,Box,6,2013,{Not specified},9865,75009,Star Wars,Normal,Planet Set,69,2020-07-12T09:45:58.317Z,Snowspeeder & Planet Hoth,1,1,Licensed,2,4.0,https://brickset.com/sets/75009-1,19.1,14.1,8.8,5702014974678,673419191326,https://images.brickset.com/sets/small/75009-1.jpg,https://images.brickset.com/sets/images/75009-1.jpg
1,true,{Not specified},6,2013,{Not specified},9866,75010,Star Wars,Normal,Planet Set,83,2019-08-26T16:01:24.43Z,B-Wing Starfighter & Planet Endor,1,1,Licensed,4,3.7,https://brickset.com/sets/75010-1,19.1,14.1,8.8,5702014974685,673419191333,https://images.brickset.com/sets/small/75010-1.jpg,https://images.brickset.com/sets/images/75010-1.jpg
1,true,{Not specified},6,2013,{Not specified},9867,75011,Star Wars,Normal,Planet Set,102,2025-05-02T18:53:20.93Z,Tantive IV & Planet Alderaan,1,1,Licensed,3,3.9,https://brickset.com/sets/75011-1,19.1,14.1,8.8,5702014974692,673419191340,https://images.brickset.com/sets/small/75011-1.jpg,https://images.brickset.com/sets/images/75011-1.jpg
1,true,Box,4,2013,Retail - limited,9860,75012,Star Wars,Normal,The Clone Wars,226,2014-01-18T01:52:38.323Z,BARC Speeder with Sidecar,2,4,Licensed,6,4.2,https://brickset.com/sets/75012-1,19.1,26.2,4.6,5702014974869,,https://images.brickset.com/sets/small/75012-1.jpg,https://images.brickset.com/sets/images/75012-1.jpg
1,true,Box,5,2013,Retail - limited,9861,75013,Star Wars,Normal,The Clone Wars,493,2014-01-18T02:10:28.01Z,Umbaran MHC (Mobile Heavy Cannon),2,4,Licensed,4,4.1,https://brickset.com/sets/75013-1,26.2,38.2,5.7,5702014974852,,https://images.brickset.com/sets/small/75013-1.jpg,https://images.brickset.com/sets/images/75013-1.jpg
1,true,Box,7,2013,Retail - limited,10162,75014,Star Wars,Normal,Episode V,426,2015-10-13T20:22:46.377Z,Battle of Hoth,4,7,Licensed,4,3.9,https://brickset.com/sets/75014-1,26.2,38.2,5.7,5702014974845,673419191494,https://images.brickset.com/sets/small/75014-1.jpg,https://images.brickset.com/sets/images/75014-1.jpg
1,true,Box,5,2013,{Not specified},10222,75015,Star Wars,Normal,Episode II,271,2016-05-18T13:50:40.19Z,Corporate Alliance Tank Droid,2,3,Licensed,9,4.0,https://brickset.com/sets/75015-1,14.1,26.2,6.1,5702014974838,673419191487,https://images.brickset.com/sets/small/75015-1.jpg,https://images.brickset.com/sets/images/75015-1.jpg
1,true,Box,5,2013,{Not specified},10223,75016,Star Wars,Normal,Episode II,295,2016-05-18T13:49:20.25Z,Homing Spider Droid,2,5,Licensed,6,3.8,https://brickset.com/sets/75016-1,19.1,35.4,5.9,5702014974821,673419191470,https://images.brickset.com/sets/small/75016-1.jpg,https://images.brickset.com/sets/images/75016-1.jpg
1,true,Box,6,2013,{Not specified},10224,75017,Star Wars,Normal,Episode II,391,2016-05-18T13:44:38.653Z,Duel on Geonosis,2,4,Licensed,5,3.9,https://brickset.com/sets/75017-1,26.2,38.2,5.6,5702014974814,673419191463,https://images.brickset.com/sets/small/75017-1.jpg,https://images.brickset.com/sets/images/75017-1.jpg
1,true,Box,5,2013,{Not specified},10225,75018,Star Wars,Normal,The Yoda Chronicles,550,2023-10-04T21:36:56.09Z,Jek-14's Stealth Starfighter,4,4,Licensed,2,3.9,https://brickset.com/sets/75018-1,28.2,48.0,6.1,5702014974807,673419191456,https://images.brickset.com/sets/small/75018-1.jpg,https://images.brickset.com/sets/images/75018-1.jpg
1,true,Box,5,2013,{Not specified},10226,75019,Star Wars,Normal,Episode II,794,2016-05-18T13:22:15.623Z,AT-TE ,4,5,Licensed,10,4.3,https://brickset.com/sets/75019-1,28.2,54.0,7.8,5702014974791,673419191449,https://images.brickset.com/sets/small/75019-1.jpg,https://images.brickset.com/sets/images/75019-1.jpg
1,true,Box,5,2013,{Not specified},10227,75020,Star Wars,Normal,Episode VI,850,2016-05-18T13:21:29.247Z,Jabba's Sail Barge,4,6,Licensed,7,4.2,https://brickset.com/sets/75020-1,37.8,48.0,7.1,5702014974784,673419191432,https://images.brickset.com/sets/small/75020-1.jpg,https://images.brickset.com/sets/images/75020-1.jpg
1,true,Box,5,2013,{Not specified},10228,75021,Star Wars,Normal,Episode II,1175,2016-05-18T13:17:24.337Z,Republic Gunship,4,7,Licensed,10,4.5,https://brickset.com/sets/75021-1,37.8,48.0,9.4,5702014974753,673419191401,https://images.brickset.com/sets/small/75021-1.jpg,https://images.brickset.com/sets/images/75021-1.jpg
1,true,Box,6,2013,{Not specified},10229,75022,Star Wars,Normal,The Clone Wars,211,2016-05-18T13:58:59.95Z,Mandalorian Speeder,2,3,Licensed,7,3.9,https://brickset.com/sets/75022-1,19.1,26.2,6.1,5702014974746,673419191395,https://images.brickset.com/sets/small/75022-1.jpg,https://images.brickset.com/sets/images/75022-1.jpg
1,true,Box,5,2013,Retail - limited,10279,75023,Star Wars,Normal,Seasonal,254,2023-07-13T12:12:25.463Z,LEGO Star Wars Advent Calendar,0,9,Licensed,2,3.7,https://brickset.com/sets/75023-1,26.2,38.2,7.1,5702014974760,673419191418,https://images.brickset.com/sets/small/75023-1.jpg,https://images.brickset.com/sets/images/75023-1.jpg
1,true,Box,6,2013,Retail - limited,10280,75024,Star Wars,Normal,The Clone Wars,362,2014-01-18T01:45:35.017Z,HH-87 Starhopper,2,3,Licensed,2,3.8,https://brickset.com/sets/75024-1,26.2,38.2,5.7,5702014974739,,https://images.brickset.com/sets/small/75024-1.jpg,https://images.brickset.com/sets/images/75024-1.jpg
1,true,Box,6,2013,Retail,10281,75025,Star Wars,Normal,The Old Republic,927,2013-06-21T01:33:11.87Z,Jedi Defender-class Cruiser,4,4,Licensed,2,4.2,https://brickset.com/sets/75025-1,37.8,48.0,7.1,5702014974722,,https://images.brickset.com/sets/small/75025-1.jpg,https://images.brickset.com/sets/images/75025-1.jpg
1,true,Box,2,2014,Retail,22959,75028,Star Wars,Normal,Microfighters,96,2024-09-16T20:40:22.017Z,Clone Turbo Tank,2,1,Licensed,8,3.8,https://brickset.com/sets/75028-1,12.192,14.097,4.5974,5702015120968,673419209175,https://images.brickset.com/sets/small/75028-1.jpg,https://images.brickset.com/sets/images/75028-1.jpg
1,true,Box,2,2014,Retail,22960,75029,Star Wars,Normal,Microfighters,95,2024-09-16T20:40:31.647Z,AAT,2,1,Licensed,6,3.5,https://brickset.com/sets/75029-1,12.192,14.097,4.5974,5702015120999,673419209199,https://images.brickset.com/sets/small/75029-1.jpg,https://images.brickset.com/sets/images/75029-1.jpg
1,true,Box,2,2014,Retail,22961,75030,Star Wars,Normal,Microfighters,94,2024-09-16T20:41:09.743Z,Millennium Falcon,2,1,Licensed,5,3.7,https://brickset.com/sets/75030-1,12.192,14.097,4.5974,5702015121019,673419209212,https://images.brickset.com/sets/small/75030-1.jpg,https://images.brickset.com/sets/images/75030-1.jpg
1,true,Box,2,2014,Retail,22962,75031,Star Wars,Normal,Microfighters,92,2024-09-16T20:41:30.193Z,TIE Interceptor,2,1,Licensed,4,3.5,https://brickset.com/sets/75031-1,12.192,14.097,4.5974,5702015121026,673419209229,https://images.brickset.com/sets/small/75031-1.jpg,https://images.brickset.com/sets/images/75031-1.jpg
1,true,Box,2,2014,Retail,22963,75032,Star Wars,Normal,Microfighters,97,2024-09-16T20:41:52.43Z,X-wing Fighter,2,1,Licensed,9,3.7,https://brickset.com/sets/75032-1,12.192,14.097,4.5974,5702015121033,673419209236,https://images.brickset.com/sets/small/75032-1.jpg,https://images.brickset.com/sets/images/75032-1.jpg
1,true,Box,2,2014,Retail,22964,75033,Star Wars,Normal,Microfighters,97,2024-09-16T20:42:14.01Z,Star Destroyer,2,1,Licensed,6,3.6,https://brickset.com/sets/75033-1,12.192,14.097,4.5974,5702015121057,673419209250,https://images.brickset.com/sets/small/75033-1.jpg,https://images.brickset.com/sets/images/75033-1.jpg
1,true,Box,2,2014,Retail,22956,75034,Star Wars,Normal,Episode VI,100,2024-07-04T08:23:30.853Z,Death Star Troopers,2,4,Licensed,9,3.6,https://brickset.com/sets/75034-1,14.097,19.1008,4.5974,5702015121088,673419209281,https://images.brickset.com/sets/small/75034-1.jpg,https://images.brickset.com/sets/images/75034-1.jpg
1,true,Box,2,2014,Retail,22955,75035,Star Wars,Normal,Episode III,99,2013-12-25T14:49:48.27Z,Kashyyyk Troopers,2,4,Licensed,10,4.2,https://brickset.com/sets/75035-1,14.097,19.1008,4.5974,5702015121101,673419209304,https://images.brickset.com/sets/small/75035-1.jpg,https://images.brickset.com/sets/images/75035-1.jpg
1,true,Box,2,2014,Retail,22957,75036,Star Wars,Normal,Episode III,83,2014-09-30T19:19:47.05Z,Utapau Troopers,2,4,Licensed,11,4.2,https://brickset.com/sets/75036-1,14.097,19.1008,4.5974,5702015121132,673419209335,https://images.brickset.com/sets/small/75036-1.jpg,https://images.brickset.com/sets/images/75036-1.jpg
1,true,Box,2,2014,Retail,22958,75037,Star Wars,Normal,Episode III,183,2016-06-13T23:04:23.073Z,Battle on Saleucami,2,5,Licensed,6,4.1,https://brickset.com/sets/75037-1,14.097,26.1874,4.8006,5702015121156,673419209359,https://images.brickset.com/sets/small/75037-1.jpg,https://images.brickset.com/sets/images/75037-1.jpg
1,true,Box,2,2014,Retail,22965,75038,Star Wars,Normal,Episode III,223,2013-12-26T15:22:39.333Z,Jedi Interceptor,2,2,Licensed,8,4.0,https://brickset.com/sets/75038-1,19.1008,26.1874,6.096,5702015121163,673419209366,https://images.brickset.com/sets/small/75038-1.jpg,https://images.brickset.com/sets/images/75038-1.jpg
1,true,Box,2,2014,Retail,22966,75039,Star Wars,Normal,Episode III,201,2021-03-30T19:00:16.047Z,V-wing Starfighter,2,2,Licensed,3,3.8,https://brickset.com/sets/75039-1,19.1008,26.1874,6.096,5702015121170,673419209373,https://images.brickset.com/sets/small/75039-1.jpg,https://images.brickset.com/sets/images/75039-1.jpg
1,true,Box,2,2014,Retail,22967,75040,Star Wars,Normal,Episode III,261,2014-01-08T04:01:45.653Z,General Grievous' Wheel Bike,2,2,Licensed,9,4.0,https://brickset.com/sets/75040-1,19.1008,26.1874,4.5974,5702015121187,673419209380,https://images.brickset.com/sets/small/75040-1.jpg,https://images.brickset.com/sets/images/75040-1.jpg
1,true,Box,2,2014,Retail,22968,75041,Star Wars,Normal,Episode III,205,2013-12-25T14:49:53.31Z,Vulture Droid,2,3,Licensed,4,3.7,https://brickset.com/sets/75041-1,19.1008,26.1874,4.5974,5702015119535,673419210058,https://images.brickset.com/sets/small/75041-1.jpg,https://images.brickset.com/sets/images/75041-1.jpg
1,true,Box,2,2014,Retail,22969,75042,Star Wars,Normal,Episode III,439,2013-12-26T15:24:05.477Z,Droid Gunship,2,4,Licensed,3,3.9,https://brickset.com/sets/75042-1,26.1874,38.2016,7.0612,5702015119542,673419210065,https://images.brickset.com/sets/small/75042-1.jpg,https://images.brickset.com/sets/images/75042-1.jpg
1,true,Box,2,2014,Retail,22970,75043,Star Wars,Normal,Episode III,717,2013-12-26T15:24:28.193Z,AT-AP,4,5,Licensed,4,4.1,https://brickset.com/sets/75043-1,28.194,48.006,6.096,5702015119559,673419210072,https://images.brickset.com/sets/small/75043-1.jpg,https://images.brickset.com/sets/images/75043-1.jpg
1,true,Box,2,2014,Retail,22971,75044,Star Wars,Normal,Episode III,262,2014-12-27T02:53:53.1Z,Droid Tri-Fighter,2,4,Licensed,2,3.8,https://brickset.com/sets/75044-1,26.1874,22.1996,6.1976,5702015119566,,https://images.brickset.com/sets/small/75044-1.jpg,https://images.brickset.com/sets/images/75044-1.jpg
1,true,Box,2,2014,Retail,22972,75045,Star Wars,Normal,The Clone Wars,434,2014-12-27T02:54:19.323Z,Republic AV-7 Anti-Vehicle Cannon,2,4,Licensed,2,4.0,https://brickset.com/sets/75045-1,26.1874,28.194,7.5946,5702015122375,,https://images.brickset.com/sets/small/75045-1.jpg,https://images.brickset.com/sets/images/75045-1.jpg
1,true,Box,2,2014,Retail - limited,22973,75046,Star Wars,Normal,The Clone Wars,481,2026-08-23T00:35:56.86Z,Coruscant Police Gunship,2,4,Licensed,2,4.2,https://brickset.com/sets/75046-1,26.1874,38.2016,7.0612,5702015122382,,https://images.brickset.com/sets/small/75046-1.jpg,https://images.brickset.com/sets/images/75046-1.jpg
1,true,Box,8,2014,Retail,23369,75048,Star Wars,Normal,Rebels,234,2014-06-10T08:13:12.757Z,The Phantom,2,2,Licensed,12,3.7,https://brickset.com/sets/75048-1,19.1008,26.1874,4.5974,5702015122399,673419210119,https://images.brickset.com/sets/small/75048-1.jpg,https://images.brickset.com/sets/images/75048-1.jpg
1,true,Box,8,2014,Retail,23370,75049,Star Wars,Normal,Episode V,279,2024-02-09T06:08:55.93Z,Snowspeeder,2,3,Licensed,6,4.1,https://brickset.com/sets/75049-1,26.1874,22.1996,6.1976,5702015122405,673419210126,https://images.brickset.com/sets/small/75049-1.jpg,https://images.brickset.com/sets/images/75049-1.jpg
1,true,Box,7,2014,Retail,23365,75050,Star Wars,Normal,Episode VI,448,2024-01-10T19:03:06.84Z,B-wing™,2,3,Licensed,7,4.1,https://brickset.com/sets/75050-1,26.1874,38.2016,7.0612,5702015122412,673419210133,https://images.brickset.com/sets/small/75050-1.jpg,https://images.brickset.com/sets/images/75050-1.jpg
1,true,Box,8,2014,Retail,23367,75051,Star Wars,Normal,The Yoda Chronicles,490,2023-10-04T21:37:17.65Z,Jedi Scout Fighter,2,4,Licensed,3,4.0,https://brickset.com/sets/75051-1,28.194,48.006,6.096,5702015122429,673419210140,https://images.brickset.com/sets/small/75051-1.jpg,https://images.brickset.com/sets/images/75051-1.jpg
1,true,Box,9,2014,Retail,23368,75052,Star Wars,Normal,Episode IV,616,2024-02-13T04:29:21.097Z,Mos Eisley Cantina,4,8,Licensed,10,4.3,https://brickset.com/sets/75052-1,28.194,54.0004,5.8928,5702015122436,673419210256,https://images.brickset.com/sets/small/75052-1.jpg,https://images.brickset.com/sets/images/75052-1.jpg
1,true,Box,7,2014,Retail,23371,75053,Star Wars,Normal,Rebels,929,2014-06-10T08:13:28.367Z,The Ghost,4,4,Licensed,9,4.2,https://brickset.com/sets/75053-1,28.194,54.0004,9.0932,5702015122443,673419210263,https://images.brickset.com/sets/small/75053-1.jpg,https://images.brickset.com/sets/images/75053-1.jpg
1,true,Box,8,2014,Retail,23364,75054,Star Wars,Normal,Episode V,1137,2019-04-07T16:01:15.35Z,AT-AT,4,5,Licensed,7,4.3,https://brickset.com/sets/75054-1,37.7952,48.006,7.0612,5702015123778,673419210560,https://images.brickset.com/sets/small/75054-1.jpg,https://images.brickset.com/sets/images/75054-1.jpg
1,true,Box,6,2014,Retail,23366,75055,Star Wars,Normal,Episode IV,1359,2015-10-13T20:21:51.563Z,Imperial Star Destroyer,6,7,Licensed,4,4.4,https://brickset.com/sets/75055-1,37.7952,58.1914,10.3124,5702015123785,673419210577,https://images.brickset.com/sets/small/75055-1.jpg,https://images.brickset.com/sets/images/75055-1.jpg
1,true,Box,4,2014,Retail - limited,23441,75056,Star Wars,Normal,Seasonal,274,2023-07-13T12:11:50.85Z,LEGO Star Wars Advent Calendar,1,9,Licensed,1,3.7,https://brickset.com/sets/75056-1,26.1874,38.2016,7.0612,5702015123792,673419210584,https://images.brickset.com/sets/small/75056-1.jpg,https://images.brickset.com/sets/images/75056-1.jpg
1,true,Box,13,2014,{Not specified},23680,75058,Star Wars,Normal,Episode I,954,2016-05-18T13:20:33.12Z,MTT,4,12,Licensed,2,3.9,https://brickset.com/sets/75058-1,37.7952,48.006,7.0612,5702015123808,,https://images.brickset.com/sets/small/75058-1.jpg,https://images.brickset.com/sets/images/75058-1.jpg
1,true,Box,51,2014,LEGO exclusive,23529,75059,Star Wars,Normal,Ultimate Collector Series,3296,2014-11-19T18:32:10.733Z,Sandcrawler,7,14,Licensed,8,4.4,https://brickset.com/sets/75059-1,48.006,58.1914,16.9926,5702015123815,,https://images.brickset.com/sets/small/75059-1.jpg,https://images.brickset.com/sets/images/75059-1.jpg
1,true,Box,29,2015,LEGO exclusive,23682,75060,Star Wars,Normal,Ultimate Collector Series,1996,2023-02-05T10:45:12.23Z,Slave I,8,4,Licensed,12,4.6,https://brickset.com/sets/75060-1,37.7952,58.1914,11.811,5702015123822,,https://images.brickset.com/sets/small/75060-1.jpg,https://images.brickset.com/sets/images/75060-1.jpg
1,true,Box,4,2015,Retail,23792,75072,Star Wars,Normal,Microfighters,95,2024-09-16T20:42:41.85Z,ARC-170 Starfighter,2,1,Licensed,4,3.8,https://brickset.com/sets/75072-1,12.192,14.097,4.5974,5702015349086,673419230254,https://images.brickset.com/sets/small/75072-1.jpg,https://images.brickset.com/sets/images/75072-1.jpg
1,true,Box,5,2015,Retail,23793,75073,Star Wars,Normal,Microfighters,77,2024-09-16T20:43:03.15Z,Vulture Droid,2,1,Licensed,2,3.5,https://brickset.com/sets/75073-1,12.192,14.097,4.5974,5702015349093,673419230261,https://images.brickset.com/sets/small/75073-1.jpg,https://images.brickset.com/sets/images/75073-1.jpg
1,true,Box,5,2015,Retail,23794,75074,Star Wars,Normal,Microfighters,97,2024-09-16T20:43:21.737Z,Snowspeeder,2,1,Licensed,3,3.8,https://brickset.com/sets/75074-1,12.192,14.097,4.5974,5702015349109,673419230278,https://images.brickset.com/sets/small/75074-1.jpg,https://images.brickset.com/sets/images/75074-1.jpg
1,true,Box,5,2015,Retail,23795,75075,Star Wars,Normal,Microfighters,88,2024-09-16T20:43:55.487Z,AT-AT,2,1,Licensed,7,3.8,https://brickset.com/sets/75075-1,12.192,14.097,4.5974,5702015349116,673419230285,https://images.brickset.com/sets/small/75075-1.jpg,https://images.brickset.com/sets/images/75075-1.jpg
1,true,Box,5,2015,Retail,23796,75076,Star Wars,Normal,Microfighters,105,2024-09-16T20:44:20.36Z,Republic Gunship,2,1,Licensed,7,3.7,https://brickset.com/sets/75076-1,12.192,14.097,4.5974,5702015349123,673419230292,https://images.brickset.com/sets/small/75076-1.jpg,https://images.brickset.com/sets/images/75076-1.jpg
1,true,Box,2,2015,Retail,23797,75077,Star Wars,Normal,Microfighters,102,2024-09-16T20:44:45.99Z,Homing Spider Droid,2,1,Licensed,1,3.4,https://brickset.com/sets/75077-1,12.192,14.097,4.5974,5702015349130,673419230308,https://images.brickset.com/sets/small/75077-1.jpg,https://images.brickset.com/sets/images/75077-1.jpg
1,true,Box,7,2015,Retail,23791,75078,Star Wars,Normal,Rebels,141,2014-12-28T03:23:56.943Z,Imperial Troop Transport,2,4,Licensed,14,4.0,https://brickset.com/sets/75078-1,14.097,19.1008,4.5974,5702015351133,673419230117,https://images.brickset.com/sets/small/75078-1.jpg,https://images.brickset.com/sets/images/75078-1.jpg
1,true,Box,2,2015,Retail,23790,75079,Star Wars,Normal,Battlefront,95,2020-08-11T09:39:17.45Z,Shadow Troopers,2,4,Licensed,8,3.8,https://brickset.com/sets/75079-1,14.097,19.1008,4.5974,5702015351140,673419230124,https://images.brickset.com/sets/small/75079-1.jpg,https://images.brickset.com/sets/images/75079-1.jpg
1,true,Box,9,2015,Retail,23789,75080,Star Wars,Normal,Episode I,251,2014-12-28T03:24:03.95Z,AAT,2,3,Licensed,9,3.7,https://brickset.com/sets/75080-1,19.1008,26.1874,6.096,5702015349147,673419230315,https://images.brickset.com/sets/small/75080-1.jpg,https://images.brickset.com/sets/images/75080-1.jpg
1,true,Box,8,2015,Retail,23788,75081,Star Wars,Normal,Episode IV,247,2021-10-06T00:46:23.607Z,T-16 Skyhopper,2,2,Licensed,8,3.7,https://brickset.com/sets/75081-1,19.1008,26.1874,7.1882,5702015349154,673419230322,https://images.brickset.com/sets/small/75081-1.jpg,https://images.brickset.com/sets/images/75081-1.jpg
1,true,Box,7,2015,Retail,23787,75082,Star Wars,Normal,Rebels,355,2014-12-28T03:24:06.31Z,TIE Advanced Prototype,2,3,Licensed,4,4.0,https://brickset.com/sets/75082-1,26.2128,28.194,5.8928,5702015351157,673419230131,https://images.brickset.com/sets/small/75082-1.jpg,https://images.brickset.com/sets/images/75082-1.jpg
1,true,Box,8,2015,Retail,23786,75083,Star Wars,Normal,Rebels,500,2014-12-28T03:24:11.6Z,AT-DP,2,4,Licensed,3,4.1,https://brickset.com/sets/75083-1,38.2016,26.1874,7.0612,5702015352093,673419231244,https://images.brickset.com/sets/small/75083-1.jpg,https://images.brickset.com/sets/images/75083-1.jpg
1,true,Box,6,2015,Retail,23752,75084,Star Wars,Normal,Rebels,570,2014-12-28T03:24:12.69Z,Wookiee Gunship,4,4,Licensed,4,3.9,https://brickset.com/sets/75084-1,28.194,48.006,6.096,5702015352109,673419231251,https://images.brickset.com/sets/small/75084-1.jpg,https://images.brickset.com/sets/images/75084-1.jpg
1,true,Box,8,2015,Retail,23833,75085,Star Wars,Normal,Episode II,163,2015-03-15T16:31:07.58Z,Hailfire Droid,2,3,Licensed,3,3.9,https://brickset.com/sets/75085-1,19.1008,20.4978,6.096,5702015349468,,https://images.brickset.com/sets/small/75085-1.jpg,https://images.brickset.com/sets/images/75085-1.jpg
1,true,Box,9,2015,Retail,24007,75086,Star Wars,Normal,Episode I,565,2014-12-28T03:24:16.22Z,Battle Droid Troop Carrier,2,15,Licensed,2,4.1,https://brickset.com/sets/75086-1,26.1874,28.194,5.8928,5702015349475,673419230346,https://images.brickset.com/sets/small/75086-1.jpg,https://images.brickset.com/sets/images/75086-1.jpg
1,true,Box,8,2015,Retail,23814,75087,Star Wars,Normal,Legends,370,2023-09-10T23:05:21.97Z,Anakin's Custom Jedi Starfighter,2,3,Licensed,5,4.1,https://brickset.com/sets/75087-1,26.1874,28.194,5.8928,5702015349482,,https://images.brickset.com/sets/small/75087-1.jpg,https://images.brickset.com/sets/images/75087-1.jpg
1,true,Box,5,2015,Retail,23867,75088,Star Wars,Normal,The Clone Wars,106,2020-07-10T23:25:01.657Z,Senate Commando Troopers,2,4,Licensed,5,3.8,https://brickset.com/sets/75088-1,14.097,19.1008,4.5974,5702015349499,673419230360,https://images.brickset.com/sets/small/75088-1.jpg,https://images.brickset.com/sets/images/75088-1.jpg
1,true,Box,4,2015,Retail,23785,75089,Star Wars,Normal,Miscellaneous,105,2023-10-04T21:39:55.16Z,Geonosis Troopers,2,4,Licensed,9,3.9,https://brickset.com/sets/75089-1,14.097,19.1008,4.5974,5702015349505,673419230377,https://images.brickset.com/sets/small/75089-1.jpg,https://images.brickset.com/sets/images/75089-1.jpg
1,true,Box,7,2015,Retail,23784,75090,Star Wars,Normal,Rebels,253,2014-12-28T03:24:27.793Z,Ezra's Speeder Bike,2,3,Licensed,6,3.7,https://brickset.com/sets/75090-1,14.097,26.1874,6.096,5702015352116,673419231268,https://images.brickset.com/sets/small/75090-1.jpg,https://images.brickset.com/sets/images/75090-1.jpg
1,true,Box,8,2015,Retail,24219,75091,Star Wars,Normal,Episode I,312,2015-06-27T21:34:19.9Z,Flash Speeder,2,5,Licensed,4,4.0,https://brickset.com/sets/75091-1,19.1008,35.4076,5.8928,5702015352147,673419231299,https://images.brickset.com/sets/small/75091-1.jpg,https://images.brickset.com/sets/images/75091-1.jpg
1,true,Box,9,2015,Retail,24220,75092,Star Wars,Normal,Episode I,442,2015-06-27T21:33:37.903Z,Naboo Starfighter,2,9,Licensed,2,4.2,https://brickset.com/sets/75092-1,26.2128,38.2016,5.6642,5702015352154,673419231312,https://images.brickset.com/sets/small/75092-1.jpg,https://images.brickset.com/sets/images/75092-1.jpg
1,true,Box,9,2015,Retail,24221,75093,Star Wars,Normal,Episode VI,724,2015-11-21T23:30:46.09Z,Death Star Final Duel,2,5,Licensed,5,4.2,https://brickset.com/sets/75093-1,28.194,48.006,7.3914,5702015352161,673419231329,https://images.brickset.com/sets/small/75093-1.jpg,https://images.brickset.com/sets/images/75093-1.jpg
1,true,Box,8,2015,Retail,24222,75094,Star Wars,Normal,Episode VI,937,2015-11-21T23:30:54.68Z,Imperial Shuttle Tydirium,2,5,Licensed,11,4.5,https://brickset.com/sets/75094-1,37.7952,35.4076,9.398,5702015352376,673419231336,https://images.brickset.com/sets/small/75094-1.jpg,https://images.brickset.com/sets/images/75094-1.jpg
1,true,Box,19,2015,LEGO exclusive,24083,75095,Star Wars,Normal,Ultimate Collector Series,1685,2015-05-01T20:54:46.557Z,TIE Fighter,8,1,Licensed,2,4.3,https://brickset.com/sets/75095-1,48.006,58.1914,9.0932,5702015352383,,https://images.brickset.com/sets/small/75095-1.jpg,https://images.brickset.com/sets/images/75095-1.jpg
1,true,Box,2,2015,Retail,24510,75096,Star Wars,Normal,Episode I,662,2015-09-11T14:57:35.94Z,Sith Infiltrator,2,8,Licensed,1,4.1,https://brickset.com/sets/75096-1,28.194,54.0004,7.8486,5702015352390,673419231350,https://images.brickset.com/sets/small/75096-1.jpg,https://images.brickset.com/sets/images/75096-1.jpg
1,true,Box,2,2015,Retail - limited,24254,75097,Star Wars,Normal,Seasonal,292,2023-07-13T12:11:25.093Z,LEGO Star Wars Advent Calendar,1,9,Licensed,0,3.7,https://brickset.com/sets/75097-1,26.1874,38.2016,7.0612,5702015357289,,https://images.brickset.com/sets/small/75097-1.jpg,https://images.brickset.com/sets/images/75097-1.jpg
1,true,Box,34,2016,LEGO exclusive,24627,75098,Star Wars,Normal,Ultimate Collector Series,2144,2016-04-29T20:00:08.427Z,Assault on Hoth,8,15,Licensed,5,3.7,https://brickset.com/sets/75098-1,48.006,58.1914,9.0932,5702015352604,,https://images.brickset.com/sets/small/75098-1.jpg,https://images.brickset.com/sets/images/75098-1.jpg
1,true,Box,9,2015,Retail,24223,75099,Star Wars,Normal,Episode VII,193,2023-07-13T10:48:27.977Z,Rey's Speeder,2,2,Licensed,13,3.9,https://brickset.com/sets/75099-1,14.097,26.2128,4.8006,5702015352611,673419231572,https://images.brickset.com/sets/small/75099-1.jpg,https://images.brickset.com/sets/images/75099-1.jpg
1,true,Box,2,2015,Retail,24229,75100,Star Wars,Normal,Episode VII,444,2023-07-13T10:48:37.413Z,First Order Snowspeeder,2,3,Licensed,6,3.7,https://brickset.com/sets/75100-1,26.2128,28.194,5.8928,5702015352123,673419231275,https://images.brickset.com/sets/small/75100-1.jpg,https://images.brickset.com/sets/images/75100-1.jpg
1,true,Box,2,2015,Retail,24230,75101,Star Wars,Normal,Episode VII,517,2023-07-13T10:49:58.81Z,First Order Special Forces TIE Fighter,4,4,Licensed,7,4.1,https://brickset.com/sets/75101-1,37.7952,35.4076,7.0612,5702015352130,673419231282,https://images.brickset.com/sets/small/75101-1.jpg,https://images.brickset.com/sets/images/75101-1.jpg
1,true,Box,8,2015,Retail,24224,75102,Star Wars,Normal,Episode VII,717,2023-07-13T10:51:38.97Z,Poe's X-wing Fighter,2,4,Licensed,8,4.3,https://brickset.com/sets/75102-1,28.194,48.006,6.096,5702015352628,673419231589,https://images.brickset.com/sets/small/75102-1.jpg,https://images.brickset.com/sets/images/75102-1.jpg
1,true,Box,10,2015,Retail,24225,75103,Star Wars,Normal,Episode VII,792,2023-07-13T10:51:51.11Z,First Order Transporter,2,7,Licensed,8,4.1,https://brickset.com/sets/75103-1,28.194,54.0004,5.8928,5702015352635,673419231596,https://images.brickset.com/sets/small/75103-1.jpg,https://images.brickset.com/sets/images/75103-1.jpg
1,true,Box,8,2015,Retail,24226,75104,Star Wars,Normal,Episode VII,1005,2023-07-13T10:52:02.543Z,Kylo Ren's Command Shuttle,2,6,Licensed,6,3.7,https://brickset.com/sets/75104-1,37.7952,48.006,7.0612,5702015352642,673419231602,https://images.brickset.com/sets/small/75104-1.jpg,https://images.brickset.com/sets/images/75104-1.jpg
1,true,Box,12,2015,Retail,24227,75105,Star Wars,Normal,Episode VII,1329,2023-07-13T10:52:11.11Z,Millennium Falcon,2,7,Licensed,8,4.2,https://brickset.com/sets/75105-1,37.7952,58.1914,8.7122,5702015352659,673419231619,https://images.brickset.com/sets/small/75105-1.jpg,https://images.brickset.com/sets/images/75105-1.jpg
1,true,Box,8,2015,Retail,24228,75106,Star Wars,Normal,Rebels,1216,2015-06-27T21:32:53.06Z,Imperial Assault Carrier,2,6,Licensed,3,3.9,https://brickset.com/sets/75106-1,37.7952,48.006,9.398,5702015367813,673419234467,https://images.brickset.com/sets/small/75106-1.jpg,https://images.brickset.com/sets/images/75106-1.jpg
1,true,Box,5,2015,Retail,24462,75107,Star Wars,Normal,Buildable Figures,85,2023-09-12T08:43:43.33Z,Jango Fett,2,0,Licensed,2,3.8,https://brickset.com/sets/75107-1,26.2128,14.097,4.8006,,673419239776,https://images.brickset.com/sets/small/75107-1.jpg,https://images.brickset.com/sets/images/75107-1.jpg
1,true,Box,5,2015,Retail,24463,75108,Star Wars,Normal,Buildable Figures,82,2023-09-12T08:43:56.183Z,Clone Commander Cody,2,0,Licensed,2,3.9,https://brickset.com/sets/75108-1,26.2128,14.097,4.8006,,673419239783,https://images.brickset.com/sets/small/75108-1.jpg,https://images.brickset.com/sets/images/75108-1.jpg
1,true,Box,5,2015,Retail,24464,75109,Star Wars,Normal,Buildable Figures,83,2015-11-25T18:02:30.957Z,Obi-Wan Kenobi,2,0,Licensed,1,3.9,https://brickset.com/sets/75109-1,26.2128,14.097,6.096,5702015429887,673419239790,https://images.brickset.com/sets/small/75109-1.jpg,https://images.brickset.com/sets/images/75109-1.jpg
1,true,Box,6,2015,Retail,24343,75110,Star Wars,Normal,Buildable Figures,83,2015-11-25T18:03:06.353Z,Luke Skywalker,2,0,Licensed,2,3.4,https://brickset.com/sets/75110-1,26.2128,14.097,4.8006,,673419239806,https://images.brickset.com/sets/small/75110-1.jpg,https://images.brickset.com/sets/images/75110-1.jpg
1,true,Box,5,2015,Retail,24344,75111,Star Wars,Normal,Buildable Figures,160,2015-11-25T20:42:59.103Z,Darth Vader,2,0,Licensed,5,3.9,https://brickset.com/sets/75111-1,26.2128,19.1008,6.096,,673419239813,https://images.brickset.com/sets/small/75111-1.jpg,https://images.brickset.com/sets/images/75111-1.jpg
1,true,Box,5,2015,Retail,24465,75112,Star Wars,Normal,Buildable Figures,186,2023-09-12T08:44:18.65Z,General Grievous,2,0,Licensed,4,4.4,https://brickset.com/sets/75112-1,26.2128,22.1996,6.1976,5702015429924,673419239820,https://images.brickset.com/sets/small/75112-1.jpg,https://images.brickset.com/sets/images/75112-1.jpg
1,true,Box,4,2016,Retail,24778,75113,Star Wars,Normal,Buildable Figures,84,2015-12-19T00:01:08.84Z,Rey,2,0,Licensed,2,3.5,https://brickset.com/sets/75113-1,26.2128,14.097,4.8006,,673419249058,https://images.brickset.com/sets/small/75113-1.jpg,https://images.brickset.com/sets/images/75113-1.jpg
1,true,Box,7,2016,Retail,24779,75114,Star Wars,Normal,Buildable Figures,81,2015-12-19T00:00:54.84Z,First Order Stormtrooper,2,0,Licensed,0,3.9,https://brickset.com/sets/75114-1,26.2128,14.097,4.8006,,673419248143,https://images.brickset.com/sets/small/75114-1.jpg,https://images.brickset.com/sets/images/75114-1.jpg
1,true,Box,6,2016,Retail,24780,75115,Star Wars,Normal,Buildable Figures,102,2015-12-19T00:01:10.533Z,Poe Dameron,2,0,Licensed,0,3.6,https://brickset.com/sets/75115-1,26.2128,14.097,6.096,,673419248136,https://images.brickset.com/sets/small/75115-1.jpg,https://images.brickset.com/sets/images/75115-1.jpg
1,true,Box,6,2016,Retail,24781,75116,Star Wars,Normal,Buildable Figures,98,2015-12-19T00:01:12.477Z,Finn,2,0,Licensed,0,3.4,https://brickset.com/sets/75116-1,26.2128,14.097,6.096,,673419248129,https://images.brickset.com/sets/small/75116-1.jpg,https://images.brickset.com/sets/images/75116-1.jpg
1,true,Box,6,2016,Retail,24782,75117,Star Wars,Normal,Buildable Figures,86,2015-12-19T00:00:53.867Z,Kylo Ren,2,0,Licensed,3,3.7,https://brickset.com/sets/75117-1,26.2128,14.097,6.096,5702015594172,673419248112,https://images.brickset.com/sets/small/75117-1.jpg,https://images.brickset.com/sets/images/75117-1.jpg
1,true,Box,6,2016,Retail,24783,75118,Star Wars,Normal,Buildable Figures,82,2015-12-19T00:00:52.64Z,Captain Phasma,2,0,Licensed,1,3.9,https://brickset.com/sets/75118-1,26.2128,14.097,6.096,5702015593366,673419248105,https://images.brickset.com/sets/small/75118-1.jpg,https://images.brickset.com/sets/images/75118-1.jpg
1,true,Box,5,2016,Retail,25607,75119,Star Wars,Normal,Buildable Figures,104,2023-09-12T08:45:13.033Z,Sergeant Jyn Erso,2,0,Licensed,2,3.4,https://brickset.com/sets/75119-1,26.2128,14.097,6.096,5702015593359,673419248099,https://images.brickset.com/sets/small/75119-1.jpg,https://images.brickset.com/sets/images/75119-1.jpg
1,true,Box,5,2016,Retail,25608,75120,Star Wars,Normal,Buildable Figures,169,2016-09-24T12:17:40.17Z,K-2SO,2,0,Licensed,2,4.2,https://brickset.com/sets/75120-1,26.2128,14.097,6.096,,673419248082,https://images.brickset.com/sets/small/75120-1.jpg,https://images.brickset.com/sets/images/75120-1.jpg
1,true,Box,5,2016,Retail,25609,75121,Star Wars,Normal,Buildable Figures,106,2016-09-24T12:17:41.633Z,Imperial Death Trooper,2,0,Licensed,1,3.9,https://brickset.com/sets/75121-1,26.2128,14.097,6.096,5702015593335,673419248075,https://images.brickset.com/sets/small/75121-1.jpg,https://images.brickset.com/sets/images/75121-1.jpg
1,true,Box,4,2016,Retail,24784,75125,Star Wars,Normal,Microfighters,87,2024-09-16T20:20:09.193Z,Resistance X-wing Fighter,2,1,Licensed,5,3.5,https://brickset.com/sets/75125-1,12.192,14.097,4.5974,,673419247054,https://images.brickset.com/sets/small/75125-1.jpg,https://images.brickset.com/sets/images/75125-1.jpg
1,true,Box,6,2016,Retail,24785,75126,Star Wars,Normal,Microfighters,91,2024-09-16T20:19:39.82Z,First Order Snowspeeder,2,1,Licensed,5,3.6,https://brickset.com/sets/75126-1,12.192,14.097,4.5974,5702015590617,673419247061,https://images.brickset.com/sets/small/75126-1.jpg,https://images.brickset.com/sets/images/75126-1.jpg
1,true,Box,6,2016,Retail,24786,75127,Star Wars,Normal,Microfighters,104,2024-09-16T18:31:16.747Z,The Ghost,2,1,Licensed,4,3.9,https://brickset.com/sets/75127-1,12.192,14.097,4.5974,,673419247078,https://images.brickset.com/sets/small/75127-1.jpg,https://images.brickset.com/sets/images/75127-1.jpg
1,true,Box,5,2016,Retail,24787,75128,Star Wars,Normal,MicroFighters,93,2024-09-16T20:20:34.58Z,TIE Advanced Prototype,2,1,Licensed,3,3.5,https://brickset.com/sets/75128-1,12.192,14.097,4.5974,,673419247085,https://images.brickset.com/sets/small/75128-1.jpg,https://images.brickset.com/sets/images/75128-1.jpg
1,true,Box,7,2016,Retail,24788,75129,Star Wars,Normal,Microfighters,84,2024-09-16T20:20:54.58Z,Wookiee Gunship,2,1,Licensed,5,3.6,https://brickset.com/sets/75129-1,12.192,14.097,4.5974,,673419247092,https://images.brickset.com/sets/small/75129-1.jpg,https://images.brickset.com/sets/images/75129-1.jpg
1,true,Box,5,2016,Retail,24789,75130,Star Wars,Normal,Microfighters,76,2024-09-16T20:21:26.967Z,AT-DP,2,1,Licensed,2,3.5,https://brickset.com/sets/75130-1,12.192,14.097,4.5974,,673419247108,https://images.brickset.com/sets/small/75130-1.jpg,https://images.brickset.com/sets/images/75130-1.jpg
1,true,Box,8,2016,Retail,24790,75131,Star Wars,Normal,Episode VII,112,2023-07-13T10:52:19.483Z,Resistance Trooper Battle Pack,2,4,Licensed,9,3.6,https://brickset.com/sets/75131-1,14.097,19.1008,4.5974,,673419247115,https://images.brickset.com/sets/small/75131-1.jpg,https://images.brickset.com/sets/images/75131-1.jpg
1,true,Box,6,2016,Retail,24791,75132,Star Wars,Normal,Episode VII,88,2023-07-13T10:52:27.893Z,First Order Battle Pack,2,4,Licensed,14,3.4,https://brickset.com/sets/75132-1,14.097,19.1008,4.5974,,673419247122,https://images.brickset.com/sets/small/75132-1.jpg,https://images.brickset.com/sets/images/75132-1.jpg
1,true,Box,2,2016,Retail,24793,75133,Star Wars,Normal,Battlefront,101,2018-02-26T22:19:55.33Z,Rebel Alliance Battle Pack,2,4,Licensed,8,3.9,https://brickset.com/sets/75133-1,14.097,19.1008,4.5974,5702015591591,673419247146,https://images.brickset.com/sets/small/75133-1.jpg,https://images.brickset.com/sets/images/75133-1.jpg
1,true,Box,5,2016,Retail,24792,75134,Star Wars,Normal,Battlefront,109,2016-02-13T22:06:23.533Z,Galactic Empire Battle Pack,2,4,Licensed,9,4.0,https://brickset.com/sets/75134-1,14.097,19.1008,4.5974,5702015591614,673419247467,https://images.brickset.com/sets/small/75134-1.jpg,https://images.brickset.com/sets/images/75134-1.jpg
1,true,Box,8,2016,Retail,24794,75135,Star Wars,Normal,Episode III,215,2016-02-13T22:06:55.18Z,Obi-Wan's Jedi Interceptor,2,2,Licensed,7,4.0,https://brickset.com/sets/75135-1,19.1008,26.2128,6.096,,673419247498,https://images.brickset.com/sets/small/75135-1.jpg,https://images.brickset.com/sets/images/75135-1.jpg
1,true,Box,10,2016,Retail,24795,75136,Star Wars,Normal,Episode IV,197,2016-02-13T22:07:12.443Z,Droid Escape Pod,2,4,Licensed,6,3.8,https://brickset.com/sets/75136-1,19.1008,26.2128,4.5974,5702015591775,673419247511,https://images.brickset.com/sets/small/75136-1.jpg,https://images.brickset.com/sets/images/75136-1.jpg
1,true,Box,11,2016,Retail,24796,75137,Star Wars,Normal,Episode V,231,2016-02-13T22:07:41.597Z,Carbon-Freezing Chamber,2,3,Licensed,15,3.8,https://brickset.com/sets/75137-1,19.1008,26.2128,6.096,5702015591829,673419247764,https://images.brickset.com/sets/small/75137-1.jpg,https://images.brickset.com/sets/images/75137-1.jpg
1,true,Box,11,2016,Retail,24797,75138,Star Wars,Normal,Episode V,233,2016-02-13T22:07:30.733Z,Hoth Attack,2,4,Licensed,4,3.8,https://brickset.com/sets/75138-1,19.1008,26.2128,6.096,,673419247795,https://images.brickset.com/sets/small/75138-1.jpg,https://images.brickset.com/sets/images/75138-1.jpg
1,true,Box,11,2016,Retail,24959,75139,Star Wars,Normal,Episode VII,409,2023-07-13T10:52:35.617Z,Battle on Takodana,2,5,Licensed,5,3.5,https://brickset.com/sets/75139-1,26.2128,38.2016,5.6388,5702015592079,673419247801,https://images.brickset.com/sets/small/75139-1.jpg,https://images.brickset.com/sets/images/75139-1.jpg
1,true,Box,8,2016,Retail,24798,75140,Star Wars,Normal,Episode VII,646,2023-07-13T10:52:44Z,Resistance Troop Transporter,2,4,Licensed,7,3.9,https://brickset.com/sets/75140-1,28.194,48.006,6.096,,673419247849,https://images.brickset.com/sets/small/75140-1.jpg,https://images.brickset.com/sets/images/75140-1.jpg
1,true,Box,7,2016,Retail,24799,75141,Star Wars,Normal,Rebels,234,2015-12-25T20:53:28.42Z,Kanan's Speeder Bike,2,3,Licensed,4,3.7,https://brickset.com/sets/75141-1,14.1,26.2,6.1,5702015592123,673419247979,https://images.brickset.com/sets/small/75141-1.jpg,https://images.brickset.com/sets/images/75141-1.jpg
1,true,Box,10,2016,Retail,24960,75142,Star Wars,Normal,Episode III,310,2016-01-20T22:27:22.597Z,Homing Spider Droid,2,5,Licensed,3,3.7,https://brickset.com/sets/75142-1,19.1,35.4,5.9,5702015592154,,https://images.brickset.com/sets/small/75142-1.jpg,https://images.brickset.com/sets/images/75142-1.jpg
1,true,Box,27,2017,LEGO exclusive,25727,75144,Star Wars,Normal,Ultimate Collector Series,1703,2023-06-27T06:20:28.717Z,Snowspeeder,8,2,Licensed,1,4.2,https://brickset.com/sets/75144-1,37.8,58.2,8.7,5702015592789,,https://images.brickset.com/sets/small/75144-1.jpg,https://images.brickset.com/sets/images/75144-1.jpg
1,true,Box,7,2016,Retail,25898,75145,Star Wars,Normal,The Freemaker Adventures,363,2023-10-04T21:37:38.377Z,Eclipse Fighter,2,2,Licensed,4,3.8,https://brickset.com/sets/75145-1,19.1008,35.4076,5.8928,5702015592796,673419248280,https://images.brickset.com/sets/small/75145-1.jpg,https://images.brickset.com/sets/images/75145-1.jpg
1,true,Box,1,2016,Retail,25605,75146,Star Wars,Normal,Seasonal,282,2023-07-13T12:10:57.31Z,LEGO Star Wars Advent Calendar,1,11,Licensed,2,3.8,https://brickset.com/sets/75146-1,26.2128,38.2016,7.0612,5702015593953,673419248655,https://images.brickset.com/sets/small/75146-1.jpg,https://images.brickset.com/sets/images/75146-1.jpg
1,true,Box,9,2016,Retail,25923,75147,Star Wars,Normal,The Freemaker Adventures,558,2023-10-04T21:38:02.323Z,StarScavenger,2,4,Licensed,2,3.5,https://brickset.com/sets/75147-1,26.2128,38.2016,5.6388,,673419248297,https://images.brickset.com/sets/small/75147-1.jpg,https://images.brickset.com/sets/images/75147-1.jpg
1,true,Box,10,2016,Retail,25606,75148,Star Wars,Normal,Episode VII,530,2023-07-13T10:53:04.213Z,Encounter on Jakku,2,4,Licensed,4,3.7,https://brickset.com/sets/75148-1,26.2128,38.2016,5.6388,5702015592819,673419248303,https://images.brickset.com/sets/small/75148-1.jpg,https://images.brickset.com/sets/images/75148-1.jpg
1,true,Box,9,2016,Retail,25922,75149,Star Wars,Normal,Episode VII,740,2023-07-13T10:53:13.287Z,Resistance X-wing Fighter,2,4,Licensed,5,4.1,https://brickset.com/sets/75149-1,28.194,54.0004,7.8486,5702015592826,673419248310,https://images.brickset.com/sets/small/75149-1.jpg,https://images.brickset.com/sets/images/75149-1.jpg
1,true,Box,11,2016,Retail,25919,75150,Star Wars,Normal,Rebels,702,2016-12-11T09:44:20.743Z,Vader's TIE Advanced vs. A-wing Starfighter,4,4,Licensed,5,4.1,https://brickset.com/sets/75150-1,28.194,54.0004,7.8486,5702015592833,673419248327,https://images.brickset.com/sets/small/75150-1.jpg,https://images.brickset.com/sets/images/75150-1.jpg
1,true,Box,11,2016,Retail,25920,75151,Star Wars,Normal,Episode III,903,2016-05-15T16:34:32.323Z,Clone Turbo Tank,2,6,Licensed,4,4.0,https://brickset.com/sets/75151-1,37.7952,48.006,7.0612,5702015592840,673419248334,https://images.brickset.com/sets/small/75151-1.jpg,https://images.brickset.com/sets/images/75151-1.jpg
1,true,Box,9,2016,Retail,26049,75152,Star Wars,Normal,Rogue One,385,2017-01-07T22:02:16.417Z,Imperial Assault Hovertank,2,3,Licensed,13,4.2,https://brickset.com/sets/75152-1,19.1008,35.4076,7.0104,,673419248570,https://images.brickset.com/sets/small/75152-1.jpg,https://images.brickset.com/sets/images/75152-1.jpg
1,true,Box,7,2016,Retail,26050,75153,Star Wars,Normal,Rogue One,449,2020-03-24T09:52:56.783Z,AT-ST Walker,2,3,Licensed,12,4.3,https://brickset.com/sets/75153-1,26.2128,28.194,5.8928,,673419248587,https://images.brickset.com/sets/small/75153-1.jpg,https://images.brickset.com/sets/images/75153-1.jpg
1,true,Box,7,2016,Retail,26051,75154,Star Wars,Normal,Rogue One,543,2016-09-23T22:09:04.477Z,TIE Striker,2,4,Licensed,8,4.2,https://brickset.com/sets/75154-1,28.194,48.006,6.096,,673419248594,https://images.brickset.com/sets/small/75154-1.jpg,https://images.brickset.com/sets/images/75154-1.jpg
1,true,Box,8,2016,Retail,26052,75155,Star Wars,Normal,Rogue One,659,2016-09-23T22:09:06.85Z,Rebel U-wing Fighter,2,5,Licensed,10,4.3,https://brickset.com/sets/75155-1,28.194,54.0004,5.8928,,673419248600,https://images.brickset.com/sets/small/75155-1.jpg,https://images.brickset.com/sets/images/75155-1.jpg
1,true,Box,11,2016,Retail,26053,75156,Star Wars,Normal,Rogue One,863,2016-09-23T22:09:08.977Z,Krennic's Imperial Shuttle,2,6,Licensed,8,4.4,https://brickset.com/sets/75156-1,37.7952,48.006,7.0612,,673419248617,https://images.brickset.com/sets/small/75156-1.jpg,https://images.brickset.com/sets/images/75156-1.jpg
1,true,Box,10,2016,Retail,25921,75157,Star Wars,Normal,Rebels,972,2016-05-15T16:34:36.513Z,Captain Rex's AT-TE,2,5,Licensed,2,4.2,https://brickset.com/sets/75157-1,37.7952,48.006,7.0612,5702015593922,673419248624,https://images.brickset.com/sets/small/75157-1.jpg,https://images.brickset.com/sets/images/75157-1.jpg
1,true,Box,10,2016,Retail - limited,26273,75158,Star Wars,Normal,Rebels,936,2016-05-15T22:06:57.267Z,Rebel Combat Frigate,2,5,Licensed,2,4.0,https://brickset.com/sets/75158-1,37.8,48.0,7.1,5702015593939,,https://images.brickset.com/sets/small/75158-1.jpg,https://images.brickset.com/sets/images/75158-1.jpg
1,true,Box,47,2016,LEGO exclusive,25864,75159,Star Wars,Normal,Ultimate Collector Series,4016,2016-09-17T04:32:20.723Z,Death Star,8,27,Licensed,4,4.3,https://brickset.com/sets/75159-1,49.0,58.5,19.0,5702015593946,,https://images.brickset.com/sets/small/75159-1.jpg,https://images.brickset.com/sets/images/75159-1.jpg
1,true,Box,5,2017,Retail,26487,75160,Star Wars,Normal,MicroFighters,109,2020-01-23T17:37:42.71Z,U-wing Microfighter,2,1,Licensed,4,3.8,https://brickset.com/sets/75160-1,12.192,14.097,4.5974,5702015866484,673419265164,https://images.brickset.com/sets/small/75160-1.jpg,https://images.brickset.com/sets/images/75160-1.jpg
1,true,Box,4,2017,Retail,26488,75161,Star Wars,Normal,MicroFighters,88,2020-01-23T17:37:57.553Z,TIE Striker Microfighter,2,1,Licensed,1,3.6,https://brickset.com/sets/75161-1,12.192,14.097,4.5974,5702015866507,673419265195,https://images.brickset.com/sets/small/75161-1.jpg,https://images.brickset.com/sets/images/75161-1.jpg
1,true,Box,4,2017,Retail,26489,75162,Star Wars,Normal,Microfighters,90,2020-01-23T17:38:20.023Z,Y-wing Microfighter,2,1,Licensed,3,3.7,https://brickset.com/sets/75162-1,12.192,14.097,4.5974,,673419265218,https://images.brickset.com/sets/small/75162-1.jpg,https://images.brickset.com/sets/images/75162-1.jpg
1,true,Box,5,2017,Retail,26490,75163,Star Wars,Normal,Microfighters,78,2020-01-23T17:38:39.32Z,Krennic's Imperial Shuttle Microfighter,2,1,Licensed,3,3.5,https://brickset.com/sets/75163-1,12.192,14.097,4.5974,5702015866743,673419265539,https://images.brickset.com/sets/small/75163-1.jpg,https://images.brickset.com/sets/images/75163-1.jpg
1,true,Box,4,2017,Retail,26491,75164,Star Wars,Normal,Rogue One,120,2016-12-13T07:32:21.08Z,Rebel Trooper Battle Pack,2,4,Licensed,5,4.0,https://brickset.com/sets/75164-1,14.097,19.1008,4.5974,5702015866750,673419265546,https://images.brickset.com/sets/small/75164-1.jpg,https://images.brickset.com/sets/images/75164-1.jpg
1,true,Box,6,2017,Retail,26492,75165,Star Wars,Normal,Rogue One,112,2016-12-13T07:32:22.557Z,Imperial Trooper Battle Pack,2,4,Licensed,11,4.0,https://brickset.com/sets/75165-1,14.097,19.1008,4.5974,5702015866767,673419265553,https://images.brickset.com/sets/small/75165-1.jpg,https://images.brickset.com/sets/images/75165-1.jpg
1,true,Box,8,2017,Retail,26709,75166,Star Wars,Normal,Episode VII,117,2023-07-13T10:53:21.287Z,First Order Transport Speeder Battle Pack,2,4,Licensed,6,3.8,https://brickset.com/sets/75166-1,14.097,19.1008,4.5974,5702015866781,673419265584,https://images.brickset.com/sets/small/75166-1.jpg,https://images.brickset.com/sets/images/75166-1.jpg
1,true,Box,8,2017,Retail,26708,75167,Star Wars,Normal,The Freemaker Adventures,125,2023-10-04T21:38:17.413Z,Bounty Hunter Speeder Bike Battle Pack,2,4,Licensed,8,4.0,https://brickset.com/sets/75167-1,14.097,19.1008,4.5974,5702015866842,673419265645,https://images.brickset.com/sets/small/75167-1.jpg,https://images.brickset.com/sets/images/75167-1.jpg
1,true,Box,6,2017,Retail,26493,75168,Star Wars,Normal,The Clone Wars,262,2016-12-13T07:32:25.823Z,Yoda's Jedi Starfighter,2,2,Licensed,5,3.8,https://brickset.com/sets/75168-1,19.1008,26.2128,6.096,5702015866859,673419265751,https://images.brickset.com/sets/small/75168-1.jpg,https://images.brickset.com/sets/images/75168-1.jpg
1,true,Box,4,2017,Retail,26494,75169,Star Wars,Normal,Episode I,208,2016-12-13T07:32:26.87Z,Duel on Naboo,2,3,Licensed,6,3.8,https://brickset.com/sets/75169-1,19.1008,26.2128,6.096,,673419265812,https://images.brickset.com/sets/small/75169-1.jpg,https://images.brickset.com/sets/images/75169-1.jpg
1,true,Box,6,2017,Retail,26495,75170,Star Wars,Normal,Rebels,269,2016-12-18T23:28:03.51Z,The Phantom,2,3,Licensed,5,4.0,https://brickset.com/sets/75170-1,19.1008,35.4076,5.8928,5702015867597,673419265829,https://images.brickset.com/sets/small/75170-1.jpg,https://images.brickset.com/sets/images/75170-1.jpg
1,true,Box,9,2017,Retail,26602,75171,Star Wars,Normal,Rogue One,419,2016-12-13T07:32:30.017Z,Battle on Scarif,2,4,Licensed,4,3.9,https://brickset.com/sets/75171-1,26.2128,38.2016,7.0612,5702015867603,673419265836,https://images.brickset.com/sets/small/75171-1.jpg,https://images.brickset.com/sets/images/75171-1.jpg
1,true,Box,9,2017,Retail,26496,75172,Star Wars,Normal,Rogue One,691,2019-05-01T22:10:17.197Z,Y-wing Starfighter,2,5,Licensed,16,4.4,https://brickset.com/sets/75172-1,28.194,48.006,6.096,,673419265843,https://images.brickset.com/sets/small/75172-1.jpg,https://images.brickset.com/sets/images/75172-1.jpg
1,true,Box,7,2017,Retail - limited,26497,75173,Star Wars,Normal,Episode IV,149,2019-09-30T16:20:08.883Z,Luke's Landspeeder,2,4,Licensed,9,3.9,https://brickset.com/sets/75173-1,14.1,26.2,6.1,5702015867627,,https://images.brickset.com/sets/small/75173-1.jpg,https://images.brickset.com/sets/images/75173-1.jpg
1,true,Box,6,2017,Retail - limited,26498,75174,Star Wars,Normal,Episode VI,277,2016-12-13T07:32:35.25Z,Desert Skiff Escape,2,4,Licensed,0,3.8,https://brickset.com/sets/75174-1,19.1,35.4,5.9,5702015867634,,https://images.brickset.com/sets/small/75174-1.jpg,https://images.brickset.com/sets/images/75174-1.jpg
1,true,Box,9,2017,Retail - limited,26723,75175,Star Wars,Normal,Episode VI,358,2016-12-13T07:32:37.4Z,A-wing Starfighter,2,3,Licensed,4,4.2,https://brickset.com/sets/75175-1,26.2,28.2,5.9,5702015867641,673419266376,https://images.brickset.com/sets/small/75175-1.jpg,https://images.brickset.com/sets/images/75175-1.jpg
1,true,Box,11,2017,Retail,26710,75176,Star Wars,Normal,Episode VIII,294,2023-07-13T11:00:05.917Z,Resistance Transport Pod,2,3,Licensed,8,3.5,https://brickset.com/sets/75176-1,19.1008,35.4076,5.8928,5702015868495,673419266918,https://images.brickset.com/sets/small/75176-1.jpg,https://images.brickset.com/sets/images/75176-1.jpg
1,true,Box,9,2017,Retail,26711,75177,Star Wars,Normal,Episode VIII,554,2023-07-13T11:00:17.187Z,First Order Heavy Scout Walker,2,4,Licensed,9,3.2,https://brickset.com/sets/75177-1,26.2128,38.2016,5.6388,5702015868501,673419266925,https://images.brickset.com/sets/small/75177-1.jpg,https://images.brickset.com/sets/images/75177-1.jpg
1,true,Box,4,2017,Retail,26712,75178,Star Wars,Normal,Episode VII,457,2023-07-13T10:53:41.363Z,Jakku Quadjumper,2,5,Licensed,1,3.8,https://brickset.com/sets/75178-1,26.2128,38.2016,5.6388,5702015868518,673419266932,https://images.brickset.com/sets/small/75178-1.jpg,https://images.brickset.com/sets/images/75178-1.jpg
1,true,Box,10,2017,Retail,26499,75179,Star Wars,Normal,Episode VIII,630,2023-07-13T11:00:24.213Z,Kylo Ren's TIE Fighter,2,4,Licensed,7,4.1,https://brickset.com/sets/75179-1,28.194,54.0004,7.8486,5702015868525,673419266949,https://images.brickset.com/sets/small/75179-1.jpg,https://images.brickset.com/sets/images/75179-1.jpg
1,true,Box,9,2017,Retail,26713,75180,Star Wars,Normal,Episode VII,836,2023-07-13T10:54:04.23Z,Rathtar Escape,2,5,Licensed,2,3.7,https://brickset.com/sets/75180-1,28.194,54.0004,7.8486,,673419267557,https://images.brickset.com/sets/small/75180-1.jpg,https://images.brickset.com/sets/images/75180-1.jpg
1,true,Box,17,2018,LEGO exclusive,27832,75181,Star Wars,Normal,Ultimate Collector Series,1967,2020-04-12T08:41:03.55Z,Y-wing Starfighter,10,2,Licensed,7,4.4,https://brickset.com/sets/75181-1,37.8,58.2,11.8,5702016109665,,https://images.brickset.com/sets/small/75181-1.jpg,https://images.brickset.com/sets/images/75181-1.jpg
1,true,Box,8,2017,Retail,26714,75182,Star Wars,Normal,The Clone Wars,305,2020-04-11T12:36:04.09Z,Republic Fighter Tank,4,4,Licensed,6,4.1,https://brickset.com/sets/75182-1,19.1008,26.2128,6.096,5702015868549,673419267564,https://images.brickset.com/sets/small/75182-1.jpg,https://images.brickset.com/sets/images/75182-1.jpg
1,true,Box,3,2017,Retail,26715,75183,Star Wars,Normal,Episode III,282,2017-05-16T14:53:24.283Z,Darth Vader Transformation ,2,6,Licensed,9,4.1,https://brickset.com/sets/75183-1,19.1008,26.2128,6.096,5702015868556,673419267571,https://images.brickset.com/sets/small/75183-1.jpg,https://images.brickset.com/sets/images/75183-1.jpg
1,true,Box,10,2017,Retail,26716,75184,Star Wars,Normal,Seasonal,309,2023-07-13T12:10:33.38Z,LEGO Star Wars Advent Calendar,1,8,Licensed,1,3.5,https://brickset.com/sets/75184-1,26.2128,38.2016,7.0612,5702015869997,673419267717,https://images.brickset.com/sets/small/75184-1.jpg,https://images.brickset.com/sets/images/75184-1.jpg
1,true,Box,10,2017,Retail,26717,75185,Star Wars,Normal,The Freemaker Adventures,557,2023-10-04T21:38:32.733Z,Tracker I,2,4,Licensed,1,3.9,https://brickset.com/sets/75185-1,28.194,48.006,6.096,5702015868563,673419267588,https://images.brickset.com/sets/small/75185-1.jpg,https://images.brickset.com/sets/images/75185-1.jpg
1,true,Box,6,2017,Retail,26718,75186,Star Wars,Normal,The Freemaker Adventures,775,2023-10-04T21:38:41.717Z,The Arrowhead,2,5,Licensed,2,3.9,https://brickset.com/sets/75186-1,28.194,54.0004,7.8486,5702015869874,673419267595,https://images.brickset.com/sets/small/75186-1.jpg,https://images.brickset.com/sets/images/75186-1.jpg
1,true,Box,3,2017,Retail,26719,75187,Star Wars,Normal,Episode VIII,1106,2023-07-13T11:00:31.897Z,BB-8,2,1,Licensed,8,4.3,https://brickset.com/sets/75187-1,37.7952,35.4076,9.398,5702015869881,673419267601,https://images.brickset.com/sets/small/75187-1.jpg,https://images.brickset.com/sets/images/75187-1.jpg
2,true,Box,0,2018,Retail - limited,29287,75188,Star Wars,Normal,Episode VIII,780,2025-07-20T17:53:37.68Z,Resistance Bomber (Finch Dallow version),0,5,Licensed,0,4.4,https://brickset.com/sets/75188-2,0.0,0.0,0.0,5702015869898,673419267618,https://images.brickset.com/sets/small/75188-2.jpg,https://images.brickset.com/sets/images/75188-2.jpg
3,true,Box,12,2017,Retail,26720,75188,Star Wars,Normal,Episode VIII,780,2025-07-20T17:44:15.85Z,Resistance Bomber (standard pilot version),2,5,Licensed,3,4.2,https://brickset.com/sets/75188-3,37.7952,48.006,7.0612,,673419267618,https://images.brickset.com/sets/small/75188-1.jpg,https://images.brickset.com/sets/images/75188-1.jpg
1,true,Box,5,2017,Retail,26721,75189,Star Wars,Normal,Episode VIII,1376,2023-07-13T11:03:58.193Z,First Order Heavy Assault Walker,2,5,Licensed,6,4.1,https://brickset.com/sets/75189-1,37.7952,48.006,9.398,5702015869904,673419267625,https://images.brickset.com/sets/small/75189-1.jpg,https://images.brickset.com/sets/images/75189-1.jpg
1,true,Box,11,2017,Retail,26722,75190,Star Wars,Normal,Episode VIII,1416,2023-07-13T11:04:08.4Z,First Order Star Destroyer,2,7,Licensed,6,4.2,https://brickset.com/sets/75190-1,37.7952,58.1914,10.3124,5702015869911,673419267632,https://images.brickset.com/sets/small/75190-1.jpg,https://images.brickset.com/sets/images/75190-1.jpg
1,true,Box,7,2017,Retail - limited,26724,75191,Star Wars,Normal,Episode II,825,2017-05-26T02:34:10.173Z,Jedi Starfighter with Hyperdrive,2,4,Licensed,4,4.1,https://brickset.com/sets/75191-1,37.8,35.4,9.4,5702015869928,,https://images.brickset.com/sets/small/75191-1.jpg,https://images.brickset.com/sets/images/75191-1.jpg
1,true,Box,61,2017,LEGO exclusive,26725,75192,Star Wars,Normal,Ultimate Collector Series,7541,2023-02-03T20:49:50.973Z,Millennium Falcon,15,8,Licensed,10,4.4,https://brickset.com/sets/75192-1,46.0,53.3,38.5,5702015869935,673419267656,https://images.brickset.com/sets/small/75192-1.jpg,https://images.brickset.com/sets/images/75192-1.jpg
1,true,Box,4,2018,Retail,27009,75193,Star Wars,Normal,MicroFighters,92,2019-07-03T00:44:42.717Z,Millennium Falcon Microfighter,2,1,Licensed,6,3.8,https://brickset.com/sets/75193-1,12.2,14.1,4.6,5702016109870,673419281614,https://images.brickset.com/sets/small/75193-1.jpg,https://images.brickset.com/sets/images/75193-1.jpg
1,true,Box,4,2018,Retail,27491,75194,Star Wars,Normal,Microfighters,91,2020-01-23T17:40:33.683Z,First Order TIE Fighter Microfighter,2,1,Licensed,2,3.7,https://brickset.com/sets/75194-1,12.2,14.1,4.6,5702016109887,673419281621,https://images.brickset.com/sets/small/75194-1.jpg,https://images.brickset.com/sets/images/75194-1.jpg
1,true,Box,6,2018,Retail,27494,75195,Star Wars,Normal,MicroFighters,216,2023-06-27T07:32:05.043Z,Ski Speeder vs. First Order Walker Microfighters,4,2,Licensed,2,3.6,https://brickset.com/sets/75195-1,14.1,26.2,4.8,5702016109894,,https://images.brickset.com/sets/small/75195-1.jpg,https://images.brickset.com/sets/images/75195-1.jpg
1,true,Box,6,2018,Retail,27495,75196,Star Wars,Normal,MicroFighters,188,2017-12-26T10:48:57.3Z,A-Wing vs. TIE Silencer Microfighters,4,2,Licensed,2,3.7,https://brickset.com/sets/75196-1,14.1,26.2,4.8,5702016109900,673419281645,https://images.brickset.com/sets/small/75196-1.jpg,https://images.brickset.com/sets/images/75196-1.jpg
1,true,Box,7,2018,Retail,27447,75197,Star Wars,Normal,Episode VIII,108,2023-07-13T11:04:42.3Z,First Order Specialists Battle Pack,2,4,Licensed,6,3.5,https://brickset.com/sets/75197-1,14.1,19.1,4.6,5702016109917,673419281652,https://images.brickset.com/sets/small/75197-1.jpg,https://images.brickset.com/sets/images/75197-1.jpg
1,true,Box,6,2018,Retail,27397,75198,Star Wars,Normal,Episode IV,97,2017-12-26T10:50:27.11Z,Tatooine Battle Pack,2,4,Licensed,6,3.7,https://brickset.com/sets/75198-1,14.1,19.1,4.6,5702016109924,,https://images.brickset.com/sets/small/75198-1.jpg,https://images.brickset.com/sets/images/75198-1.jpg
1,true,Box,6,2018,Retail,27396,75199,Star Wars,Normal,The Clone Wars,157,2017-12-26T10:50:58.837Z,General Grievous' Combat Speeder,2,2,Licensed,8,3.2,https://brickset.com/sets/75199-1,19.1,26.2,4.6,5702016109931,673419281676,https://images.brickset.com/sets/small/75199-1.jpg,https://images.brickset.com/sets/images/75199-1.jpg
1,true,Box,9,2018,Retail,27448,75200,Star Wars,Normal,Episode VIII,241,2023-07-13T11:05:19.6Z,Ahch-To Island Training,2,2,Licensed,7,3.9,https://brickset.com/sets/75200-1,19.1,26.2,6.1,5702016109948,673419281683,https://images.brickset.com/sets/small/75200-1.jpg,https://images.brickset.com/sets/images/75200-1.jpg
1,true,Box,7,2018,Retail,27449,75201,Star Wars,Normal,Episode VIII,370,2023-07-13T11:07:07.607Z,First Order AT-ST,2,4,Licensed,3,2.9,https://brickset.com/sets/75201-1,26.2,28.2,5.9,5702016109955,,https://images.brickset.com/sets/small/75201-1.jpg,https://images.brickset.com/sets/images/75201-1.jpg
1,true,Box,8,2018,Retail,27450,75202,Star Wars,Normal,Episode VIII,746,2023-07-13T11:08:21.573Z,Defense of Crait,2,5,Licensed,4,3.7,https://brickset.com/sets/75202-1,28.2,54.0,7.9,5702016109962,,https://images.brickset.com/sets/small/75202-1.jpg,https://images.brickset.com/sets/images/75202-1.jpg
1,true,Box,5,2018,Retail,28091,75203,Star Wars,Normal,Episode V,255,2018-07-25T00:53:18.48Z,Hoth Medical Chamber,2,4,Licensed,1,4.0,https://brickset.com/sets/75203-1,19.1,35.4,5.9,5702016110616,,https://images.brickset.com/sets/small/75203-1.jpg,https://images.brickset.com/sets/images/75203-1.jpg
1,true,Box,8,2018,Retail - limited,27623,75204,Star Wars,Normal,Legends,278,2018-08-31T19:28:24.947Z,Sandspeeder,2,2,Licensed,4,4.0,https://brickset.com/sets/75204-1,0.0,0.0,0.0,5702016109979,673419281713,https://images.brickset.com/sets/small/75204-1.jpg,https://images.brickset.com/sets/images/75204-1.jpg
1,true,Box,11,2018,Retail - limited,27750,75205,Star Wars,Normal,Episode IV,376,2020-09-10T22:23:34.133Z,Mos Eisley Cantina,2,4,Licensed,4,3.7,https://brickset.com/sets/75205-1,26.2,28.2,5.9,5702016109986,,https://images.brickset.com/sets/small/75205-1.jpg,https://images.brickset.com/sets/images/75205-1.jpg
1,true,Box,4,2018,Retail,27399,75206,Star Wars,Normal,Episode II,102,2018-01-07T04:36:48.1Z,Jedi and Clone Troopers Battle Pack,2,4,Licensed,8,3.5,https://brickset.com/sets/75206-1,14.1,19.1,4.6,5702016109993,673419281737,https://images.brickset.com/sets/small/75206-1.jpg,https://images.brickset.com/sets/images/75206-1.jpg
1,true,Box,4,2018,Retail,27498,75207,Star Wars,Normal,Solo,99,2023-06-27T07:28:55.08Z,Imperial Patrol Battle Pack,2,4,Licensed,7,4.0,https://brickset.com/sets/75207-1,14.1,19.1,4.6,5702016109351,673419281027,https://images.brickset.com/sets/small/75207-1.jpg,https://images.brickset.com/sets/images/75207-1.jpg
1,true,Box,3,2018,Retail - limited,27398,75208,Star Wars,Normal,Episode V,229,2023-06-27T07:20:09.383Z,Yoda's Hut,2,3,Licensed,4,4.0,https://brickset.com/sets/75208-1,19.1,26.2,6.1,5702016109368,673419281034,https://images.brickset.com/sets/small/75208-1.jpg,https://images.brickset.com/sets/images/75208-1.jpg
1,true,Box,4,2018,Retail,27499,75209,Star Wars,Normal,Solo,345,2023-06-27T07:29:24.15Z,Han Solo's Landspeeder,2,2,Licensed,9,4.1,https://brickset.com/sets/75209-1,19.1,26.2,6.1,5702016110579,673419281041,https://images.brickset.com/sets/small/75209-1.jpg,https://images.brickset.com/sets/images/75209-1.jpg
1,true,Box,4,2018,Retail,27500,75210,Star Wars,Normal,Solo,464,2023-06-27T07:29:49.41Z,Moloch's Landspeeder,2,2,Licensed,3,3.8,https://brickset.com/sets/75210-1,26.2,28.2,7.6,5702016110586,673419282253,https://images.brickset.com/sets/small/75210-1.jpg,https://images.brickset.com/sets/images/75210-1.jpg
1,true,Box,4,2018,Retail,27501,75211,Star Wars,Normal,Solo,519,2023-06-27T07:30:40.04Z,Imperial TIE Fighter,2,4,Licensed,5,4.4,https://brickset.com/sets/75211-1,37.8,35.4,7.05,5702016110593,673419282260,https://images.brickset.com/sets/small/75211-1.jpg,https://images.brickset.com/sets/images/75211-1.jpg
1,true,Box,4,2018,Retail,27502,75212,Star Wars,Normal,Solo,1414,2023-06-27T07:26:04.213Z,Kessel Run Millennium Falcon,2,7,Licensed,6,4.1,https://brickset.com/sets/75212-1,37.8,58.2,8.7,5702016110609,673419282277,https://images.brickset.com/sets/small/75212-1.jpg,https://images.brickset.com/sets/images/75212-1.jpg
1,true,Box,2,2018,Retail,27792,75213,Star Wars,Normal,Seasonal,307,2023-07-13T12:09:42.177Z,LEGO Star Wars Advent Calendar,1,8,Licensed,1,3.4,https://brickset.com/sets/75213-1,26.2,38.2,7.1,5702016112078,,https://images.brickset.com/sets/small/75213-1.jpg,https://images.brickset.com/sets/images/75213-1.jpg
1,true,Box,5,2018,Retail,27793,75214,Star Wars,Normal,The Clone Wars,247,2018-05-18T02:32:59.527Z,Anakin's Jedi Starfighter,2,2,Licensed,6,4.1,https://brickset.com/sets/75214-1,19.1,26.2,7.2,5702016110623,673419282291,https://images.brickset.com/sets/small/75214-1.jpg,https://images.brickset.com/sets/images/75214-1.jpg
1,true,Box,5,2018,Retail,27794,75215,Star Wars,Normal,Solo,355,2023-06-27T07:26:42.143Z,Cloud-Rider Swoop Bikes,4,3,Licensed,6,4.1,https://brickset.com/sets/75215-1,19.1,26.2,6.1,5702016110630,673419282307,https://images.brickset.com/sets/small/75215-1.jpg,https://images.brickset.com/sets/images/75215-1.jpg
1,true,Box,5,2018,Retail,27795,75216,Star Wars,Normal,Episode VIII,492,2023-07-13T11:10:47.383Z,Snoke's Throne Room,2,5,Licensed,5,3.8,https://brickset.com/sets/75216-1,26.2,38.2,7.05,5702016110647,673419282314,https://images.brickset.com/sets/small/75216-1.jpg,https://images.brickset.com/sets/images/75216-1.jpg
1,true,Box,5,2018,Retail,27796,75217,Star Wars,Normal,Solo,622,2018-07-31T19:34:02.737Z,Imperial Conveyex Transport,2,5,Licensed,0,3.8,https://brickset.com/sets/75217-1,28.2,48.0,6.1,5702016110654,673419282321,https://images.brickset.com/sets/small/75217-1.jpg,https://images.brickset.com/sets/images/75217-1.jpg
1,true,Box,4,2018,Retail,27797,75218,Star Wars,Normal,Episode IV,731,2018-05-18T02:30:37.297Z,X-wing Starfighter,2,4,Licensed,5,4.4,https://brickset.com/sets/75218-1,28.2,48.0,6.1,5702016110661,673419282338,https://images.brickset.com/sets/small/75218-1.jpg,https://images.brickset.com/sets/images/75218-1.jpg
1,true,Box,5,2018,Retail,27798,75219,Star Wars,Normal,Solo,829,2018-07-31T19:34:45.23Z,Imperial AT-Hauler,2,5,Licensed,1,3.9,https://brickset.com/sets/75219-1,37.8,48.0,7.05,5702016111170,673419282345,https://images.brickset.com/sets/small/75219-1.jpg,https://images.brickset.com/sets/images/75219-1.jpg
1,true,Box,5,2018,Retail,27799,75220,Star Wars,Normal,Episode IV,1239,2018-05-25T11:43:10.953Z,Sandcrawler,2,6,Licensed,2,4.0,https://brickset.com/sets/75220-1,37.8,48.0,9.4,5702016111187,673419282758,https://images.brickset.com/sets/small/75220-1.jpg,https://images.brickset.com/sets/images/75220-1.jpg
1,true,Box,4,2018,Retail,28092,75221,Star Wars,Normal,Episode IV,636,2018-05-18T00:12:29.283Z,Imperial Landing Craft,2,5,Licensed,2,4.0,https://brickset.com/sets/75221-1,37.8,35.4,7.05,5702016111194,673419282765,https://images.brickset.com/sets/small/75221-1.jpg,https://images.brickset.com/sets/images/75221-1.jpg
1,true,Box,59,2018,LEGO exclusive,27833,75222,Star Wars,Normal,Master Builder Series,2812,2020-09-10T02:09:48.727Z,Betrayal at Cloud City,10,20,Licensed,3,4.2,https://brickset.com/sets/75222-1,48.0,58.2,12.4,5702016111200,,https://images.brickset.com/sets/small/75222-1.jpg,https://images.brickset.com/sets/images/75222-1.jpg
1,true,Box,4,2019,Retail,28413,75223,Star Wars,Normal,MicroFighters,62,2018-11-21T02:54:51.1Z,Naboo Starfighter Microfighter,2,1,Licensed,2,3.8,https://brickset.com/sets/75223-1,12.2,14.1,4.6,5702016370096,673419303613,https://images.brickset.com/sets/small/75223-1.jpg,https://images.brickset.com/sets/images/75223-1.jpg
1,true,Box,4,2019,Retail,28464,75224,Star Wars,Normal,MicroFighters,92,2018-11-22T17:32:17.513Z,Sith Infiltrator Microfighter,2,1,Licensed,2,3.7,https://brickset.com/sets/75224-1,12.2,14.1,4.6,5702016370102,673419303620,https://images.brickset.com/sets/small/75224-1.jpg,https://images.brickset.com/sets/images/75224-1.jpg
1,true,Box,4,2019,Retail,28402,75225,Star Wars,Normal,Episode VIII,109,2023-07-13T11:10:18.317Z,Elite Praetorian Guard Battle Pack,2,5,Licensed,5,3.8,https://brickset.com/sets/75225-1,14.1,19.1,4.6,5702016370119,673419303637,https://images.brickset.com/sets/small/75225-1.jpg,https://images.brickset.com/sets/images/75225-1.jpg
1,true,Box,4,2019,Retail,28406,75226,Star Wars,Normal,Battlefront,118,2018-11-21T19:09:24.083Z,Inferno Squad Battle Pack,2,4,Licensed,6,3.8,https://brickset.com/sets/75226-1,14.1,19.1,4.6,5702016370126,673419303644,https://images.brickset.com/sets/small/75226-1.jpg,https://images.brickset.com/sets/images/75226-1.jpg
1,true,Box,1,2019,Retail - limited,29190,75227,Star Wars,Normal,Promotional,327,2019-04-16T15:46:40.083Z,Darth Vader Bust,1,0,Licensed,0,4.1,https://brickset.com/sets/75227-1,28.2,26.2,5.9,,673419315357,https://images.brickset.com/sets/small/75227-1.jpg,https://images.brickset.com/sets/images/75227-1.jpg
1,true,Box,4,2019,Retail,28412,75228,Star Wars,Normal,MicroFighters,177,2023-01-31T07:24:09.05Z,Escape Pod vs. Dewback Microfighters,4,3,Licensed,6,4.0,https://brickset.com/sets/75228-1,14.1,26.2,4.8,5702016370379,673419303804,https://images.brickset.com/sets/small/75228-1.jpg,https://images.brickset.com/sets/images/75228-1.jpg
1,true,Box,4,2019,Retail,28459,75229,Star Wars,Normal,Episode IV,329,2018-11-21T19:09:33.663Z,Death Star Escape,2,4,Licensed,4,3.8,https://brickset.com/sets/75229-1,19.1,26.2,7.2,5702016370386,673419303811,https://images.brickset.com/sets/small/75229-1.jpg,https://images.brickset.com/sets/images/75229-1.jpg
1,true,Box,2,2018,Retail,28147,75230,Star Wars,Normal,Episode VIII,811,2023-07-13T11:11:11.743Z,Porg,2,0,Licensed,4,4.2,https://brickset.com/sets/75230-1,38.2,26.2,7.05,5702016367386,673419302562,https://images.brickset.com/sets/small/75230-1.jpg,https://images.brickset.com/sets/images/75230-1.jpg
1,true,Box,4,2019,Retail,28408,75233,Star Wars,Normal,Episode III,389,2018-11-28T23:32:17.463Z,Droid Gunship,2,4,Licensed,3,4.0,https://brickset.com/sets/75233-1,26.2,28.2,7.6,5702016370393,673419303828,https://images.brickset.com/sets/small/75233-1.jpg,https://images.brickset.com/sets/images/75233-1.jpg
1,true,Box,4,2019,Retail,28409,75234,Star Wars,Normal,Episode III,689,2018-11-28T23:32:01.103Z,AT-AP Walker,2,5,Licensed,4,4.2,https://brickset.com/sets/75234-1,35.4,37.8,7.05,5702016370409,673419303835,https://images.brickset.com/sets/small/75234-1.jpg,https://images.brickset.com/sets/images/75234-1.jpg
1,true,Box,4,2019,Retail,28403,75235,Star Wars,Normal,Episode IV,132,2020-11-29T06:13:04.943Z,X-wing Starfighter Trench Run,2,3,Licensed,3,3.1,https://brickset.com/sets/75235-1,19.1,26.2,6.1,5702016370416,673419303842,https://images.brickset.com/sets/small/75235-1.jpg,https://images.brickset.com/sets/images/75235-1.jpg
1,true,Box,4,2019,Retail,29053,75236,Star Wars,Normal,Episode VII,191,2023-07-13T10:54:58.25Z,Duel on Starkiller Base,2,2,Licensed,3,3.6,https://brickset.com/sets/75236-1,14.1,26.2,6.1,5702016370133,,https://images.brickset.com/sets/small/75236-1.jpg,https://images.brickset.com/sets/images/75236-1.jpg
1,true,Box,4,2019,Retail,28411,75237,Star Wars,Normal,Episode IV,77,2020-11-29T06:13:47.963Z,TIE Fighter Attack,2,2,Licensed,1,3.4,https://brickset.com/sets/75237-1,14.1,26.2,6.1,5702016370423,673419304153,https://images.brickset.com/sets/small/75237-1.jpg,https://images.brickset.com/sets/images/75237-1.jpg
1,true,Box,4,2019,Retail,29055,75238,Star Wars,Normal,Episode VI,193,2023-01-31T06:57:36.04Z,Action Battle Endor Assault,2,2,Licensed,0,3.1,https://brickset.com/sets/75238-1,19.1,26.2,6.1,5702016370140,,https://images.brickset.com/sets/small/75238-1.jpg,https://images.brickset.com/sets/images/75238-1.jpg
1,true,Box,4,2019,Retail,29056,75239,Star Wars,Normal,Episode V,235,2023-01-31T06:58:32.25Z,Action Battle Hoth Generator Attack,2,2,Licensed,2,3.2,https://brickset.com/sets/75239-1,19.1,26.2,6.1,5702016370157,673419304092,https://images.brickset.com/sets/small/75239-1.jpg,https://images.brickset.com/sets/images/75239-1.jpg
1,true,Box,4,2019,Retail,29051,75240,Star Wars,Normal,Resistance,496,2023-01-31T07:26:31.417Z,Major Vonreg's TIE Fighter,2,4,Licensed,3,4.1,https://brickset.com/sets/75240-1,26.2,38.2,7.1,5702016370676,,https://images.brickset.com/sets/small/75240-1.jpg,https://images.brickset.com/sets/images/75240-1.jpg
1,true,Box,4,2019,Retail,29054,75241,Star Wars,Normal,Episode V,504,2023-01-31T06:59:04.157Z,Action Battle Echo Base Defense,2,6,Licensed,2,3.4,https://brickset.com/sets/75241-1,26.2,38.2,7.1,5702016370683,,https://images.brickset.com/sets/small/75241-1.jpg,https://images.brickset.com/sets/images/75241-1.jpg
1,true,Box,4,2019,Retail,29052,75242,Star Wars,Normal,Resistance,396,2023-01-31T07:27:20.487Z,Black Ace TIE Interceptor,2,3,Licensed,1,3.7,https://brickset.com/sets/75242-1,19.1,35.4,7.0,5702016370690,,https://images.brickset.com/sets/small/75242-1.jpg,https://images.brickset.com/sets/images/75242-1.jpg
1,true,Box,5,2019,Retail,29026,75243,Star Wars,Normal,Episode V,1007,2023-01-31T07:29:41.49Z,Slave I - 20th Anniversary Edition,10,5,Licensed,7,4.4,https://brickset.com/sets/75243-1,37.8,48.0,7.1,5702016370706,673419304139,https://images.brickset.com/sets/small/75243-1.jpg,https://images.brickset.com/sets/images/75243-1.jpg
1,true,Box,27,2019,LEGO exclusive,29250,75244,Star Wars,Normal,Miscellaneous,1768,2023-09-09T07:16:43.953Z,Tantive IV,10,6,Licensed,8,4.4,https://brickset.com/sets/75244-1,37.8,58.2,10.3,5702016371109,,https://images.brickset.com/sets/small/75244-1.jpg,https://images.brickset.com/sets/images/75244-1.jpg
1,true,Box,5,2019,Retail,29063,75245,Star Wars,Normal,Seasonal,280,2023-07-13T12:08:52.193Z,LEGO Star Wars Advent Calendar,1,9,Licensed,1,3.6,https://brickset.com/sets/75245-1,26.2,38.2,7.1,5702016369847,,https://images.brickset.com/sets/small/75245-1.jpg,https://images.brickset.com/sets/images/75245-1.jpg
1,true,Box,4,2019,Retail,29346,75246,Star Wars,Normal,Episode IV,159,2019-10-04T08:26:25.787Z,Death Star Cannon,2,2,Licensed,1,3.5,https://brickset.com/sets/75246-1,14.1,26.2,6.1,5702016370720,673419304351,https://images.brickset.com/sets/small/75246-1.jpg,https://images.brickset.com/sets/images/75246-1.jpg
1,true,Box,4,2019,Retail,28410,75247,Star Wars,Normal,Episode VI,62,2020-11-29T06:14:01.693Z,Rebel A-wing Starfighter,2,2,Licensed,1,3.2,https://brickset.com/sets/75247-1,14.1,19.1,6.1,5702016370430,673419304160,https://images.brickset.com/sets/small/75247-1.jpg,https://images.brickset.com/sets/images/75247-1.jpg
1,true,Box,4,2019,Retail,29347,75248,Star Wars,Normal,Episode IX,269,2023-07-13T11:12:43.347Z,Resistance A-wing Starfighter,2,2,Licensed,3,4.0,https://brickset.com/sets/75248-1,19.1,26.2,7.2,5702016370737,,https://images.brickset.com/sets/small/75248-1.jpg,https://images.brickset.com/sets/images/75248-1.jpg
1,true,Box,4,2019,Retail,29352,75249,Star Wars,Normal,Episode IX,578,2023-07-13T11:13:27.243Z,Resistance Y-wing Starfighter,2,5,Licensed,4,4.1,https://brickset.com/sets/75249-1,26.2,38.2,5.7,5702016370744,,https://images.brickset.com/sets/small/75249-1.jpg,https://images.brickset.com/sets/images/75249-1.jpg
1,true,Box,4,2019,Retail,29353,75250,Star Wars,Normal,Episode IX,373,2023-07-13T11:13:36.267Z,Pasaana Speeder Chase,2,4,Licensed,3,3.6,https://brickset.com/sets/75250-1,26.2,28.2,5.9,5702016370751,,https://images.brickset.com/sets/small/75250-1.jpg,https://images.brickset.com/sets/images/75250-1.jpg
1,true,Box,7,2019,Retail,28331,75251,Star Wars,Normal,Miscellaneous,1060,2024-08-18T19:37:33.12Z,Darth Vader's Castle,2,6,Licensed,3,4.4,https://brickset.com/sets/75251-1,0.0,0.0,0.0,5702016370454,,https://images.brickset.com/sets/small/75251-1.jpg,https://images.brickset.com/sets/images/75251-1.jpg
1,true,Box,16,2019,LEGO exclusive,28594,75252,Star Wars,Normal,Ultimate Collector Series,4784,2019-09-17T21:04:33.413Z,Imperial Star Destroyer,10,2,Licensed,5,4.4,https://brickset.com/sets/75252-1,46.0,53.3,38.5,5702016371116,673419304245,https://images.brickset.com/sets/small/75252-1.jpg,https://images.brickset.com/sets/images/75252-1.jpg
1,true,Box,7,2019,Retail,29296,75253,Star Wars,Normal,Boost,1177,2019-06-26T20:41:50.933Z,Droid Commander,5,0,Licensed,2,3.6,https://brickset.com/sets/75253-1,28.2,54.0,9.1,5702016369854,,https://images.brickset.com/sets/small/75253-1.jpg,https://images.brickset.com/sets/images/75253-1.jpg
1,true,Box,4,2019,Retail,29354,75254,Star Wars,Normal,The Mandalorian,540,2019-10-04T08:26:33.13Z,AT-ST Raider,2,4,Licensed,8,4.0,https://brickset.com/sets/75254-1,38.2,26.2,7.1,5702016370768,673419304399,https://images.brickset.com/sets/small/75254-1.jpg,https://images.brickset.com/sets/images/75254-1.jpg
1,true,Box,4,2019,Retail,29355,75255,Star Wars,Normal,Episode III,1771,2020-09-29T11:46:30.76Z,Yoda,2,1,Licensed,4,4.1,https://brickset.com/sets/75255-1,37.8,35.4,11.8,5702016370775,673419304405,https://images.brickset.com/sets/small/75255-1.jpg,https://images.brickset.com/sets/images/75255-1.jpg
1,true,Box,10,2019,Retail,29356,75256,Star Wars,Normal,Episode IX,1005,2023-07-13T11:13:49.123Z,Kylo Ren's Shuttle,2,6,Licensed,4,4.4,https://brickset.com/sets/75256-1,37.8,48.0,9.4,5702016370782,,https://images.brickset.com/sets/small/75256-1.jpg,https://images.brickset.com/sets/images/75256-1.jpg
1,true,Box,4,2019,Retail,29357,75257,Star Wars,Normal,Episode IX,1351,2023-07-13T11:14:24.15Z,Millennium Falcon,4,7,Licensed,3,4.4,https://brickset.com/sets/75257-1,37.8,58.2,8.7,5702016370799,673419304429,https://images.brickset.com/sets/small/75257-1.jpg,https://images.brickset.com/sets/images/75257-1.jpg
1,true,Box,4,2019,Retail,29029,75258,Star Wars,Normal,Episode I,279,2023-01-31T07:33:48.94Z,Anakin's Podracer – 20th Anniversary Edition,10,3,Licensed,8,4.0,https://brickset.com/sets/75258-1,19.1,26.2,6.1,5702016370713,673419304146,https://images.brickset.com/sets/small/75258-1.jpg,https://images.brickset.com/sets/images/75258-1.jpg
1,true,Box,4,2019,Retail,29028,75259,Star Wars,Normal,Episode V,309,2023-01-31T07:34:20.157Z,Snowspeeder – 20th Anniversary Edition,10,4,Licensed,6,4.1,https://brickset.com/sets/75259-1,19.1,35.4,5.9,5702016370461,,https://images.brickset.com/sets/small/75259-1.jpg,https://images.brickset.com/sets/images/75259-1.jpg
1,true,Box,4,2019,Retail,29030,75261,Star Wars,Normal,Episode III,250,2019-03-25T17:40:41.943Z,Clone Scout Walker  – 20th Anniversary Edition,10,5,Licensed,8,4.0,https://brickset.com/sets/75261-1,19.1,26.2,4.6,5702016371086,673419304214,https://images.brickset.com/sets/small/75261-1.jpg,https://images.brickset.com/sets/images/75261-1.jpg
1,true,Box,4,2019,Retail,29031,75262,Star Wars,Normal,Miscellaneous,125,2023-10-04T21:39:25.013Z,Imperial Dropship  – 20th Anniversary Edition,10,5,Licensed,6,4.0,https://brickset.com/sets/75262-1,14.1,26.2,4.8,5702016371093,673419304221,https://images.brickset.com/sets/small/75262-1.jpg,https://images.brickset.com/sets/images/75262-1.jpg
1,true,Box,4,2020,Retail,29678,75263,Star Wars,Normal,Microfighters,86,2020-01-23T17:39:24.667Z,Resistance Y-wing Microfighter,2,1,Licensed,3,3.6,https://brickset.com/sets/75263-1,12.2,14.1,4.6,5702016617092,673419317207,https://images.brickset.com/sets/small/75263-1.jpg,https://images.brickset.com/sets/images/75263-1.jpg
1,true,Box,4,2020,Retail,29679,75264,Star Wars,Normal,Microfighters,72,2020-01-23T17:39:13.84Z,Kylo Ren's Shuttle Microfighter,2,1,Licensed,4,3.8,https://brickset.com/sets/75264-1,12.2,14.1,4.6,5702016617108,673419317214,https://images.brickset.com/sets/small/75264-1.jpg,https://images.brickset.com/sets/images/75264-1.jpg
1,true,Box,5,2020,Retail,29680,75265,Star Wars,Normal,Microfighters,198,2020-03-08T07:39:34.977Z,T-16 Skyhopper vs Bantha Microfighters,4,2,Licensed,5,3.8,https://brickset.com/sets/75265-1,14.1,26.2,4.8,5702016617115,673419317221,https://images.brickset.com/sets/small/75265-1.jpg,https://images.brickset.com/sets/images/75265-1.jpg
1,true,Box,4,2020,Retail,29681,75266,Star Wars,Normal,Episode IX,105,2023-07-13T11:14:48.46Z,Sith Troopers Battle Pack,2,4,Licensed,11,3.7,https://brickset.com/sets/75266-1,14.1,19.1,4.6,5702016617122,673419317238,https://images.brickset.com/sets/small/75266-1.jpg,https://images.brickset.com/sets/images/75266-1.jpg
1,true,Box,4,2020,Retail,29682,75267,Star Wars,Normal,The Mandalorian,102,2019-12-26T03:14:40.42Z,Mandalorian Battle Pack,2,4,Licensed,17,4.0,https://brickset.com/sets/75267-1,14.1,19.1,4.6,5702016617139,673419317245,https://images.brickset.com/sets/small/75267-1.jpg,https://images.brickset.com/sets/images/75267-1.jpg
1,true,Box,5,2020,Retail,29683,75268,Star Wars,Normal,Episode V,91,2020-11-29T06:14:21.337Z,Snowspeeder,4,2,Licensed,1,3.3,https://brickset.com/sets/75268-1,14.1,26.2,6.1,5702016617146,673419318358,https://images.brickset.com/sets/small/75268-1.jpg,https://images.brickset.com/sets/images/75268-1.jpg
1,true,Box,5,2020,Retail,29684,75269,Star Wars,Normal,Episode III,208,2019-12-26T03:13:42.183Z,Duel on Mustafar ,2,2,Licensed,9,3.8,https://brickset.com/sets/75269-1,14.1,26.2,6.1,5702016617153,673419318365,https://images.brickset.com/sets/small/75269-1.jpg,https://images.brickset.com/sets/images/75269-1.jpg
1,true,Box,5,2020,Retail,29379,75270,Star Wars,Normal,Episode IV,200,2019-12-26T03:13:40.857Z,Obi-Wan's Hut,2,4,Licensed,4,3.9,https://brickset.com/sets/75270-1,19.1,26.2,6.1,5702016617160,673419318372,https://images.brickset.com/sets/small/75270-1.jpg,https://images.brickset.com/sets/images/75270-1.jpg
1,true,Box,5,2020,{Not specified},29380,75271,Star Wars,Normal,Episode IV,236,2019-12-26T03:13:14.387Z,Luke Skywalker's Landspeeder,2,3,Licensed,5,3.8,https://brickset.com/sets/75271-1,19.1,26.2,6.1,5702016617177,673419318389,https://images.brickset.com/sets/small/75271-1.jpg,https://images.brickset.com/sets/images/75271-1.jpg
1,true,Box,5,2020,Retail,29685,75272,Star Wars,Normal,Episode IX,470,2023-07-13T11:15:01.483Z,Sith TIE Fighter,2,3,Licensed,5,3.8,https://brickset.com/sets/75272-1,37.8,35.4,7.1,5702016617184,673419318396,https://images.brickset.com/sets/small/75272-1.jpg,https://images.brickset.com/sets/images/75272-1.jpg
1,true,Box,5,2020,Retail,29686,75273,Star Wars,Normal,Episode IX,761,2023-07-13T11:15:13.21Z,Poe Dameron's X-wing Fighter,2,4,Licensed,2,4.1,https://brickset.com/sets/75273-1,28.2,48.0,6.1,5702016617191,673419318402,https://images.brickset.com/sets/small/75273-1.jpg,https://images.brickset.com/sets/images/75273-1.jpg
1,true,Box,10,2020,{Not specified},30013,75274,Star Wars,Normal,Helmet Collection,724,2022-05-28T14:50:37.117Z,TIE Fighter Pilot Helmet,7,0,Licensed,5,4.1,https://brickset.com/sets/75274-1,35.4,19.1,11.8,5702016617207,,https://images.brickset.com/sets/small/75274-1.jpg,https://images.brickset.com/sets/images/75274-1.jpg
1,true,Box,35,2020,LEGO exclusive,30201,75275,Star Wars,Normal,Ultimate Collector Series,1673,2023-02-05T10:39:17.547Z,A-wing Starfighter,7,1,Licensed,1,4.1,https://brickset.com/sets/75275-1,37.8,58.2,8.7,5702016663488,,https://images.brickset.com/sets/small/75275-1.jpg,https://images.brickset.com/sets/images/75275-1.jpg
1,true,Box,10,2020,{Not specified},30007,75276,Star Wars,Normal,Helmet Collection,647,2020-11-29T06:06:06.95Z,Stormtrooper Helmet,7,0,Licensed,3,4.2,https://brickset.com/sets/75276-1,35.4,19.1,11.8,5702016617214,673419318426,https://images.brickset.com/sets/small/75276-1.jpg,https://images.brickset.com/sets/images/75276-1.jpg
1,true,Box,10,2020,{Not specified},30008,75277,Star Wars,Normal,Helmet Collection,625,2020-11-29T06:06:15.06Z,Boba Fett Helmet,7,0,Licensed,10,4.3,https://brickset.com/sets/75277-1,35.4,19.1,11.8,5702016617221,673419318433,https://images.brickset.com/sets/small/75277-1.jpg,https://images.brickset.com/sets/images/75277-1.jpg
1,true,Box,15,2020,Retail,29997,75278,Star Wars,Normal,Episode IX,519,2023-07-13T11:15:25.573Z,D-O,2,1,Licensed,1,3.9,https://brickset.com/sets/75278-1,38.2,26.2,7.1,5702016617238,673419318440,https://images.brickset.com/sets/small/75278-1.jpg,https://images.brickset.com/sets/images/75278-1.jpg
1,true,Box,30,2020,Retail,29952,75279,Star Wars,Normal,Seasonal,311,2023-07-13T12:07:26.567Z,LEGO Star Wars Advent Calendar,1,10,Licensed,1,3.8,https://brickset.com/sets/75279-1,0.0,0.0,0.0,5702016617085,673419318297,https://images.brickset.com/sets/small/75279-1.jpg,https://images.brickset.com/sets/images/75279-1.jpg
1,true,Box,28,2020,{Not specified},30188,75280,Star Wars,Normal,The Clone Wars,285,2020-08-01T00:34:36.91Z,501st Legion Clone Troopers,2,6,Licensed,20,4.3,https://brickset.com/sets/75280-1,19.1,26.2,6.1,5702016617245,673419318457,https://images.brickset.com/sets/small/75280-1.jpg,https://images.brickset.com/sets/images/75280-1.jpg
1,true,Box,10,2020,Retail,30552,75281,Star Wars,Normal,Episode III,248,2020-08-01T00:34:54.603Z,Anakin's Jedi Interceptor,2,2,Licensed,8,4.0,https://brickset.com/sets/75281-1,19.1,26.2,6.1,5702016617252,673419318464,https://images.brickset.com/sets/small/75281-1.jpg,https://images.brickset.com/sets/images/75281-1.jpg
1,true,Box,17,2020,Retail,30553,75283,Star Wars,Normal,The Clone Wars,286,2020-08-01T00:35:54.273Z,Armored Assault Tank (AAT),2,4,Licensed,10,3.9,https://brickset.com/sets/75283-1,0.0,0.0,0.0,5702016617276,673419318488,https://images.brickset.com/sets/small/75283-1.jpg,https://images.brickset.com/sets/images/75283-1.jpg
1,true,Box,15,2020,Retail,30554,75284,Star Wars,Normal,Episode IX,595,2023-07-13T11:16:02.847Z,Knights of Ren Transport Ship,2,3,Licensed,4,3.4,https://brickset.com/sets/75284-1,26.2,38.2,7.1,5702016617283,673419318495,https://images.brickset.com/sets/small/75284-1.jpg,https://images.brickset.com/sets/images/75284-1.jpg
1,true,Box,14,2020,Retail,30555,75286,Star Wars,Normal,Episode III,487,2020-08-01T00:36:23.23Z,General Grievous's Starfighter,2,3,Licensed,6,3.7,https://brickset.com/sets/75286-1,26.2,38.2,7.1,5702016617306,673419318518,https://images.brickset.com/sets/small/75286-1.jpg,https://images.brickset.com/sets/images/75286-1.jpg
1,true,Box,15,2020,Retail,30260,75288,Star Wars,Normal,Episode V,1267,2020-08-01T00:36:24.853Z,AT-AT,2,6,Licensed,8,4.4,https://brickset.com/sets/75288-1,37.8,58.2,8.7,5702016617320,673419318532,https://images.brickset.com/sets/small/75288-1.jpg,https://images.brickset.com/sets/images/75288-1.jpg
1,true,Box,73,2020,LEGO exclusive,30732,75290,Star Wars,Normal,Master Builder Series,3187,2020-11-13T19:53:40.127Z,Mos Eisley Cantina,7,21,Licensed,6,4.5,https://brickset.com/sets/75290-1,48.0,58.2,12.4,5702016663495,673419321419,https://images.brickset.com/sets/small/75290-1.jpg,https://images.brickset.com/sets/images/75290-1.jpg
1,true,Box,20,2020,Retail,30556,75291,Star Wars,Normal,Episode VI,775,2023-09-26T20:47:11.257Z,Death Star Final Duel,2,5,Licensed,1,4.2,https://brickset.com/sets/75291-1,37.8,35.4,9.4,5702016678451,,https://images.brickset.com/sets/small/75291-1.jpg,https://images.brickset.com/sets/images/75291-1.jpg
1,true,Box,21,2020,Retail,29993,75292,Star Wars,Normal,The Mandalorian,1023,2020-09-01T09:22:44.28Z,The Razor Crest,2,5,Licensed,10,4.3,https://brickset.com/sets/75292-1,37.8,48.0,7.1,5702016683325,673419324038,https://images.brickset.com/sets/small/75292-1.jpg,https://images.brickset.com/sets/images/75292-1.jpg
1,true,Box,15,2020,Retail,30557,75293,Star Wars,Normal,Galaxy's Edge,932,2020-06-18T00:04:25.627Z,Resistance I-TS Transport,2,4,Licensed,1,4.1,https://brickset.com/sets/75293-1,37.8,35.4,9.4,5702016762013,,https://images.brickset.com/sets/small/75293-1.jpg,https://images.brickset.com/sets/images/75293-1.jpg
1,true,Box,9,2020,Retail - limited,30664,75294,Star Wars,Normal,Promotional,295,2021-04-18T10:26:48.99Z,Bespin Duel,1,2,Licensed,6,4.4,https://brickset.com/sets/75294-1,26.2,22.2,6.2,,673419334761,https://images.brickset.com/sets/small/75294-1.jpg,https://images.brickset.com/sets/images/75294-1.jpg
1,true,Box,5,2021,Retail,30752,75295,Star Wars,Normal,MicroFighters,101,2020-12-31T22:29:01.74Z,Millennium Falcon Microfighter,2,1,Licensed,1,3.7,https://brickset.com/sets/75295-1,12.2,14.1,4.6,5702016912654,,https://images.brickset.com/sets/small/75295-1.jpg,https://images.brickset.com/sets/images/75295-1.jpg
1,true,Box,9,2021,Retail,30762,75296,Star Wars,Normal,Episode V,663,2021-06-02T09:48:04.313Z,Darth Vader Meditation Chamber,7,2,Licensed,1,4.1,https://brickset.com/sets/75296-1,26.2,28.2,9.6,5702016974348,,https://images.brickset.com/sets/small/75296-1.jpg,https://images.brickset.com/sets/images/75296-1.jpg
1,true,Box,10,2021,Retail,30763,75297,Star Wars,Normal,Episode VII,60,2023-07-13T10:55:20.867Z,Resistance X-wing Starfighter,2,2,Licensed,2,3.0,https://brickset.com/sets/75297-1,14.1,26.2,4.8,5702016912661,673419340120,https://images.brickset.com/sets/small/75297-1.jpg,https://images.brickset.com/sets/images/75297-1.jpg
1,true,Box,9,2021,Retail,30760,75298,Star Wars,Normal,MicroFighters,205,2021-05-08T03:42:51.427Z,AT-AT vs. Tauntaun Microfighters,4,2,Licensed,1,3.8,https://brickset.com/sets/75298-1,14.1,26.2,4.8,5702016913972,,https://images.brickset.com/sets/small/75298-1.jpg,https://images.brickset.com/sets/images/75298-1.jpg
1,true,Box,12,2021,Retail,30753,75299,Star Wars,Normal,The Mandalorian,276,2021-01-01T03:35:55.907Z,Trouble on Tatooine,2,3,Licensed,9,3.6,https://brickset.com/sets/75299-1,19.1,26.2,4.6,5702016913989,,https://images.brickset.com/sets/small/75299-1.jpg,https://images.brickset.com/sets/images/75299-1.jpg
1,true,Box,5,2021,Retail,30754,75300,Star Wars,Normal,Episode IV,432,2020-12-31T22:16:20.493Z,Imperial TIE Fighter,2,3,Licensed,5,4.0,https://brickset.com/sets/75300-1,26.2,28.2,7.6,5702016913606,673419340137,https://images.brickset.com/sets/small/75300-1.jpg,https://images.brickset.com/sets/images/75300-1.jpg
1,true,Box,5,2021,Retail,30755,75301,Star Wars,Normal,Episode IV,474,2021-05-06T16:45:36.64Z,Luke Skywalker's X-wing Fighter,2,4,Licensed,9,4.1,https://brickset.com/sets/75301-1,26.2,38.2,7.1,5702016913965,673419340724,https://images.brickset.com/sets/small/75301-1.jpg,https://images.brickset.com/sets/images/75301-1.jpg
1,true,Box,12,2021,Retail,30761,75302,Star Wars,Normal,Episode VI,660,2021-02-25T09:49:35.017Z,Imperial Shuttle,2,3,Licensed,4,3.7,https://brickset.com/sets/75302-1,37.8,35.4,7.1,5702016914474,673419340731,https://images.brickset.com/sets/small/75302-1.jpg,https://images.brickset.com/sets/images/75302-1.jpg
1,true,Box,17,2021,Retail,30756,75304,Star Wars,Normal,Helmet Collection,834,2021-03-25T13:57:56.213Z,Darth Vader Helmet,11,0,Licensed,0,4.1,https://brickset.com/sets/75304-1,35.4,19.1,11.8,5702016914498,673419340854,https://images.brickset.com/sets/small/75304-1.jpg,https://images.brickset.com/sets/images/75304-1.jpg
1,true,Box,20,2021,Retail,30757,75305,Star Wars,Normal,Helmet Collection,471,2021-03-25T13:58:51.27Z,Scout Trooper Helmet,8,0,Licensed,2,4.3,https://brickset.com/sets/75305-1,35.4,19.1,9.1,5702016914504,673419340861,https://images.brickset.com/sets/small/75305-1.jpg,https://images.brickset.com/sets/images/75305-1.jpg
1,true,Box,19,2021,Retail,30758,75306,Star Wars,Normal,Episode V,683,2023-06-27T08:00:21.813Z,Imperial Probe Droid,8,0,Licensed,0,4.0,https://brickset.com/sets/75306-1,35.4,19.1,9.1,5702016914184,673419340540,https://images.brickset.com/sets/small/75306-1.jpg,https://images.brickset.com/sets/images/75306-1.jpg
1,true,Box,9,2021,Retail,30764,75307,Star Wars,Normal,Seasonal,335,2023-07-13T12:06:13.027Z,LEGO Star Wars Advent Calendar,1,7,Licensed,0,3.5,https://brickset.com/sets/75307-1,26.2,38.2,7.1,5702016933840,,https://images.brickset.com/sets/small/75307-1.jpg,https://images.brickset.com/sets/images/75307-1.jpg
1,true,Box,22,2021,LEGO exclusive,31229,75308,Star Wars,Normal,Miscellaneous,2314,2023-06-27T08:02:21.62Z,R2-D2,8,1,Licensed,1,4.2,https://brickset.com/sets/75308-1,58.2,37.8,10.3,5702016914191,673419340953,https://images.brickset.com/sets/small/75308-1.jpg,https://images.brickset.com/sets/images/75308-1.jpg
1,true,Box,27,2021,LEGO exclusive,31231,75309,Star Wars,Normal,Ultimate Collector Series,3292,2021-08-01T00:53:19.09Z,Republic Gunship,9,2,Licensed,4,4.2,https://brickset.com/sets/75309-1,48.0,58.2,17.0,5702016914573,673419340144,https://images.brickset.com/sets/small/75309-1.jpg,https://images.brickset.com/sets/images/75309-1.jpg
1,true,Box,12,2021,Retail,31232,75310,Star Wars,Normal,The Clone Wars,147,2021-06-04T19:25:00.047Z,Duel on Mandalore,2,2,Licensed,8,3.7,https://brickset.com/sets/75310-1,14.1,26.2,4.8,5702016914207,673419340960,https://images.brickset.com/sets/small/75310-1.jpg,https://images.brickset.com/sets/images/75310-1.jpg
1,true,Box,13,2021,Retail,31233,75311,Star Wars,Normal,The Mandalorian,478,2022-12-02T22:39:04.807Z,Imperial Armored Marauder,2,4,Licensed,5,4.2,https://brickset.com/sets/75311-1,19.1,35.4,7.0,5702016914214,673419340977,https://images.brickset.com/sets/small/75311-1.jpg,https://images.brickset.com/sets/images/75311-1.jpg
1,true,Box,15,2021,Retail,31234,75312,Star Wars,Normal,The Mandalorian,593,2021-08-16T19:09:22.82Z,Boba Fett's Starship,2,2,Licensed,5,4.0,https://brickset.com/sets/75312-1,26.2,28.2,7.6,5702016913859,673419340601,https://images.brickset.com/sets/small/75312-1.jpg,https://images.brickset.com/sets/images/75312-1.jpg
1,true,Box,49,2021,LEGO exclusive,31235,75313,Star Wars,Normal,Ultimate Collector Series,6785,2021-11-29T13:21:28.423Z,AT-AT,8,9,Licensed,5,4.4,https://brickset.com/sets/75313-1,49.9,49.9,37.9,5702016913866,673419340618,https://images.brickset.com/sets/small/75313-1.jpg,https://images.brickset.com/sets/images/75313-1.jpg
1,true,Box,12,2021,Retail,31236,75314,Star Wars,Normal,The Bad Batch,969,2021-05-06T16:12:51.093Z,The Bad Batch Attack Shuttle,2,6,Licensed,5,4.1,https://brickset.com/sets/75314-1,37.8,35.4,7.1,5702016914436,673419340762,https://images.brickset.com/sets/small/75314-1.jpg,https://images.brickset.com/sets/images/75314-1.jpg
1,true,Box,15,2021,Retail,31237,75315,Star Wars,Normal,The Mandalorian,1336,2021-07-31T23:32:55.737Z,Imperial Light Cruiser,2,6,Licensed,1,4.0,https://brickset.com/sets/75315-1,37.8,58.2,8.7,5702016914443,673419340779,https://images.brickset.com/sets/small/75315-1.jpg,https://images.brickset.com/sets/images/75315-1.jpg
1,true,Box,12,2021,Retail,31238,75316,Star Wars,Normal,The Clone Wars,544,2021-07-31T23:33:50.927Z,Mandalorian Starfighter,2,3,Licensed,1,4.1,https://brickset.com/sets/75316-1,26.2,38.2,7.1,5702016914450,673419340786,https://images.brickset.com/sets/small/75316-1.jpg,https://images.brickset.com/sets/images/75316-1.jpg
1,true,Box,11,2020,Retail,30326,75318,Star Wars,Normal,The Mandalorian,1073,2020-09-21T20:04:01.87Z,The Child,2,1,Licensed,5,4.1,https://brickset.com/sets/75318-1,38.2,26.2,11.8,5702016928570,673419342131,https://images.brickset.com/sets/small/75318-1.jpg,https://images.brickset.com/sets/images/75318-1.jpg
1,true,Box,11,2021,Retail - limited,31711,75319,Star Wars,Normal,The Mandalorian,258,2026-08-20T23:28:23.967Z,The Armorer's Mandalorian Forge,2,3,Licensed,3,3.8,https://brickset.com/sets/75319-1,19.1,26.2,6.1,5702016989410,,https://images.brickset.com/sets/small/75319-1.jpg,https://images.brickset.com/sets/images/75319-1.jpg
1,true,Box,9,2022,Retail,31898,75320,Star Wars,Normal,Episode V,105,2024-09-12T21:01:07.063Z,Snowtrooper Battle Pack,2,4,Licensed,10,4.0,https://brickset.com/sets/75320-1,14.1,19.1,4.6,5702017155067,673419356701,https://images.brickset.com/sets/small/75320-1.jpg,https://images.brickset.com/sets/images/75320-1.jpg
1,true,Box,6,2022,Retail,31925,75321,Star Wars,Normal,Microfighters,98,2021-12-31T17:52:21.503Z,The Razor Crest Microfighter,2,1,Licensed,3,3.5,https://brickset.com/sets/75321-1,12.2,14.1,4.6,5702017155470,,https://images.brickset.com/sets/small/75321-1.jpg,https://images.brickset.com/sets/images/75321-1.jpg
1,true,Box,11,2022,Retail,31949,75322,Star Wars,Normal,Episode V,586,2021-12-31T17:52:24.7Z,Hoth AT-ST,2,4,Licensed,4,4.1,https://brickset.com/sets/75322-1,35.4,19.1,7.0,5702017155487,673419356725,https://images.brickset.com/sets/small/75322-1.jpg,https://images.brickset.com/sets/images/75322-1.jpg
1,true,Box,8,2022,Retail,32400,75323,Star Wars,Normal,The Bad Batch,1022,2022-06-18T20:55:12.617Z,The Justifier ,2,5,Licensed,2,3.8,https://brickset.com/sets/75323-1,37.8,58.2,8.7,5702017155494,673419356732,https://images.brickset.com/sets/small/75323-1.jpg,https://images.brickset.com/sets/images/75323-1.jpg
1,true,Box,8,2022,Retail,32007,75324,Star Wars,Normal,The Mandalorian,166,2022-05-05T18:54:54.297Z,Dark Trooper Attack,3,4,Licensed,4,3.8,https://brickset.com/sets/75324-1,19.1,26.2,4.6,5702017155500,673419356749,https://images.brickset.com/sets/small/75324-1.jpg,https://images.brickset.com/sets/images/75324-1.jpg
1,true,Box,7,2022,Retail,32503,75325,Star Wars,Normal,The Book of Boba Fett,412,2022-05-04T16:21:28.11Z,The Mandalorian's N-1 Starfighter,7,4,Licensed,3,3.9,https://brickset.com/sets/75325-1,26.2,38.2,5.7,5702017155517,673419357456,https://images.brickset.com/sets/small/75325-1.jpg,https://images.brickset.com/sets/images/75325-1.jpg
1,true,Box,11,2022,Retail,32004,75326,Star Wars,Normal,The Book of Boba Fett,732,2022-02-15T17:57:44.89Z,Boba Fett's Throne Room,2,7,Licensed,0,3.7,https://brickset.com/sets/75326-1,28.2,48.0,7.4,5702017155524,673419357463,https://images.brickset.com/sets/small/75326-1.jpg,https://images.brickset.com/sets/images/75326-1.jpg
1,true,Box,6,2022,Retail,32458,75327,Star Wars,Normal,Helmet Collection,675,2022-05-28T14:51:01.05Z,Luke Skywalker (Red Five) Helmet,7,0,Licensed,2,4.1,https://brickset.com/sets/75327-1,35.4,19.1,9.1,5702017155531,673419357470,https://images.brickset.com/sets/small/75327-1.jpg,https://images.brickset.com/sets/images/75327-1.jpg
1,true,Box,6,2022,Retail,32459,75328,Star Wars,Normal,Helmet Collection,584,2022-05-28T14:51:28.637Z,The Mandalorian Helmet,11,0,Licensed,4,4.1,https://brickset.com/sets/75328-1,35.4,19.1,9.1,5702017155548,673419357487,https://images.brickset.com/sets/small/75328-1.jpg,https://images.brickset.com/sets/images/75328-1.jpg
1,true,Box,7,2022,Retail,31988,75329,Star Wars,Normal,Diorama Collection,665,2022-03-24T13:48:19.84Z,Death Star Trench Run Diorama,7,0,Licensed,2,4.0,https://brickset.com/sets/75329-1,26.2,28.2,7.6,5702017155555,673419357494,https://images.brickset.com/sets/small/75329-1.jpg,https://images.brickset.com/sets/images/75329-1.jpg
1,true,Box,10,2022,Retail,31989,75330,Star Wars,Normal,Diorama Collection,1000,2022-03-24T13:49:01.833Z,Dagobah Jedi Training Diorama,7,3,Licensed,4,4.3,https://brickset.com/sets/75330-1,26.2,38.2,9.4,5702017155562,673419357500,https://images.brickset.com/sets/small/75330-1.jpg,https://images.brickset.com/sets/images/75330-1.jpg
1,true,Box,15,2022,LEGO exclusive,32401,75331,Star Wars,Normal,Ultimate Collector Series,6187,2023-03-06T04:18:31.11Z,The Razor Crest,14,4,Licensed,2,4.5,https://brickset.com/sets/75331-1,48.0,52.3,23.8,5702017155579,673419357517,https://images.brickset.com/sets/small/75331-1.jpg,https://images.brickset.com/sets/images/75331-1.jpg
1,true,Box,9,2022,Retail,32402,75332,Star Wars,Normal,Episode VI,87,2022-08-15T13:03:18.513Z,AT-ST,4,3,Licensed,2,2.9,https://brickset.com/sets/75332-1,19.1,20.5,6.1,5702017155586,673419357524,https://images.brickset.com/sets/small/75332-1.jpg,https://images.brickset.com/sets/images/75332-1.jpg
1,true,Box,8,2022,Retail,32403,75333,Star Wars,Normal,Episode II,282,2022-05-26T22:16:36.623Z,Obi-Wan Kenobi's Jedi Starfighter,4,3,Licensed,5,4.0,https://brickset.com/sets/75333-1,19.1,26.2,6.1,5702017155593,673419357531,https://images.brickset.com/sets/small/75333-1.jpg,https://images.brickset.com/sets/images/75333-1.jpg
1,true,Box,10,2022,{Not specified},32404,75334,Star Wars,Normal,Obi-Wan Kenobi,408,2022-06-09T01:57:44.307Z,Obi-Wan Kenobi vs. Darth Vader,2,4,Licensed,5,3.4,https://brickset.com/sets/75334-1,26.2,28.2,7.6,5702017155609,673419357548,https://images.brickset.com/sets/small/75334-1.jpg,https://images.brickset.com/sets/images/75334-1.jpg
1,true,Box,12,2022,Retail,32405,75335,Star Wars,Normal,Jedi: Fallen Order,1062,2022-05-28T10:11:35.417Z,BD-1,2,1,Licensed,3,4.4,https://brickset.com/sets/75335-1,37.8,35.4,7.1,5702017155616,673419357555,https://images.brickset.com/sets/small/75335-1.jpg,https://images.brickset.com/sets/images/75335-1.jpg
1,true,Box,10,2022,Retail,32406,75336,Star Wars,Normal,Obi-Wan Kenobi,924,2022-05-26T22:19:20.323Z,Inquisitor Transport Scythe,2,4,Licensed,4,4.4,https://brickset.com/sets/75336-1,28.2,48.0,7.4,5702017155623,673419357562,https://images.brickset.com/sets/small/75336-1.jpg,https://images.brickset.com/sets/images/75336-1.jpg
1,true,Box,10,2022,Retail,32407,75337,Star Wars,Normal,Episode III,1082,2022-06-18T20:53:04.16Z,AT-TE Walker,5,9,Licensed,8,4.4,https://brickset.com/sets/75337-1,37.8,48.0,7.1,5702017155630,673419357579,https://images.brickset.com/sets/small/75337-1.jpg,https://images.brickset.com/sets/images/75337-1.jpg
1,true,Box,12,2022,Retail,32408,75338,Star Wars,Normal,Andor,679,2022-05-28T10:11:32.44Z,Ambush on Ferrix,2,3,Licensed,4,4.2,https://brickset.com/sets/75338-1,26.2,28.2,9.6,5702017189635,673419361705,https://images.brickset.com/sets/small/75338-1.jpg,https://images.brickset.com/sets/images/75338-1.jpg
1,true,Box,10,2022,Retail,32398,75339,Star Wars,Normal,Diorama Collection,802,2022-03-24T13:50:08.097Z,Death Star Trash Compactor Diorama,7,6,Licensed,1,4.2,https://brickset.com/sets/75339-1,26.2,38.2,7.1,5702017189642,673419361712,https://images.brickset.com/sets/small/75339-1.jpg,https://images.brickset.com/sets/images/75339-1.jpg
1,true,Box,8,2022,Retail,32409,75340,Star Wars,Normal,Seasonal,329,2023-07-13T12:05:36.583Z,LEGO Star Wars Advent Calendar,1,8,Licensed,1,3.7,https://brickset.com/sets/75340-1,26.2,38.2,7.1,5702017154411,,https://images.brickset.com/sets/small/75340-1.jpg,https://images.brickset.com/sets/images/75340-1.jpg
1,true,Box,11,2022,LEGO exclusive,31951,75341,Star Wars,Normal,Ultimate Collector Series,1890,2022-05-01T03:43:52.367Z,Luke Skywalker's Landspeeder,7,2,Licensed,2,4.2,https://brickset.com/sets/75341-1,37.8,58.2,8.7,5702017155647,673419357586,https://images.brickset.com/sets/small/75341-1.jpg,https://images.brickset.com/sets/images/75341-1.jpg
1,true,Box,10,2022,Retail,32399,75342,Star Wars,Normal,The Clone Wars,262,2022-03-31T20:54:53.62Z,Republic Fighter Tank,2,6,Licensed,10,3.8,https://brickset.com/sets/75342-1,19.1,35.4,5.9,5702017189659,673419361729,https://images.brickset.com/sets/small/75342-1.jpg,https://images.brickset.com/sets/images/75342-1.jpg
1,true,Box,6,2022,Retail,32410,75343,Star Wars,Normal,Helmet Collection,693,2022-02-02T18:05:25.973Z,Dark Trooper Helmet,7,0,Licensed,3,3.6,https://brickset.com/sets/75343-1,35.4,19.1,9.1,5702017189666,673419361736,https://images.brickset.com/sets/small/75343-1.jpg,https://images.brickset.com/sets/images/75343-1.jpg
1,true,Box,7,2023,Retail,34368,75344,Star Wars,Normal,Microfighters,85,2023-01-08T16:41:01.78Z,Boba Fett's Starship Microfighter,2,1,Licensed,5,3.7,https://brickset.com/sets/75344-1,12.2,14.1,4.6,5702017421278,673419376884,https://images.brickset.com/sets/small/75344-1.jpg,https://images.brickset.com/sets/images/75344-1.jpg
1,true,Box,7,2023,Retail,34369,75345,Star Wars,Normal,The Clone Wars,119,2023-01-08T16:40:43.453Z,501st Clone Troopers Battle Pack,3,4,Licensed,8,3.9,https://brickset.com/sets/75345-1,14.1,19.1,4.6,5702017421292,673419376891,https://images.brickset.com/sets/small/75345-1.jpg,https://images.brickset.com/sets/images/75345-1.jpg
1,true,Box,8,2023,Retail,34563,75346,Star Wars,Normal,The Mandalorian,285,2023-03-08T01:57:36.887Z,Pirate Snub Fighter,3,2,Licensed,3,3.6,https://brickset.com/sets/75346-1,19.1,26.2,4.6,5702017421308,673419376907,https://images.brickset.com/sets/small/75346-1.jpg,https://images.brickset.com/sets/images/75346-1.jpg
1,true,Box,9,2023,Retail,34370,75347,Star Wars,Normal,Episode VI,625,2023-01-08T16:41:21.353Z,TIE Bomber,3,4,Licensed,4,4.2,https://brickset.com/sets/75347-1,26.2,38.2,7.1,5702017421322,673419376914,https://images.brickset.com/sets/small/75347-1.jpg,https://images.brickset.com/sets/images/75347-1.jpg
1,true,Box,6,2023,Retail,34565,75348,Star Wars,Normal,The Mandalorian,957,2023-04-25T17:26:20.47Z,Mandalorian Fang Fighter vs TIE Interceptor,5,4,Licensed,5,4.1,https://brickset.com/sets/75348-1,28.2,48.0,7.4,5702017421339,673419376921,https://images.brickset.com/sets/small/75348-1.jpg,https://images.brickset.com/sets/images/75348-1.jpg
1,true,Box,7,2023,Retail,34465,75349,Star Wars,Normal,Helmet Collection,854,2023-01-27T02:20:17.64Z,Captain Rex Helmet,8,0,Licensed,2,4.1,https://brickset.com/sets/75349-1,35.4,19.1,11.8,5702017421346,673419376938,https://images.brickset.com/sets/small/75349-1.jpg,https://images.brickset.com/sets/images/75349-1.jpg
1,true,Box,7,2023,Retail,34466,75350,Star Wars,Normal,Helmet Collection,766,2023-01-27T02:20:06.967Z,Clone Commander Cody Helmet,8,0,Licensed,1,4.2,https://brickset.com/sets/75350-1,35.4,19.1,11.8,5702017421353,673419376945,https://images.brickset.com/sets/small/75350-1.jpg,https://images.brickset.com/sets/images/75350-1.jpg
1,true,Box,6,2023,Retail,34471,75351,Star Wars,Normal,Helmet Collection,670,2023-01-27T02:19:46.89Z,Princess Leia (Boushh) Helmet,8,0,Licensed,1,4.2,https://brickset.com/sets/75351-1,35.4,19.1,11.8,5702017433509,673419379045,https://images.brickset.com/sets/small/75351-1.jpg,https://images.brickset.com/sets/images/75351-1.jpg
1,true,Box,7,2023,Retail,34566,75352,Star Wars,Normal,Diorama Collection,807,2023-04-08T08:15:09.777Z,Emperor's Throne Room Diorama,8,3,Licensed,2,4.2,https://brickset.com/sets/75352-1,26.2,38.2,7.1,5702017421360,673419376952,https://images.brickset.com/sets/small/75352-1.jpg,https://images.brickset.com/sets/images/75352-1.jpg
1,true,Box,5,2023,Retail,34567,75353,Star Wars,Normal,Diorama Collection,608,2023-04-08T08:14:53.317Z,Endor Speeder Chase Diorama,8,3,Licensed,1,3.9,https://brickset.com/sets/75353-1,26.2,28.2,7.6,5702017421377,673419376969,https://images.brickset.com/sets/small/75353-1.jpg,https://images.brickset.com/sets/images/75353-1.jpg
1,true,Box,12,2023,Retail,47230,75354,Star Wars,Normal,The Clone Wars,1083,2023-08-03T02:53:48.613Z,Coruscant Guard Gunship,2,5,Licensed,1,3.9,https://brickset.com/sets/75354-1,37.8,48.0,7.1,5702017433806,673419379038,https://images.brickset.com/sets/small/75354-1.jpg,https://images.brickset.com/sets/images/75354-1.jpg
1,true,Box,11,2023,LEGO exclusive,45527,75355,Star Wars,Normal,Ultimate Collector Series,1949,2023-06-27T06:12:55.95Z,X-wing Starfighter,10,2,Licensed,3,4.0,https://brickset.com/sets/75355-1,37.8,58.2,8.7,5702017421384,673419376976,https://images.brickset.com/sets/small/75355-1.jpg,https://images.brickset.com/sets/images/75355-1.jpg
1,true,Box,8,2023,Retail,34551,75356,Star Wars,Normal,Starship Collection,630,2024-01-30T18:44:19.743Z,Executor Super Star Destroyer,8,0,Licensed,1,4.4,https://brickset.com/sets/75356-1,26.2,38.2,7.1,5702017433813,673419379021,https://images.brickset.com/sets/small/75356-1.jpg,https://images.brickset.com/sets/images/75356-1.jpg
1,true,Box,10,2023,Retail,47232,75357,Star Wars,Normal,Ahsoka,1394,2023-07-11T07:05:28.62Z,Ghost & Phantom II,2,5,Licensed,3,4.3,https://brickset.com/sets/75357-1,37.8,48.0,9.4,5702017433820,673419379014,https://images.brickset.com/sets/small/75357-1.jpg,https://images.brickset.com/sets/images/75357-1.jpg
1,true,Box,8,2023,Retail,45528,75358,Star Wars,Normal,Young Jedi Adventures,124,2023-03-30T17:24:49.2Z,Tenoo Jedi Temple,6,4,Licensed,1,3.2,https://brickset.com/sets/75358-1,19.1,26.2,4.6,5702017421391,673419376983,https://images.brickset.com/sets/small/75358-1.jpg,https://images.brickset.com/sets/images/75358-1.jpg
1,true,Box,8,2023,Retail,45529,75359,Star Wars,Normal,The Clone Wars,108,2023-06-01T16:08:19.243Z,332nd Ahsoka's Clone Trooper Battle Pack,2,4,Licensed,4,3.7,https://brickset.com/sets/75359-1,14.1,19.1,4.6,5702017421407,673419376990,https://images.brickset.com/sets/small/75359-1.jpg,https://images.brickset.com/sets/images/75359-1.jpg
1,true,Box,9,2023,Retail,45530,75360,Star Wars,Normal,The Clone Wars,253,2023-06-01T16:06:53.787Z,Yoda's Jedi Starfighter,3,2,Licensed,2,3.7,https://brickset.com/sets/75360-1,19.1,26.2,4.6,5702017421414,673419377003,https://images.brickset.com/sets/small/75360-1.jpg,https://images.brickset.com/sets/images/75360-1.jpg
1,true,Box,7,2023,Retail,39154,75361,Star Wars,Normal,The Mandalorian,526,2023-05-03T22:47:27.443Z,Spider Tank,2,3,Licensed,4,3.8,https://brickset.com/sets/75361-1,22.2,26.2,7.6,5702017421421,673419377010,https://images.brickset.com/sets/small/75361-1.jpg,https://images.brickset.com/sets/images/75361-1.jpg
1,true,Box,9,2023,Retail,45531,75362,Star Wars,Normal,Ahsoka,601,2023-08-24T20:13:39.387Z,Ahsoka Tano's T-6 Jedi Shuttle,2,4,Licensed,5,3.8,https://brickset.com/sets/75362-1,26.2,38.2,7.1,5702017421438,673419377027,https://images.brickset.com/sets/small/75362-1.jpg,https://images.brickset.com/sets/images/75362-1.jpg
1,true,Box,8,2023,Retail,34564,75363,Star Wars,Normal,Microfighters,88,2023-05-03T22:49:13.09Z,The Mandalorian N-1 Starfighter Microfighter,3,2,Licensed,3,3.7,https://brickset.com/sets/75363-1,12.2,14.1,4.6,5702017421445,673419377034,https://images.brickset.com/sets/small/75363-1.jpg,https://images.brickset.com/sets/images/75363-1.jpg
1,true,Box,13,2023,Retail,45532,75364,Star Wars,Normal,Ahsoka,1056,2023-07-19T15:18:20.49Z,New Republic E-wing vs. Shin Hati's Starfighter,4,5,Licensed,1,4.2,https://brickset.com/sets/75364-1,28.2,54.0,5.9,5702017421452,673419377041,https://images.brickset.com/sets/small/75364-1.jpg,https://images.brickset.com/sets/images/75364-1.jpg
1,true,Box,11,2023,Retail,45533,75365,Star Wars,Normal,Episode IV,1066,2023-06-01T16:07:41.17Z,Yavin 4 Rebel Base,12,12,Licensed,1,3.7,https://brickset.com/sets/75365-1,37.8,48.0,7.1,5702017421469,673419377058,https://images.brickset.com/sets/small/75365-1.jpg,https://images.brickset.com/sets/images/75365-1.jpg
1,true,Box,4,2023,Retail,45534,75366,Star Wars,Normal,Seasonal,320,2024-01-01T07:14:03.267Z,LEGO Star Wars Advent Calendar,1,8,Licensed,1,3.6,https://brickset.com/sets/75366-1,26.2,38.2,7.1,5702017417110,673419376853,https://images.brickset.com/sets/small/75366-1.jpg,https://images.brickset.com/sets/images/75366-1.jpg
1,true,Box,12,2023,LEGO exclusive,47231,75367,Star Wars,Normal,Ultimate Collector Series,5374,2023-09-13T01:01:41.987Z,Venator-class Republic Attack Cruiser,13,2,Licensed,2,4.4,https://brickset.com/sets/75367-1,0.0,0.0,0.0,5702017421476,673419377065,https://images.brickset.com/sets/small/75367-1.jpg,https://images.brickset.com/sets/images/75367-1.jpg
1,true,Box,3,2023,Retail,45535,75368,Star Wars,Normal,Mechs,139,2023-05-19T23:39:36.75Z,Darth Vader Mech,2,1,Licensed,2,3.4,https://brickset.com/sets/75368-1,15.7,14.1,4.5,5702017462820,673419381048,https://images.brickset.com/sets/small/75368-1.jpg,https://images.brickset.com/sets/images/75368-1.jpg
1,true,Box,4,2023,Retail,45536,75369,Star Wars,Normal,Mechs,155,2023-05-19T23:39:50.087Z,Boba Fett Mech,3,1,Licensed,4,3.6,https://brickset.com/sets/75369-1,15.7,14.1,6.1,5702017462837,673419381352,https://images.brickset.com/sets/small/75369-1.jpg,https://images.brickset.com/sets/images/75369-1.jpg
1,true,Box,3,2023,Retail,45537,75370,Star Wars,Normal,Mechs,138,2023-05-19T23:39:58.677Z,Stormtrooper Mech,3,1,Licensed,2,3.4,https://brickset.com/sets/75370-1,15.7,14.1,4.5,5702017462844,673419381369,https://images.brickset.com/sets/small/75370-1.jpg,https://images.brickset.com/sets/images/75370-1.jpg
1,true,Box,9,2023,Retail,45538,75371,Star Wars,Normal,Episode VI,2319,2023-07-19T15:19:29.947Z,Chewbacca,7,1,Licensed,0,4.1,https://brickset.com/sets/75371-1,58.2,37.8,10.3,5702017462851,673419381376,https://images.brickset.com/sets/small/75371-1.jpg,https://images.brickset.com/sets/images/75371-1.jpg
1,true,Box,8,2024,Retail,48520,75372,Star Wars,Normal,The Clone Wars,215,2024-01-05T00:22:57.95Z,Clone Trooper & Battle Droid Battle Pack,4,9,Licensed,11,4.1,https://brickset.com/sets/75372-1,19.1,20.5,4.6,5702017584317,673419389457,https://images.brickset.com/sets/small/75372-1.jpg,https://images.brickset.com/sets/images/75372-1.jpg
1,true,Box,7,2024,Retail,48865,75373,Star Wars,Normal,The Mandalorian,109,2025-01-22T10:49:25.303Z,Ambush on Mandalore Battle Pack ,2,4,Licensed,1,3.8,https://brickset.com/sets/75373-1,14.1,15.7,4.5,5702017584324,673419389464,https://images.brickset.com/sets/small/75373-1.jpg,https://images.brickset.com/sets/images/75373-1.jpg
1,true,Box,11,2024,Retail,48803,75374,Star Wars,Normal,Skeleton Crew,1325,2024-08-01T15:01:48.94Z,The Onyx Cinder,2,5,Licensed,0,4.1,https://brickset.com/sets/75374-1,0.0,0.0,0.0,5702017584331,673419389471,https://images.brickset.com/sets/small/75374-1.jpg,https://images.brickset.com/sets/images/75374-1.jpg
1,true,Box,7,2024,Retail,48521,75375,Star Wars,Normal,Starship Collection,921,2024-12-08T00:08:44.917Z,Millennium Falcon,7,0,Licensed,3,4.2,https://brickset.com/sets/75375-1,26.2,28.2,11.8,5702017584348,673419389488,https://images.brickset.com/sets/small/75375-1.jpg,https://images.brickset.com/sets/images/75375-1.jpg
1,true,Box,7,2024,Retail,48522,75376,Star Wars,Normal,Starship Collection,654,2024-01-30T18:42:13.59Z,Tantive IV,7,0,Licensed,3,4.0,https://brickset.com/sets/75376-1,19.1,35.4,9.1,5702017584355,673419389495,https://images.brickset.com/sets/small/75376-1.jpg,https://images.brickset.com/sets/images/75376-1.jpg
1,true,Box,7,2024,Retail - limited,48575,75377,Star Wars,Normal,Starship Collection,557,2024-01-31T05:35:16.113Z,Invisible Hand,9,0,Licensed,1,4.2,https://brickset.com/sets/75377-1,26.2,28.2,5.9,5702017598963,673419393676,https://images.brickset.com/sets/small/75377-1.jpg,https://images.brickset.com/sets/images/75377-1.jpg
1,true,Box,8,2024,Retail,48523,75378,Star Wars,Normal,The Mandalorian,221,2024-04-01T17:09:42.147Z,BARC Speeder Escape ,2,4,Licensed,0,3.5,https://brickset.com/sets/75378-1,19.1,20.5,4.6,5702017584362,673419389501,https://images.brickset.com/sets/small/75378-1.jpg,https://images.brickset.com/sets/images/75378-1.jpg
1,true,Box,8,2024,Retail,48524,75379,Star Wars,Normal,Miscellaneous,1050,2024-02-03T01:37:41.813Z,R2-D2,2,2,Licensed,4,4.3,https://brickset.com/sets/75379-1,38.2,26.2,9.4,5702017584379,673419389518,https://images.brickset.com/sets/small/75379-1.jpg,https://images.brickset.com/sets/images/75379-1.jpg
1,true,Box,9,2024,Retail,48525,75380,Star Wars,Normal,Diorama Collection,718,2024-04-15T14:40:20.427Z,Mos Espa Podrace Diorama,7,0,Licensed,0,3.7,https://brickset.com/sets/75380-1,26.2,38.2,7.1,5702017584386,673419389525,https://images.brickset.com/sets/small/75380-1.jpg,https://images.brickset.com/sets/images/75380-1.jpg
1,true,Box,8,2024,Retail,48526,75381,Star Wars,Normal,Episode I,583,2024-04-15T14:38:25.67Z,Droideka,7,1,Licensed,0,4.2,https://brickset.com/sets/75381-1,26.2,22.2,7.6,5702017584393,673419389532,https://images.brickset.com/sets/small/75381-1.jpg,https://images.brickset.com/sets/images/75381-1.jpg
1,true,Box,12,2024,LEGO exclusive,48802,75382,Star Wars,Normal,Ultimate Collector Series,1931,2024-04-15T14:29:04.963Z,TIE Interceptor,7,2,Licensed,1,4.1,https://brickset.com/sets/75382-1,37.8,55.5,10.3,5702017590196,673419390774,https://images.brickset.com/sets/small/75382-1.jpg,https://images.brickset.com/sets/images/75382-1.jpg
1,true,Box,8,2024,Retail,48872,75383,Star Wars,Normal,Episode I,640,2024-04-02T08:33:24.627Z,Darth Maul's Sith Infiltrator,2,7,Licensed,1,3.8,https://brickset.com/sets/75383-1,19.1,35.4,9.1,5702017600277,673419393683,https://images.brickset.com/sets/small/75383-1.jpg,https://images.brickset.com/sets/images/75383-1.jpg
1,true,Box,9,2024,Retail,48527,75384,Star Wars,Normal,Young Jedi Adventures,136,2023-12-05T16:44:49.337Z,The Crimson Firehawk,6,3,Licensed,0,3.2,https://brickset.com/sets/75384-1,19.1,26.2,7.2,5702017584409,673419389549,https://images.brickset.com/sets/small/75384-1.jpg,https://images.brickset.com/sets/images/75384-1.jpg
1,true,Box,9,2024,Retail,48877,75385,Star Wars,Normal,Ahsoka,382,2024-07-01T14:13:16.567Z,Ahsoka Tano's Duel on Peridea,2,5,Licensed,2,3.7,https://brickset.com/sets/75385-1,22.2,26.2,7.6,5702017584416,673419389556,https://images.brickset.com/sets/small/75385-1.jpg,https://images.brickset.com/sets/images/75385-1.jpg
1,true,Box,9,2024,Retail,48805,75386,Star Wars,Normal,The Mandalorian,289,2024-05-03T00:00:38.623Z,Paz Vizsla and Moff Gideon Battle,2,4,Licensed,1,3.8,https://brickset.com/sets/75386-1,19.1,26.2,6.1,5702017584423,673419389563,https://images.brickset.com/sets/small/75386-1.jpg,https://images.brickset.com/sets/images/75386-1.jpg
1,true,Box,8,2024,Retail,48528,75387,Star Wars,Normal,Episode IV,502,2024-01-30T20:36:38.343Z,Boarding the Tantive IV,2,7,Licensed,4,4.1,https://brickset.com/sets/75387-1,19.1,35.4,9.1,5702017584430,673419389570,https://images.brickset.com/sets/small/75387-1.jpg,https://images.brickset.com/sets/images/75387-1.jpg
1,true,Box,8,2024,Retail,48871,75388,Star Wars,Normal,Rebuild the Galaxy,305,2025-07-01T13:07:24.35Z,Jedi Bob's Starfighter,2,3,Licensed,2,4.0,https://brickset.com/sets/75388-1,19.1,26.2,6.1,5702017584447,673419389587,https://images.brickset.com/sets/small/75388-1.jpg,https://images.brickset.com/sets/images/75388-1.jpg
1,true,Box,12,2024,Retail,48876,75389,Star Wars,Normal,Rebuild the Galaxy,1579,2024-06-25T19:19:45.52Z,The Dark Falcon,2,6,Licensed,1,4.3,https://brickset.com/sets/75389-1,37.8,48.0,11.2,5702017584454,673419389594,https://images.brickset.com/sets/small/75389-1.jpg,https://images.brickset.com/sets/images/75389-1.jpg
1,true,Box,8,2024,Retail,48866,75390,Star Wars,Normal,Mechs,195,2024-05-03T00:02:32.873Z,Luke Skywalker X-wing Mech ,2,1,Licensed,0,3.6,https://brickset.com/sets/75390-1,15.7,14.1,6.1,5702017584461,673419389600,https://images.brickset.com/sets/small/75390-1.jpg,https://images.brickset.com/sets/images/75390-1.jpg
1,true,Box,9,2024,Retail,48867,75391,Star Wars,Normal,Microfighters,99,2024-11-23T07:19:51.617Z,Captain Rex Y-wing Microfighter,2,1,Licensed,3,3.9,https://brickset.com/sets/75391-1,12.2,14.1,4.6,5702017584478,673419389617,https://images.brickset.com/sets/small/75391-1.jpg,https://images.brickset.com/sets/images/75391-1.jpg
1,true,Box,9,2024,Retail,48870,75392,Star Wars,Normal,Miscellaneous,1186,2024-06-29T07:27:12.297Z,Creative Play Droid Builder,8,2,Licensed,0,3.2,https://brickset.com/sets/75392-1,26.2,38.2,9.4,5702017600284,673419393690,https://images.brickset.com/sets/small/75392-1.jpg,https://images.brickset.com/sets/images/75392-1.jpg
1,true,Box,10,2024,Retail,48873,75393,Star Wars,Normal,Rebuild the Galaxy,1063,2024-06-25T19:20:25.187Z,TIE Fighter & X-wing Mash-up,4,5,Licensed,0,3.9,https://brickset.com/sets/75393-1,0.0,0.0,0.0,5702017584485,673419389624,https://images.brickset.com/sets/small/75393-1.jpg,https://images.brickset.com/sets/images/75393-1.jpg
1,true,Box,6,2024,Retail - limited,48869,75394,Star Wars,Normal,Episode IV,1555,2026-08-20T23:41:18.947Z,Imperial Star Destroyer,2,7,Licensed,2,4.4,https://brickset.com/sets/75394-1,28.2,45.6,13.6,5702017600291,673419393706,https://images.brickset.com/sets/small/75394-1.jpg,https://images.brickset.com/sets/images/75394-1.jpg
1,true,Box,3,2024,Retail,48883,75395,Star Wars,Normal,Seasonal,368,2025-05-04T10:31:50.597Z,LEGO Star Wars Advent Calendar 2024,1,6,Licensed,0,3.6,https://brickset.com/sets/75395-1,0.0,0.0,0.0,5702017583426,673419388603,https://images.brickset.com/sets/small/75395-1.jpg,https://images.brickset.com/sets/images/75395-1.jpg
1,true,Box,10,2024,Retail,48874,75396,Star Wars,Normal,Episode VI,558,2024-07-01T14:14:12.687Z,Desert Skiff & Sarlacc Pit,4,6,Licensed,1,3.8,https://brickset.com/sets/75396-1,26.2,28.2,7.6,5702017584492,673419389631,https://images.brickset.com/sets/small/75396-1.jpg,https://images.brickset.com/sets/images/75396-1.jpg
1,true,Box,14,2024,LEGO exclusive,50268,75397,Star Wars,Normal,Ultimate Collector Series,3942,2024-09-18T00:45:43.127Z,Jabba's Sail Barge,9,11,Licensed,1,4.3,https://brickset.com/sets/75397-1,0.0,0.0,0.0,5702017590202,673419390781,https://images.brickset.com/sets/small/75397-1.jpg,https://images.brickset.com/sets/images/75397-1.jpg
1,true,Box,7,2024,Retail,48875,75398,Star Wars,Normal,Miscellaneous,1138,2024-07-02T03:56:01.63Z,C-3PO,7,1,Licensed,1,4.1,https://brickset.com/sets/75398-1,45.6,28.2,7.2,5702017584508,673419389648,https://images.brickset.com/sets/small/75398-1.jpg,https://images.brickset.com/sets/images/75398-1.jpg
1,true,Box,7,2025,Retail,51091,75399,Star Wars,Normal,Andor,594,2025-04-15T14:00:22.157Z,Rebel U-wing Starfighter,2,4,Licensed,1,4.0,https://brickset.com/sets/75399-1,19.1,35.4,9.1,5702017817439,673419405980,https://images.brickset.com/sets/small/75399-1.jpg,https://images.brickset.com/sets/images/75399-1.jpg
1,true,Box,8,2025,Retail,51092,75400,Star Wars,Normal,Microfighters,89,2025-05-02T22:54:49.92Z,Plo Koon's Jedi Starfighter Microfighter,2,1,Licensed,2,4.0,https://brickset.com/sets/75400-1,12.2,14.1,4.6,5702017817446,673419405997,https://images.brickset.com/sets/small/75400-1.jpg,https://images.brickset.com/sets/images/75400-1.jpg
1,true,Box,10,2025,Retail,50708,75401,Star Wars,Normal,The Clone Wars,290,2024-12-02T14:38:41.637Z,Ahsoka's Jedi Interceptor,2,3,Licensed,2,3.9,https://brickset.com/sets/75401-1,19.1,26.2,6.1,5702017817453,673419406000,https://images.brickset.com/sets/small/75401-1.jpg,https://images.brickset.com/sets/images/75401-1.jpg
1,true,Box,19,2025,Retail,50851,75402,Star Wars,Normal,The Clone Wars,497,2025-07-19T19:52:55.507Z,ARC-170 Starfighter,4,4,Licensed,3,4.0,https://brickset.com/sets/75402-1,19.1,35.4,9.1,5702017817460,673419406017,https://images.brickset.com/sets/small/75402-1.jpg,https://images.brickset.com/sets/images/75402-1.jpg
1,true,Box,9,2025,Retail,50829,75403,Star Wars,Normal,The Mandalorian,1048,2024-12-02T14:39:32.97Z,Grogu with Hover Pram,4,1,Licensed,1,3.9,https://brickset.com/sets/75403-1,38.2,26.2,9.4,5702017817477,673419406024,https://images.brickset.com/sets/small/75403-1.jpg,https://images.brickset.com/sets/images/75403-1.jpg
1,true,Box,10,2025,Retail,50709,75404,Star Wars,Normal,Starship Collection,450,2024-12-02T14:40:14.59Z,Acclamator-class Assault Ship,7,0,Licensed,1,4.1,https://brickset.com/sets/75404-1,26.2,28.2,5.9,5702017817262,673419406031,https://images.brickset.com/sets/small/75404-1.jpg,https://images.brickset.com/sets/images/75404-1.jpg
1,true,Box,9,2025,Retail,50710,75405,Star Wars,Normal,Starship Collection,559,2024-12-02T14:41:00.13Z,Home One Starcruiser,7,0,Licensed,1,3.8,https://brickset.com/sets/75405-1,19.1,35.4,9.1,5702017817576,673419406048,https://images.brickset.com/sets/small/75405-1.jpg,https://images.brickset.com/sets/images/75405-1.jpg
1,true,Box,10,2025,Retail,51088,75406,Star Wars,Normal,Starship Collection,386,2025-04-15T18:04:02.463Z,Kylo Ren's Command Shuttle,7,0,Licensed,0,3.7,https://brickset.com/sets/75406-1,26.2,28.2,7.6,5702017824574,673419407496,https://images.brickset.com/sets/small/75406-1.jpg,https://images.brickset.com/sets/images/75406-1.jpg
1,true,Box,10,2025,Retail,51093,75407,Star Wars,Normal,Miscellaneous,700,2025-04-15T18:02:34.04Z,Brick-Built Star Wars Logo,9,0,Licensed,1,4.2,https://brickset.com/sets/75407-1,19.1,35.4,9.1,5702017817583,673419406055,https://images.brickset.com/sets/small/75407-1.jpg,https://images.brickset.com/sets/images/75407-1.jpg
1,true,Box,7,2025,Retail,51094,75408,Star Wars,Normal,Helmet Collection,616,2025-04-15T14:05:23.55Z,Jango Fett Helmet,7,0,Licensed,1,4.2,https://brickset.com/sets/75408-1,35.4,19.1,9.1,5702017817590,673419406062,https://images.brickset.com/sets/small/75408-1.jpg,https://images.brickset.com/sets/images/75408-1.jpg
1,true,Box,17,2025,LEGO exclusive,51017,75409,Star Wars,Normal,Ultimate Collector Series,2970,2025-04-15T18:06:38.92Z,Jango Fett's Starship,9,2,Licensed,2,4.5,https://brickset.com/sets/75409-1,55.5,37.8,13.2,5702017824178,673419407380,https://images.brickset.com/sets/small/75409-1.jpg,https://images.brickset.com/sets/images/75409-1.jpg
1,true,Box,9,2025,Retail,50711,75410,Star Wars,Normal,The Mandalorian,92,2024-12-02T14:42:19.427Z,Mando and Grogu's N-1 Starfighter,4,3,Licensed,1,3.1,https://brickset.com/sets/75410-1,19.1,26.2,4.6,5702017817606,673419406079,https://images.brickset.com/sets/small/75410-1.jpg,https://images.brickset.com/sets/images/75410-1.jpg
1,true,Box,8,2025,Retail,51095,75411,Star Wars,Normal,Mechs,143,2025-05-02T22:57:01.84Z,Darth Maul Mech,2,2,Licensed,1,3.4,https://brickset.com/sets/75411-1,15.7,14.1,4.5,5702017817613,673419406086,https://images.brickset.com/sets/small/75411-1.jpg,https://images.brickset.com/sets/images/75411-1.jpg
1,true,Box,9,2025,Retail,51096,75412,Star Wars,Normal,Ahsoka,119,2025-05-02T22:55:53.287Z,Death Trooper & Night Trooper Battle Pack,2,4,Licensed,0,3.4,https://brickset.com/sets/75412-1,14.1,15.7,4.5,5702017817620,673419406093,https://images.brickset.com/sets/small/75412-1.jpg,https://images.brickset.com/sets/images/75412-1.jpg
1,true,Box,13,2025,Retail,51097,75413,Star Wars,Normal,The Clone Wars,813,2025-07-01T18:46:21.61Z,Republic Juggernaut,2,8,Licensed,1,3.1,https://brickset.com/sets/75413-1,28.2,54.0,5.9,5702017817637,673419406109,https://images.brickset.com/sets/small/75413-1.jpg,https://images.brickset.com/sets/images/75413-1.jpg
1,true,Box,11,2025,Retail,51089,75414,Star Wars,Normal,Rebuild the Galaxy,349,2025-07-01T23:23:52.03Z,The Force Burner Snowspeeder,2,3,Licensed,0,4.1,https://brickset.com/sets/75414-1,19.1,26.2,7.2,5702017817644,673419406116,https://images.brickset.com/sets/small/75414-1.jpg,https://images.brickset.com/sets/images/75414-1.jpg
1,true,Box,7,2025,Retail,51286,75415,Star Wars,Normal,Helmet Collection,529,2025-04-15T18:04:46.91Z,Kylo Ren Helmet,7,0,Licensed,0,3.9,https://brickset.com/sets/75415-1,35.4,19.1,9.1,5702017824581,673419407502,https://images.brickset.com/sets/small/75415-1.jpg,https://images.brickset.com/sets/images/75415-1.jpg
1,true,Box,8,2025,Retail,51098,75416,Star Wars,Normal,Ahsoka,1039,2025-04-15T18:05:45.027Z,Chopper (C1-10P),2,1,Licensed,0,4.2,https://brickset.com/sets/75416-1,38.2,26.2,9.4,5702017817651,673419406123,https://images.brickset.com/sets/small/75416-1.jpg,https://images.brickset.com/sets/images/75416-1.jpg
1,true,Box,13,2025,LEGO exclusive,51001,75417,Star Wars,Normal,Ultimate Collector Series,1513,2025-08-05T15:42:08.397Z,AT-ST,7,1,Licensed,1,4.1,https://brickset.com/sets/75417-1,48.0,37.8,9.4,5702017817668,673419406130,https://images.brickset.com/sets/small/75417-1.jpg,https://images.brickset.com/sets/images/75417-1.jpg
1,true,Box,2,2025,Retail,51099,75418,Star Wars,Normal,Seasonal,263,2025-12-26T21:22:24.53Z,LEGO Star Wars Advent Calendar 2025,1,16,Licensed,2,3.3,https://brickset.com/sets/75418-1,0.0,0.0,0.0,5702017816906,673419405409,https://images.brickset.com/sets/small/75418-1.jpg,https://images.brickset.com/sets/images/75418-1.jpg
1,true,Box,21,2025,LEGO exclusive,51002,75419,Star Wars,Normal,Ultimate Collector Series,9023,2025-09-04T20:50:46.09Z,Death Star,42,40,Licensed,0,4.3,https://brickset.com/sets/75419-1,52.3,48.0,38.3,5702017824185,673419407397,https://images.brickset.com/sets/small/75419-1.jpg,https://images.brickset.com/sets/images/75419-1.jpg
1,true,Box,17,2026,Retail,51945,75420,Star Wars,Normal,SMART Play,215,2026-02-17T07:34:45.09Z,Luke's Landspeeder,4,3,Licensed,0,3.3,https://brickset.com/sets/75420-1,19.1,26.2,4.6,5702017817675,673419406147,https://images.brickset.com/sets/small/75420-1.jpg,https://images.brickset.com/sets/images/75420-1.jpg
1,true,Box,15,2026,Retail,51836,75421,Star Wars,Normal,SMART Play,473,2026-02-17T07:36:12.59Z,Darth Vader's TIE Fighter,6,2,Licensed,1,2.9,https://brickset.com/sets/75421-1,26.2,38.2,5.7,5702017817682,673419406154,https://images.brickset.com/sets/small/75421-1.jpg,https://images.brickset.com/sets/images/75421-1.jpg
1,true,Box,16,2026,Retail,51946,75422,Star Wars,Normal,SMART Play,440,2026-02-17T07:37:11.513Z,Yoda's Hut and Jedi Training,4,3,Licensed,0,3.1,https://brickset.com/sets/75422-1,26.2,28.2,7.6,5702017817699,673419406161,https://images.brickset.com/sets/small/75422-1.jpg,https://images.brickset.com/sets/images/75422-1.jpg
1,true,Box,19,2026,Retail,51837,75423,Star Wars,Normal,SMART Play,581,2026-05-16T00:08:42.62Z,Luke's Red Five X-wing,10,5,Licensed,2,3.6,https://brickset.com/sets/75423-1,28.2,43.2,6.1,5702017817705,673419406178,https://images.brickset.com/sets/small/75423-1.jpg,https://images.brickset.com/sets/images/75423-1.jpg
1,true,Box,16,2026,Retail,51947,75424,Star Wars,Normal,SMART Play,347,2026-02-17T07:39:25.52Z,AT-ST Attack on Endor,4,3,Licensed,0,3.2,https://brickset.com/sets/75424-1,22.2,26.2,6.2,5702017817712,673419406185,https://images.brickset.com/sets/small/75424-1.jpg,https://images.brickset.com/sets/images/75424-1.jpg
1,true,Box,18,2026,Retail,51948,75425,Star Wars,Normal,SMART Play,666,2026-02-17T07:40:13.45Z,Mos Eisley Cantina,10,5,Licensed,0,3.2,https://brickset.com/sets/75425-1,26.2,38.2,7.1,5702017817729,673419406192,https://images.brickset.com/sets/small/75425-1.jpg,https://images.brickset.com/sets/images/75425-1.jpg
1,true,Box,19,2026,Retail,52357,75426,Star Wars,Normal,SMART Play,885,2026-02-17T07:41:38.92Z,Millennium Falcon,2,4,Licensed,0,3.7,https://brickset.com/sets/75426-1,28.2,45.6,7.2,5702017817736,673419406208,https://images.brickset.com/sets/small/75426-1.jpg,https://images.brickset.com/sets/images/75426-1.jpg
1,true,Box,15,2026,Retail,52351,75427,Star Wars,Normal,SMART Play,962,2026-02-17T07:42:53.51Z,Throne Room Duel & A-wing,8,6,Licensed,0,4.2,https://brickset.com/sets/75427-1,37.8,48.0,7.1,5702017817743,673419406215,https://images.brickset.com/sets/small/75427-1.jpg,https://images.brickset.com/sets/images/75427-1.jpg
1,true,Box,11,2025,Retail,51285,75428,Star Wars,Normal,Episode I,1088,2025-05-06T06:19:13.25Z,Battle Droid with STAP,2,1,Licensed,1,4.0,https://brickset.com/sets/75428-1,45.6,28.2,7.2,5702017824598,673419407519,https://images.brickset.com/sets/small/75428-1.jpg,https://images.brickset.com/sets/images/75428-1.jpg
1,true,Box,7,2025,Retail,51131,75429,Star Wars,Normal,Helmet Collection,730,2025-01-27T22:17:49.15Z,AT-AT Driver Helmet,7,0,Licensed,1,4.2,https://brickset.com/sets/75429-1,35.4,19.1,9.1,5702017824604,673419407526,https://images.brickset.com/sets/small/75429-1.jpg,https://images.brickset.com/sets/images/75429-1.jpg
1,true,Box,9,2025,Retail,51100,75430,Star Wars,Normal,Episode VI,1010,2025-07-04T18:02:36.29Z,Wicket the Ewok,2,1,Licensed,1,4.2,https://brickset.com/sets/75430-1,38.2,26.2,9.4,5702017824611,673419407533,https://images.brickset.com/sets/small/75430-1.jpg,https://images.brickset.com/sets/images/75430-1.jpg
1,true,Box,10,2025,Retail,51090,75431,Star Wars,Normal,The Clone Wars,258,2025-07-02T18:41:15.737Z,327th Star Corps Clone Troopers Battle Pack,2,8,Licensed,0,3.5,https://brickset.com/sets/75431-1,19.1,20.5,4.6,5702017901213,673419413329,https://images.brickset.com/sets/small/75431-1.jpg,https://images.brickset.com/sets/images/75431-1.jpg
1,true,Box,11,2025,Retail,51101,75432,Star Wars,Normal,The Clone Wars,567,2025-07-02T18:41:38.897Z,V-19 Torrent Starfighter,2,3,Licensed,2,4.3,https://brickset.com/sets/75432-1,26.2,28.2,7.6,5702017901220,673419413336,https://images.brickset.com/sets/small/75432-1.jpg,https://images.brickset.com/sets/images/75432-1.jpg
1,true,Box,11,2025,Retail,51102,75433,Star Wars,Normal,Episode II,707,2025-07-01T18:48:13.57Z,Jango Fett's Starship,2,3,Licensed,0,4.0,https://brickset.com/sets/75433-1,26.2,38.2,5.7,5702017901237,673419413343,https://images.brickset.com/sets/small/75433-1.jpg,https://images.brickset.com/sets/images/75433-1.jpg
1,true,Box,6,2025,Retail,51103,75434,Star Wars,Normal,Andor,845,2025-04-18T08:27:15.81Z,K-2SO,2,1,Licensed,0,4.4,https://brickset.com/sets/75434-1,38.2,26.2,7.1,5702017901244,673419413459,https://images.brickset.com/sets/small/75434-1.jpg,https://images.brickset.com/sets/images/75434-1.jpg
1,true,Box,11,2025,Retail,51104,75435,Star Wars,Normal,The Clone Wars,976,2025-07-01T18:49:04.097Z,Battle of Felucia Separatist MTT,1,12,Licensed,2,3.9,https://brickset.com/sets/75435-1,28.2,54.0,7.9,5702017901251,673419413466,https://images.brickset.com/sets/small/75435-1.jpg,https://images.brickset.com/sets/images/75435-1.jpg
1,true,Box,10,2026,Retail,51838,75436,Star Wars,Normal,The Mandalorian,58,2026-02-17T07:45:15.777Z,The Mandalorian & Grogu's Speeder Bike,2,2,Licensed,2,3.8,https://brickset.com/sets/75436-1,12.2,14.1,4.6,5702018062951,673419422239,https://images.brickset.com/sets/small/75436-1.jpg,https://images.brickset.com/sets/images/75436-1.jpg
1,true,Box,9,2026,Retail,51839,75437,Star Wars,Normal,The Mandalorian,207,2026-02-17T07:46:05.557Z,Cobb Vanth's Speeder,2,2,Licensed,3,3.9,https://brickset.com/sets/75437-1,19.1,20.5,6.1,5702018062968,673419422246,https://images.brickset.com/sets/small/75437-1.jpg,https://images.brickset.com/sets/images/75437-1.jpg
1,true,Box,14,2026,Retail,51840,75438,Star Wars,Normal,Bust Collection,399,2026-07-09T22:19:25.607Z,Yoda Bust,7,1,Licensed,0,3.2,https://brickset.com/sets/75438-1,26.2,22.2,6.2,5702018062975,673419422352,https://images.brickset.com/sets/small/75438-1.jpg,https://images.brickset.com/sets/images/75438-1.jpg
1,true,Box,13,2026,Retail,51841,75439,Star Wars,Normal,Bust Collection,349,2026-07-09T22:23:01.36Z,Darth Vader Bust,7,1,Licensed,0,3.5,https://brickset.com/sets/75439-1,26.2,22.2,6.2,5702018062982,673419422369,https://images.brickset.com/sets/small/75439-1.jpg,https://images.brickset.com/sets/images/75439-1.jpg
1,true,Box,12,2026,Retail,51842,75440,Star Wars,Normal,Starship Collection,525,2026-02-17T07:46:47.643Z,AT-AT,7,0,Licensed,1,3.9,https://brickset.com/sets/75440-1,26.2,28.2,5.9,5702018062999,673419422376,https://images.brickset.com/sets/small/75440-1.jpg,https://images.brickset.com/sets/images/75440-1.jpg
1,true,Box,12,2026,Retail,51843,75441,Star Wars,Normal,Starship Collection,643,2026-02-17T07:47:32.003Z,Venator-class Attack Cruiser,7,0,Licensed,1,4.4,https://brickset.com/sets/75441-1,19.1,35.4,9.1,5702018063002,673419422383,https://images.brickset.com/sets/small/75441-1.jpg,https://images.brickset.com/sets/images/75441-1.jpg
1,true,Box,17,2026,LEGO exclusive,52708,75442,Star Wars,Normal,Ultimate Collector Series,1809,2026-04-15T15:40:40.177Z,The Mandalorian's N-1 Starfighter,7,2,Licensed,1,3.9,https://brickset.com/sets/75442-1,37.8,55.5,8.7,5702018066515,673419423977,https://images.brickset.com/sets/small/75442-1.jpg,https://images.brickset.com/sets/images/75442-1.jpg
1,true,Box,9,2026,Retail,51844,75443,Star Wars,Normal,The Mandalorian,107,2026-02-17T07:48:22.557Z,Grogu's Homestead,4,0,Licensed,0,2.4,https://brickset.com/sets/75443-1,14.1,19.1,4.6,5702018063019,673419422390,https://images.brickset.com/sets/small/75443-1.jpg,https://images.brickset.com/sets/images/75443-1.jpg
1,true,Box,12,2026,Retail,51845,75444,Star Wars,Normal,The Mandalorian and Grogu,297,2026-02-13T09:08:24.68Z,AT-RT Attack,4,3,Licensed,1,3.6,https://brickset.com/sets/75444-1,19.1,26.2,6.1,5702018063026,673419422406,https://images.brickset.com/sets/small/75444-1.jpg,https://images.brickset.com/sets/images/75444-1.jpg
1,true,Box,11,2026,Retail,51846,75445,Star Wars,Normal,The Mandalorian and Grogu,701,2026-02-13T09:05:41.023Z,Anzellan Starship,2,3,Licensed,1,3.8,https://brickset.com/sets/75445-1,26.2,28.2,7.6,5702018063033,673419422413,https://images.brickset.com/sets/small/75445-1.jpg,https://images.brickset.com/sets/images/75445-1.jpg
1,true,Box,9,2026,Retail,51847,75446,Star Wars,Normal,The Mandalorian and Grogu,1200,2026-02-14T18:11:31.493Z,Grogu (Mandalorian Apprentice),2,1,Licensed,1,3.9,https://brickset.com/sets/75446-1,38.2,26.2,9.4,5702018063040,673419422420,https://images.brickset.com/sets/small/75446-1.jpg,https://images.brickset.com/sets/images/75446-1.jpg
1,true,Box,13,2026,Retail,51848,75447,Star Wars,Normal,The Mandalorian and Grogu,930,2026-02-13T08:57:22.39Z,The Razor Crest,2,5,Licensed,1,3.9,https://brickset.com/sets/75447-1,37.8,48.0,7.1,5702018063057,673419422437,https://images.brickset.com/sets/small/75447-1.jpg,https://images.brickset.com/sets/images/75447-1.jpg
1,true,Box,8,2026,Retail,51849,75448,Star Wars,Normal,Mechs,151,2026-02-17T07:49:26.93Z,Clone Shock Trooper Mech,2,1,Licensed,0,3.3,https://brickset.com/sets/75448-1,15.7,14.1,4.5,5702018063064,673419422444,https://images.brickset.com/sets/small/75448-1.jpg,https://images.brickset.com/sets/images/75448-1.jpg
1,true,Box,8,2026,Retail,51850,75449,Star Wars,Normal,The Clone Wars,116,2026-02-17T07:51:10.473Z,Siege of Mandalore Battle Pack,2,4,Licensed,2,3.6,https://brickset.com/sets/75449-1,14.1,15.7,4.5,5702018063071,673419422451,https://images.brickset.com/sets/small/75449-1.jpg,https://images.brickset.com/sets/images/75449-1.jpg
1,true,Box,12,2026,Retail,52540,75451,Star Wars,Normal,The Mandalorian and Grogu,415,2026-05-01T18:18:23.587Z,Hutt Palace Sentry Droid Showdown,2,3,Licensed,0,3.5,https://brickset.com/sets/75451-1,19.1,26.2,6.1,5702018063088,673419422468,https://images.brickset.com/sets/small/75451-1.jpg,https://images.brickset.com/sets/images/75451-1.jpg
1,true,Box,11,2026,Retail,51851,75452,Star Wars,Normal,Episode VII,569,2026-02-17T07:53:00.6Z,BB-8,2,1,Licensed,1,3.9,https://brickset.com/sets/75452-1,26.2,28.2,7.6,5702018063095,673419422475,https://images.brickset.com/sets/small/75452-1.jpg,https://images.brickset.com/sets/images/75452-1.jpg
1,true,Box,18,2026,Retail,52673,75453,Star Wars,Normal,The Mandalorian,1683,2026-05-29T17:29:18.087Z,Offworld Sandcrawler and Mudhorn,2,6,Licensed,0,4.5,https://brickset.com/sets/75453-1,37.8,55.5,8.7,5702018063101,673419422482,https://images.brickset.com/sets/small/75453-1.jpg,https://images.brickset.com/sets/images/75453-1.jpg
1,true,Box,18,2026,Retail,52674,75454,Star Wars,Normal,The Mandalorian and Grogu,1453,2026-05-29T17:27:48.047Z,Imperial Remnant AT-AT with INT-4,2,7,Licensed,0,4.3,https://brickset.com/sets/75454-1,37.8,48.0,7.05,5702018063118,673419422499,https://images.brickset.com/sets/small/75454-1.jpg,https://images.brickset.com/sets/images/75454-1.jpg
1,true,Box,19,2026,Retail,52675,75455,Star Wars,Normal,Episode VI,1544,2026-07-02T18:09:11.153Z,Boba Fett,7,1,Licensed,0,4.8,https://brickset.com/sets/75455-1,43.2,28.2,11.8,5702018063125,673419422505,https://images.brickset.com/sets/small/75455-1.jpg,https://images.brickset.com/sets/images/75455-1.jpg
1,true,Box,4,2026,Retail,52676,75456,Star Wars,Normal,Seasonal,293,2026-05-01T17:47:57.083Z,LEGO Star Wars Advent Calendar 2026,1,0,Licensed,1,3.8,https://brickset.com/sets/75456-1,26.2,38.2,7.05,5702018062470,673419422253,https://images.brickset.com/sets/small/75456-1.jpg,https://images.brickset.com/sets/images/75456-1.jpg
1,true,Box,20,2026,Retail,52984,75457,Star Wars,Normal,Ultimate Collector Series,6130,2026-08-26T14:18:22.74Z,Executor Super Star Destroyer,13,0,Licensed,0,4.6,https://brickset.com/sets/75457-1,0.0,0.0,0.0,5702018066522,673419423984,https://images.brickset.com/sets/small/75457-1.jpg,https://images.brickset.com/sets/images/75457-1.jpg
1,true,Box,9,2026,Retail,52736,75458,Star Wars,Normal,Helmet Collection,775,2026-05-03T16:14:39.067Z,Imperial Remnant AT-RT Driver Helmet,7,0,Licensed,0,4.3,https://brickset.com/sets/75458-1,35.4,19.1,11.8,5702018068854,673419424622,https://images.brickset.com/sets/small/75458-1.jpg,https://images.brickset.com/sets/images/75458-1.jpg
1,true,Box,12,2026,Retail,51949,75459,Star Wars,Normal,The Mandalorian,961,2026-05-04T09:41:53.93Z,Imperial Lambda-class Shuttle,2,5,Licensed,0,4.2,https://brickset.com/sets/75459-1,28.2,43.2,8.8,5702018068861,673419424639,https://images.brickset.com/sets/small/75459-1.jpg,https://images.brickset.com/sets/images/75459-1.jpg
1,true,Box,11,2026,Retail,51950,75460,Star Wars,Normal,The Mandalorian and Grogu,558,2026-02-13T08:55:40.307Z,New Republic X-wing Starfighter,2,3,Licensed,2,4.2,https://brickset.com/sets/75460-1,26.2,38.2,5.7,5702018068977,673419424646,https://images.brickset.com/sets/small/75460-1.jpg,https://images.brickset.com/sets/images/75460-1.jpg
1,true,Box,10,2026,Retail,51951,75461,Star Wars,Normal,Up-Scaled Minifigure,1028,2026-05-03T16:16:23.94Z,Up-Scaled Darth Vader Minifigure,2,0,Licensed,1,4.3,https://brickset.com/sets/75461-1,38.2,26.2,9.4,5702018068984,673419424950,https://images.brickset.com/sets/small/75461-1.jpg,https://images.brickset.com/sets/images/75461-1.jpg
1,false,{Not specified},0,2027,{Not specified},53231,75462,Star Wars,Normal,,0,2026-08-07T00:17:37.193Z,{?},0,0,Licensed,0,0.0,https://brickset.com/sets/75462-1,0.0,0.0,0.0,,,,
1,false,{Not specified},0,2027,{Not specified},53045,75463,Star Wars,Normal,,0,2026-07-10T05:27:47.91Z,{?},0,0,Licensed,0,0.0,https://brickset.com/sets/75463-1,0.0,0.0,0.0,,,,
1,false,{Not specified},0,2027,{Not specified},53046,75464,Star Wars,Normal,,0,2026-07-10T05:27:49.373Z,{?},0,0,Licensed,0,0.0,https://brickset.com/sets/75464-1,0.0,0.0,0.0,,,,
1,false,{Not specified},0,2027,{Not specified},53116,75465,Star Wars,Normal,,0,2026-07-17T20:22:40.163Z,{?},0,0,Licensed,0,0.0,https://brickset.com/sets/75465-1,0.0,0.0,0.0,,,,
1,false,{Not specified},0,2027,{Not specified},53049,75466,Star Wars,Normal,,0,2026-07-10T05:28:09.48Z,{?},0,0,Licensed,0,0.0,https://brickset.com/sets/75466-1,0.0,0.0,0.0,,,,
1,false,{Not specified},0,2027,{Not specified},53047,75467,Star Wars,Normal,,0,2026-07-10T05:27:53.823Z,{?},0,0,Licensed,0,0.0,https://brickset.com/sets/75467-1,0.0,0.0,0.0,,,,
1,false,{Not specified},0,2027,{Not specified},53048,75468,Star Wars,Normal,,0,2026-07-10T05:28:01.943Z,{?},0,0,Licensed,0,0.0,https://brickset.com/sets/75468-1,0.0,0.0,0.0,,,,
1,false,{Not specified},0,2027,{Not specified},53050,75469,Star Wars,Normal,,0,2026-07-10T05:28:14.083Z,{?},0,0,Licensed,0,0.0,https://brickset.com/sets/75469-1,0.0,0.0,0.0,,,,
1,false,{Not specified},0,2027,{Not specified},53051,75470,Star Wars,Normal,,0,2026-07-10T05:28:16.7Z,{?},0,0,Licensed,0,0.0,https://brickset.com/sets/75470-1,0.0,0.0,0.0,,,,
1,false,{Not specified},0,2027,{Not specified},53117,75471,Star Wars,Normal,,0,2026-07-17T20:28:19.3Z,{?},0,0,Licensed,0,0.0,https://brickset.com/sets/75471-1,0.0,0.0,0.0,,,,
1,false,{Not specified},0,2027,{Not specified},53118,75472,Star Wars,Normal,,0,2026-07-17T20:28:21.737Z,{?},0,0,Licensed,0,0.0,https://brickset.com/sets/75472-1,0.0,0.0,0.0,,,,
1,false,{Not specified},0,2027,{Not specified},53119,75473,Star Wars,Normal,,0,2026-07-17T20:28:24.947Z,{?},0,0,Licensed,0,0.0,https://brickset.com/sets/75473-1,0.0,0.0,0.0,,,,
1,false,{Not specified},0,2027,{Not specified},53115,75474,Star Wars,Normal,,0,2026-07-17T20:22:31.41Z,{?},0,0,Licensed,0,0.0,https://brickset.com/sets/75474-1,0.0,0.0,0.0,,,,
1,false,{Not specified},0,2027,{Not specified},53052,75475,Star Wars,Normal,,0,2026-07-10T05:28:23.353Z,{?},0,0,Licensed,0,0.0,https://brickset.com/sets/75475-1,0.0,0.0,0.0,,,,
1,false,{Not specified},0,2027,{Not specified},53053,75476,Star Wars,Normal,,0,2026-07-10T05:28:30.653Z,{?},0,0,Licensed,0,0.0,https://brickset.com/sets/75476-1,0.0,0.0,0.0,,,,
1,false,{Not specified},0,2027,{Not specified},53054,75477,Star Wars,Normal,,0,2026-07-10T05:28:37.553Z,{?},0,0,Licensed,0,0.0,https://brickset.com/sets/75477-1,0.0,0.0,0.0,,,,
1,false,{Not specified},0,2027,{Not specified},53055,75478,Star Wars,Normal,,0,2026-07-10T05:28:39.737Z,{?},0,0,Licensed,0,0.0,https://brickset.com/sets/75478-1,0.0,0.0,0.0,,,,
1,false,{Not specified},0,2027,{Not specified},53056,75480,Star Wars,Normal,,0,2026-07-10T05:28:45.033Z,{?},0,0,Licensed,0,0.0,https://brickset.com/sets/75480-1,0.0,0.0,0.0,,,,
1,false,{Not specified},0,2027,{Not specified},53263,75481,Star Wars,Normal,,0,2026-08-09T23:27:19.15Z,{?},0,0,Licensed,0,0.0,https://brickset.com/sets/75481-1,0.0,0.0,0.0,,,,
1,false,{Not specified},0,2027,{Not specified},53057,75482,Star Wars,Normal,,0,2026-07-10T05:28:46.66Z,{?},0,0,Licensed,0,0.0,https://brickset.com/sets/75482-1,0.0,0.0,0.0,,,,
1,false,{Not specified},0,2027,{Not specified},53230,75483,Star Wars,Normal,,0,2026-08-07T00:16:40.99Z,{?},0,0,Licensed,0,0.0,https://brickset.com/sets/75483-1,0.0,0.0,0.0,,,,
1,false,{Not specified},0,2027,{Not specified},53238,75487,Star Wars,Normal,,0,2026-08-07T01:35:38.627Z,{?},0,0,Licensed,0,0.0,https://brickset.com/sets/75487-1,0.0,0.0,0.0,,,,
1,false,{Not specified},0,2027,{Not specified},53232,75488,Star Wars,Normal,,0,2026-08-07T00:18:16.497Z,{?},0,0,Licensed,0,0.0,https://brickset.com/sets/75488-1,0.0,0.0,0.0,,,,
1,false,{Not specified},0,2027,{Not specified},53233,75489,Star Wars,Normal,,0,2026-08-07T00:18:20.047Z,{?},0,0,Licensed,0,0.0,https://brickset.com/sets/75489-1,0.0,0.0,0.0,,,,
1,false,{Not specified},0,2027,{Not specified},53234,75490,Star Wars,Normal,,0,2026-08-07T00:18:31.23Z,{?},0,0,Licensed,0,0.0,https://brickset.com/sets/75490-1,0.0,0.0,0.0,,,,
1,false,{Not specified},0,2027,{Not specified},53235,75491,Star Wars,Normal,,0,2026-08-07T00:18:33.99Z,{?},0,0,Licensed,0,0.0,https://brickset.com/sets/75491-1,0.0,0.0,0.0,,,,
1,false,{Not specified},0,2027,{Not specified},53236,75492,Star Wars,Normal,,0,2026-08-07T00:18:37.657Z,{?},0,0,Licensed,0,0.0,https://brickset.com/sets/75492-1,0.0,0.0,0.0,,,,
1,false,{Not specified},0,2027,{Not specified},53114,75494,Star Wars,Normal,,0,2026-07-17T20:22:17.803Z,{?},0,0,Licensed,0,0.0,https://brickset.com/sets/75494-1,0.0,0.0,0.0,,,,
1,false,{Not specified},0,2027,{Not specified},53058,75495,Star Wars,Normal,,0,2026-07-10T05:28:53.36Z,{?},0,0,Licensed,0,0.0,https://brickset.com/sets/75495-1,0.0,0.0,0.0,,,,
1,true,Box,0,2018,Promotional,28139,75512,Star Wars,Normal,Promotional,203,2023-01-31T09:10:38.113Z,Millennium Falcon Cockpit,0,2,Licensed,0,4.4,https://brickset.com/sets/75512-1,0.0,0.0,0.0,,673419306690,https://images.brickset.com/sets/small/75512-1.jpg,https://images.brickset.com/sets/images/75512-1.jpg
1,true,Polybag,0,2019,LEGO exclusive,29582,75522,Star Wars,Normal,Promotional,62,2023-09-09T03:20:29.28Z,Mini Boost Droid Commander,2,3,Licensed,0,3.6,https://brickset.com/sets/75522-1,19.5,20.0,0.9,5702016687798,673419325004,https://images.brickset.com/sets/small/75522-1.jpg,https://images.brickset.com/sets/images/75522-1.jpg
1,true,Box,4,2017,Retail,25948,75523,Star Wars,Normal,Buildable Figures,89,2016-12-30T18:46:50.167Z,Scarif Stormtrooper,2,0,Licensed,2,3.9,https://brickset.com/sets/75523-1,26.2128,14.097,6.096,,673419266611,https://images.brickset.com/sets/small/75523-1.jpg,https://images.brickset.com/sets/images/75523-1.jpg
1,true,Box,3,2017,Retail,24958,75524,Star Wars,Normal,Buildable Figures,87,2016-12-13T07:32:45.227Z,Chirrut Îmwe,2,0,Licensed,1,3.7,https://brickset.com/sets/75524-1,26.2128,14.097,6.096,5702015867955,673419266604,https://images.brickset.com/sets/small/75524-1.jpg,https://images.brickset.com/sets/images/75524-1.jpg
1,true,Box,1,2017,Retail,25947,75525,Star Wars,Normal,Buildable Figures,148,2016-12-13T07:32:48.663Z,Baze Malbus,2,0,Licensed,1,3.5,https://brickset.com/sets/75525-1,26.2128,14.097,7.2136,,673419266628,https://images.brickset.com/sets/small/75525-1.jpg,https://images.brickset.com/sets/images/75525-1.jpg
1,true,Box,3,2017,Retail,26733,75526,Star Wars,Normal,Buildable Figures,94,2017-08-31T22:57:43.583Z,Elite TIE Fighter Pilot,2,0,Licensed,0,3.8,https://brickset.com/sets/75526-1,26.2128,14.097,6.096,5702015868181,673419266635,https://images.brickset.com/sets/small/75526-1.jpg,https://images.brickset.com/sets/images/75526-1.jpg
1,true,Box,5,2017,Retail,26734,75528,Star Wars,Normal,Buildable Figures,85,2017-08-31T22:58:43.717Z,Rey,2,0,Licensed,1,3.3,https://brickset.com/sets/75528-1,26.2128,14.097,6.096,,673419266659,https://images.brickset.com/sets/small/75528-1.jpg,https://images.brickset.com/sets/images/75528-1.jpg
1,true,Box,4,2017,Retail,26735,75529,Star Wars,Normal,Buildable Figures,92,2017-08-31T22:59:08.55Z,Elite Praetorian Guard,2,0,Licensed,2,4.1,https://brickset.com/sets/75529-1,26.2128,14.097,6.096,5702015868211,673419266666,https://images.brickset.com/sets/small/75529-1.jpg,https://images.brickset.com/sets/images/75529-1.jpg
1,true,Box,3,2017,Retail,26736,75530,Star Wars,Normal,Buildable Figures,179,2018-11-19T01:37:28.737Z,Chewbacca,2,0,Licensed,0,3.9,https://brickset.com/sets/75530-1,26.2128,19.1008,6.096,,673419266673,https://images.brickset.com/sets/small/75530-1.jpg,https://images.brickset.com/sets/images/75530-1.jpg
1,true,Box,4,2017,Retail,26731,75531,Star Wars,Normal,Buildable Figures,100,2017-05-16T14:53:50.453Z,Stormtrooper Commander,2,0,Licensed,3,4.0,https://brickset.com/sets/75531-1,26.2128,14.097,6.096,,673419266680,https://images.brickset.com/sets/small/75531-1.jpg,https://images.brickset.com/sets/images/75531-1.jpg
1,true,Box,4,2017,Retail,26732,75532,Star Wars,Normal,Buildable Figures,452,2023-09-12T08:46:43.243Z,Scout Trooper & Speeder Bike,4,0,Licensed,0,4.3,https://brickset.com/sets/75532-1,26.2128,38.2016,7.0612,5702015868242,673419266697,https://images.brickset.com/sets/small/75532-1.jpg,https://images.brickset.com/sets/images/75532-1.jpg
1,true,Box,5,2018,Retail,27391,75533,Star Wars,Normal,Buildable Figures,144,2023-09-12T08:47:21.147Z,Boba Fett,2,0,Licensed,3,4.1,https://brickset.com/sets/75533-1,26.2,14.1,6.1,5702016112085,673419283441,https://images.brickset.com/sets/small/75533-1.jpg,https://images.brickset.com/sets/images/75533-1.jpg
1,true,Box,5,2018,Retail,27392,75534,Star Wars,Normal,Buildable Figures,168,2023-09-12T08:47:45.207Z,Darth Vader,2,0,Licensed,2,4.1,https://brickset.com/sets/75534-1,26.2,19.1,6.1,5702016112092,,https://images.brickset.com/sets/small/75534-1.jpg,https://images.brickset.com/sets/images/75534-1.jpg
1,true,Box,4,2018,Retail,27393,75535,Star Wars,Normal,Buildable Figures,101,2023-09-12T08:48:08.45Z,Han Solo,2,0,Licensed,0,3.6,https://brickset.com/sets/75535-1,26.2,14.1,6.1,5702016112108,673419283663,https://images.brickset.com/sets/small/75535-1.jpg,https://images.brickset.com/sets/images/75535-1.jpg
1,true,Box,4,2018,Retail,27394,75536,Star Wars,Normal,Buildable Figures,101,2018-01-09T21:52:34.593Z,Range Trooper,2,0,Licensed,0,4.1,https://brickset.com/sets/75536-1,26.2,14.1,6.1,5702016112115,,https://images.brickset.com/sets/small/75536-1.jpg,https://images.brickset.com/sets/images/75536-1.jpg
1,true,Box,4,2018,Retail,27395,75537,Star Wars,Normal,Buildable Figures,104,2023-09-12T08:49:27.327Z,Darth Maul,2,0,Licensed,1,4.0,https://brickset.com/sets/75537-1,26.2,14.1,6.1,5702016112122,673419283687,https://images.brickset.com/sets/small/75537-1.jpg,https://images.brickset.com/sets/images/75537-1.jpg
1,false,{Not specified},0,2018,{Not specified},27801,75538,Star Wars,Normal,Buildable Figures,0,2020-01-14T08:53:27.28Z,Super Battle Droid,0,0,Licensed,0,0.0,https://brickset.com/sets/75538-1,0.0,0.0,0.0,,,,
1,false,{Not specified},0,2018,{Not specified},27800,75539,Star Wars,Normal,Buildable Figures,0,2020-01-14T08:53:50.14Z,501st Legion Clone Trooper & AT-RT Walker,0,0,Licensed,0,0.0,https://brickset.com/sets/75539-1,0.0,0.0,0.0,,,,
1,false,{Not specified},0,2027,{Not specified},53069,75659,Star Wars,Normal,,0,2026-07-10T06:08:15.353Z,{?},0,0,Licensed,0,0.0,https://brickset.com/sets/75659-1,0.0,0.0,0.0,,,,
1,true,Box,1,2019,Promotional,29386,77901,Star Wars,Normal,Promotional,484,2021-04-12T10:29:22.107Z,Sith Trooper Bust,0,0,Licensed,0,4.5,https://brickset.com/sets/77901-1,0.0,0.0,0.0,,673419317634,https://images.brickset.com/sets/small/77901-1.jpg,https://images.brickset.com/sets/images/77901-1.jpg
1,true,Box,6,2020,Retail - limited,30896,77904,Star Wars,Normal,Promotional,459,2021-04-18T10:26:56.48Z,Nebulon-B Frigate,1,0,Licensed,2,4.3,https://brickset.com/sets/77904-1,19.1,26.2,7.2,,673419333801,https://images.brickset.com/sets/small/77904-1.jpg,https://images.brickset.com/sets/images/77904-1.jpg
1,true,Paper bag,0,2024,Magazine gift,50369,472407,Star Wars,Other,Magazine Gift,9,2024-08-05T10:59:14.32Z,Sabine Wren,0,1,Licensed,0,4.0,https://brickset.com/sets/472407-1,0.0,0.0,0.0,,,https://images.brickset.com/sets/small/472407-1.jpg,https://images.brickset.com/sets/images/472407-1.jpg
1,true,Paper bag,0,2025,Magazine gift,51557,472518,Star Wars,Other,Magazine Gift,8,2025-08-06T18:44:23.613Z,Ahsoka Tano,0,1,Licensed,0,4.4,https://brickset.com/sets/472518-1,0.0,0.0,0.0,,,https://images.brickset.com/sets/small/472518-1.jpg,https://images.brickset.com/sets/images/472518-1.jpg
1,true,Foil pack,0,2015,Magazine gift,25863,911506,Star Wars,Other,Magazine Gift,19,2021-12-31T09:31:37.253Z,Snowspeeder,0,0,Licensed,1,3.1,https://brickset.com/sets/911506-1,0.0,0.0,0.0,,,https://images.brickset.com/sets/small/SW911506-1.jpg,https://images.brickset.com/sets/images/SW911506-1.jpg
1,true,Foil pack,0,2015,Magazine gift,24827,911508,Star Wars,Other,Magazine Gift,20,2021-12-31T09:32:07.413Z,Slave I,0,0,Licensed,1,3.2,https://brickset.com/sets/911508-1,0.0,0.0,0.0,,,https://images.brickset.com/sets/small/SW911508-1.jpg,https://images.brickset.com/sets/images/SW911508-1.jpg
1,true,Foil pack,0,2015,Magazine gift,24966,911509,Star Wars,Other,Magazine Gift,20,2021-12-31T09:32:50.003Z,Imperial Shooter,0,0,Licensed,1,2.7,https://brickset.com/sets/911509-1,0.0,0.0,0.0,,,https://images.brickset.com/sets/small/SW911509-1.jpg,https://images.brickset.com/sets/images/SW911509-1.jpg
1,true,Foil pack,0,2015,Magazine gift,25595,911510,Star Wars,Other,Magazine Gift,21,2021-12-31T09:33:18.88Z,Star Destroyer and TIE Fighter,0,0,Licensed,2,2.9,https://brickset.com/sets/911510-1,0.0,0.0,0.0,,,https://images.brickset.com/sets/small/SW911510-1.jpg,https://images.brickset.com/sets/images/SW911510-1.jpg
1,true,Foil pack,0,2015,Magazine gift,25652,911511,Star Wars,Other,Magazine Gift,16,2021-12-31T09:33:43.467Z,Jedi Weapon Stand,0,0,Licensed,1,2.9,https://brickset.com/sets/911511-1,0.0,0.0,0.0,,,https://images.brickset.com/sets/small/SW911511-1.jpg,https://images.brickset.com/sets/images/SW911511-1.jpg
1,true,Foil pack,0,2016,Magazine gift,25924,911607,Star Wars,Other,Magazine Gift,42,2021-12-31T09:34:03.973Z,Millennium Falcon,0,0,Licensed,2,3.8,https://brickset.com/sets/911607-1,0.0,0.0,0.0,,,https://images.brickset.com/sets/small/SW911607-1.jpg,https://images.brickset.com/sets/images/SW911607-1.jpg
1,true,Foil pack,0,2016,Magazine gift,26042,911608,Star Wars,Other,Magazine Gift,37,2021-12-31T09:34:21.817Z,Landspeeder,0,0,Licensed,1,3.4,https://brickset.com/sets/911608-1,0.0,0.0,0.0,,,https://images.brickset.com/sets/small/SW911608-1.jpg,https://images.brickset.com/sets/images/SW911608-1.jpg
1,true,Foil pack,0,2016,Magazine gift,26121,911609,Star Wars,Other,Magazine Gift,34,2021-12-31T09:34:38.603Z,Naboo Starfighter,0,0,Licensed,1,3.2,https://brickset.com/sets/911609-1,0.0,0.0,0.0,,,https://images.brickset.com/sets/small/SW911609-1.jpg,https://images.brickset.com/sets/images/SW911609-1.jpg
1,true,Foil pack,0,2016,Magazine gift,26184,911610,Star Wars,Other,Magazine Gift,19,2021-01-10T23:47:37.893Z,Probe Droid,0,1,Licensed,0,3.4,https://brickset.com/sets/911610-1,0.0,0.0,0.0,,,https://images.brickset.com/sets/small/SW911610-1.jpg,https://images.brickset.com/sets/images/SW911610-1.jpg
1,true,Foil pack,0,2016,Magazine gift,26212,911611,Star Wars,Other,Magazine Gift,37,2021-12-31T09:35:16.157Z,AAT,0,0,Licensed,1,3.4,https://brickset.com/sets/911611-1,0.0,0.0,0.0,,,https://images.brickset.com/sets/small/SW911611-1.jpg,https://images.brickset.com/sets/images/SW911611-1.jpg
1,true,Foil pack,0,2016,Magazine gift,26312,911612,Star Wars,Other,Magazine Gift,49,2021-12-31T09:35:49.937Z,Acklay,0,0,Licensed,1,3.8,https://brickset.com/sets/911612-1,0.0,0.0,0.0,,,https://images.brickset.com/sets/small/SW911612-1.jpg,https://images.brickset.com/sets/images/SW911612-1.jpg
1,true,Foil pack,0,2016,Magazine gift,26369,911613,Star Wars,Other,Magazine Gift,26,2021-12-31T09:36:10.68Z,TIE Bomber,0,0,Licensed,0,3.5,https://brickset.com/sets/911613-1,0.0,0.0,0.0,,,https://images.brickset.com/sets/small/SW911613-1.jpg,https://images.brickset.com/sets/images/SW911613-1.jpg
1,true,Foil pack,0,2016,Magazine gift,26398,911614,Star Wars,Other,Magazine Gift,29,2021-12-31T09:37:03.833Z,Yoda's Hut,0,0,Licensed,0,3.1,https://brickset.com/sets/911614-1,0.0,0.0,0.0,,,https://images.brickset.com/sets/small/SW911614-1.jpg,https://images.brickset.com/sets/images/SW911614-1.jpg
1,true,Foil pack,0,2016,Magazine gift,26538,911615,Star Wars,Other,Magazine Gift,48,2021-12-31T09:37:27.03Z,AT-AT,0,0,Licensed,0,3.7,https://brickset.com/sets/911615-1,0.0,0.0,0.0,,,https://images.brickset.com/sets/small/SW911615-1.jpg,https://images.brickset.com/sets/images/SW911615-1.jpg
1,true,Foil pack,0,2016,Magazine gift,26640,911616,Star Wars,Other,Magazine Gift,45,2021-12-31T09:37:51.993Z,MTT,0,0,Licensed,0,3.2,https://brickset.com/sets/911616-1,0.0,0.0,0.0,,,https://images.brickset.com/sets/small/SW911616-1.jpg,https://images.brickset.com/sets/images/SW911616-1.jpg
1,true,Foil pack,0,2016,Magazine gift,26814,911617,Star Wars,Other,Magazine Gift,37,2021-12-31T09:38:09.837Z,Palpatine's Shuttle,0,0,Licensed,0,3.4,https://brickset.com/sets/911617-1,0.0,0.0,0.0,,,https://images.brickset.com/sets/small/SW911617-1.jpg,https://images.brickset.com/sets/images/SW911617-1.jpg
1,true,Foil pack,0,2017,Magazine gift,26883,911618,Star Wars,Other,Magazine Gift,43,2021-12-31T09:38:28.733Z,Flash Speeder,0,0,Licensed,1,3.6,https://brickset.com/sets/911618-1,0.0,0.0,0.0,,,https://images.brickset.com/sets/small/SW911618-1.jpg,https://images.brickset.com/sets/images/SW911618-1.jpg
1,true,Foil pack,0,2017,Magazine gift,26943,911719,Star Wars,Other,Magazine Gift,6,2021-12-31T09:39:20.783Z,Kanan Jarrus,0,1,Licensed,2,4.0,https://brickset.com/sets/911719-1,0.0,0.0,0.0,,,https://images.brickset.com/sets/small/SW911719-1.jpg,https://images.brickset.com/sets/images/SW911719-1.jpg
1,true,Foil pack,0,2017,Magazine gift,27029,911720,Star Wars,Other,Magazine Gift,50,2023-07-08T21:05:29.187Z,Ghost,0,0,Licensed,1,3.6,https://brickset.com/sets/911720-1,0.0,0.0,0.0,,,https://images.brickset.com/sets/small/SW911720-1.jpg,https://images.brickset.com/sets/images/SW911720-1.jpg
1,true,Foil pack,0,2017,Magazine gift,27104,911721,Star Wars,Other,Magazine Gift,5,2021-12-31T09:40:33.84Z,Imperial Combat Driver,0,1,Licensed,1,3.7,https://brickset.com/sets/911721-1,0.0,0.0,0.0,,,https://images.brickset.com/sets/small/SW911721-1.jpg,https://images.brickset.com/sets/images/SW911721-1.jpg
1,true,Foil pack,0,2017,Magazine gift,27163,911722,Star Wars,Other,Magazine Gift,26,2021-12-31T09:40:52.173Z,TIE Advanced,0,0,Licensed,1,3.5,https://brickset.com/sets/911722-1,0.0,0.0,0.0,,,https://images.brickset.com/sets/small/SW911722-1.jpg,https://images.brickset.com/sets/images/SW911722-1.jpg
1,true,Foil pack,0,2017,Magazine gift,27186,911723,Star Wars,Other,Magazine Gift,35,2021-12-31T09:41:09.8Z,Vulture Droid,0,0,Licensed,0,3.2,https://brickset.com/sets/911723-1,0.0,0.0,0.0,,,https://images.brickset.com/sets/small/SW911723-1.jpg,https://images.brickset.com/sets/images/SW911723-1.jpg
1,true,Foil pack,0,2017,Magazine gift,27218,911724,Star Wars,Other,Magazine Gift,47,2021-12-31T09:42:52.697Z,A-wing,0,0,Licensed,0,3.9,https://brickset.com/sets/911724-1,0.0,0.0,0.0,,,https://images.brickset.com/sets/small/SW911724-1.jpg,https://images.brickset.com/sets/images/SW911724-1.jpg
1,true,Foil pack,0,2017,Magazine gift,27273,911725,Star Wars,Other,Magazine Gift,50,2021-12-31T09:43:09.267Z,Sandcrawler,0,0,Licensed,0,3.6,https://brickset.com/sets/911725-1,0.0,0.0,0.0,,,https://images.brickset.com/sets/small/SW911725-1.jpg,https://images.brickset.com/sets/images/SW911725-1.jpg
1,true,Foil pack,0,2017,Magazine gift,27330,911726,Star Wars,Other,Magazine Gift,5,2021-12-31T09:43:35.44Z,Imperial Snowtrooper,0,1,Licensed,1,3.8,https://brickset.com/sets/911726-1,0.0,0.0,0.0,,,https://images.brickset.com/sets/small/SW911726-1.jpg,https://images.brickset.com/sets/images/SW911726-1.jpg
1,true,Foil pack,0,2017,Magazine gift,27551,911727,Star Wars,Other,Magazine Gift,35,2017-09-05T15:33:26.133Z,Rey's Speeder,0,0,Licensed,0,3.7,https://brickset.com/sets/911727-1,0.0,0.0,0.0,,,https://images.brickset.com/sets/small/SW911727-1.jpg,https://images.brickset.com/sets/images/SW911727-1.jpg
1,true,Foil pack,0,2017,Magazine gift,27564,911728,Star Wars,Other,Magazine Gift,44,2021-12-31T09:45:36.053Z,First Order Snowspeeder,0,0,Licensed,0,3.3,https://brickset.com/sets/911728-1,0.0,0.0,0.0,,,https://images.brickset.com/sets/small/SW911728-1.jpg,https://images.brickset.com/sets/images/SW911728-1.jpg
1,true,Foil pack,0,2017,Magazine gift,27616,911729,Star Wars,Other,Magazine Gift,25,2021-12-31T09:45:55.32Z,Droid Gunship,0,0,Licensed,0,3.3,https://brickset.com/sets/911729-1,0.0,0.0,0.0,,,https://images.brickset.com/sets/small/SW911729-1.jpg,https://images.brickset.com/sets/images/SW911729-1.jpg
1,true,Foil pack,0,2017,Magazine gift,27741,911730,Star Wars,Other,Magazine Gift,60,2023-07-22T10:51:43.493Z,Y-wing,0,0,Licensed,0,3.8,https://brickset.com/sets/911730-1,0.0,0.0,0.0,,,https://images.brickset.com/sets/small/SW911730-1.jpg,https://images.brickset.com/sets/images/SW911730-1.jpg
1,true,Foil pack,0,2018,Magazine gift,27810,911831,Star Wars,Other,Magazine Gift,21,2020-11-02T20:14:07.577Z,Kylo Ren's Shuttle,0,0,Licensed,1,3.3,https://brickset.com/sets/911831-1,0.0,0.0,0.0,,,https://images.brickset.com/sets/small/SW911831-1.jpg,https://images.brickset.com/sets/images/SW911831-1.jpg
1,true,Foil pack,0,2018,Magazine gift,27899,911832,Star Wars,Other,Magazine Gift,5,2021-12-31T09:46:36.483Z,Imperial Shuttle Pilot,0,1,Licensed,0,3.7,https://brickset.com/sets/911832-1,0.0,0.0,0.0,,,https://images.brickset.com/sets/small/SW911832-1.jpg,https://images.brickset.com/sets/images/SW911832-1.jpg
1,true,Foil pack,0,2018,Magazine gift,28013,911833,Star Wars,Other,Magazine Gift,36,2021-12-31T09:47:21.827Z,Imperial Shuttle,0,0,Licensed,1,3.4,https://brickset.com/sets/911833-1,0.0,0.0,0.0,,,https://images.brickset.com/sets/small/SW911833-1.jpg,https://images.brickset.com/sets/images/SW911833-1.jpg
1,true,Foil pack,0,2018,Magazine gift,28014,911834,Star Wars,Other,Magazine Gift,5,2021-12-31T09:47:08.177Z,Finn,0,1,Licensed,0,3.4,https://brickset.com/sets/911834-1,0.0,0.0,0.0,,,https://images.brickset.com/sets/small/SW911834-1.jpg,https://images.brickset.com/sets/images/SW911834-1.jpg
1,true,Foil pack,0,2018,Magazine gift,28035,911835,Star Wars,Other,Magazine Gift,23,2021-12-31T09:48:08.93Z,Dwarf Spider Droid,0,1,Licensed,0,3.7,https://brickset.com/sets/911835-1,0.0,0.0,0.0,,,https://images.brickset.com/sets/small/SW911835-1.jpg,https://images.brickset.com/sets/images/SW911835-1.jpg
1,true,Foil pack,0,2018,Magazine gift,28100,911836,Star Wars,Other,Magazine Gift,42,2021-12-31T09:48:28.927Z,Quadjumper,0,0,Licensed,0,3.3,https://brickset.com/sets/911836-1,0.0,0.0,0.0,,,https://images.brickset.com/sets/small/SW911836-1.jpg,https://images.brickset.com/sets/images/SW911836-1.jpg
1,true,Foil pack,0,2018,Magazine gift,28140,911837,Star Wars,Other,Magazine Gift,48,2020-11-02T20:11:17.447Z,AT-ST,0,0,Licensed,2,3.6,https://brickset.com/sets/911837-1,0.0,0.0,0.0,,,https://images.brickset.com/sets/small/SW911837-1.jpg,https://images.brickset.com/sets/images/SW911837-1.jpg
1,true,Foil pack,0,2018,Magazine gift,28234,911838,Star Wars,Other,Magazine Gift,26,2020-11-02T20:10:22.96Z,Probe Droid,0,1,Licensed,0,3.6,https://brickset.com/sets/911838-1,0.0,0.0,0.0,,,https://images.brickset.com/sets/small/SW911838-1.jpg,https://images.brickset.com/sets/images/SW911838-1.jpg
1,true,Foil pack,0,2018,Magazine gift,28251,911839,Star Wars,Other,Magazine Gift,6,2020-11-02T20:08:41.283Z,Obi-Wan Kenobi,0,1,Licensed,1,4.1,https://brickset.com/sets/911839-1,0.0,0.0,0.0,,,https://images.brickset.com/sets/small/SW911839-1.jpg,https://images.brickset.com/sets/images/SW911839-1.jpg
1,true,Foil pack,0,2018,Magazine gift,28308,911840,Star Wars,Other,Magazine Gift,24,2020-11-02T20:07:34.81Z,Droideka,0,1,Licensed,0,3.7,https://brickset.com/sets/911840-1,0.0,0.0,0.0,,,https://images.brickset.com/sets/small/SW911840-1.jpg,https://images.brickset.com/sets/images/SW911840-1.jpg
1,true,Foil pack,0,2018,Magazine gift,28359,911841,Star Wars,Other,Magazine Gift,48,2023-10-18T09:30:00.533Z,Poe Dameron's X-wing,0,0,Licensed,0,3.3,https://brickset.com/sets/911841-1,0.0,0.0,0.0,,,https://images.brickset.com/sets/small/SW911841-1.jpg,https://images.brickset.com/sets/images/SW911841-1.jpg
1,true,Foil pack,0,2018,Magazine gift,28528,911842,Star Wars,Other,Magazine Gift,35,2020-11-02T20:05:37.013Z,Star Destroyer,0,0,Licensed,2,3.7,https://brickset.com/sets/911842-1,0.0,0.0,0.0,,,https://images.brickset.com/sets/small/SW911842-1.jpg,https://images.brickset.com/sets/images/SW911842-1.jpg
1,true,Foil pack,0,2019,Magazine gift,28964,911943,Star Wars,Other,Magazine Gift,6,2020-04-25T16:07:22.663Z,Luke Skywalker,0,1,Licensed,1,4.0,https://brickset.com/sets/911943-1,0.0,0.0,0.0,,,https://images.brickset.com/sets/small/SW911943-1.jpg,https://images.brickset.com/sets/images/SW911943-1.jpg
1,true,Foil pack,0,2019,Magazine gift,29015,911944,Star Wars,Other,Magazine Gift,37,2019-02-08T16:11:09.62Z,Resistance Bomber,0,0,Licensed,1,3.4,https://brickset.com/sets/911944-1,0.0,0.0,0.0,,,https://images.brickset.com/sets/small/911944-1.jpg,https://images.brickset.com/sets/images/911944-1.jpg
1,true,Blister pack,0,2019,Magazine gift,29161,911945,Star Wars,Other,Magazine Gift,31,2020-11-02T20:03:51.33Z,Slave I,0,0,Licensed,1,3.5,https://brickset.com/sets/911945-1,0.0,0.0,0.0,,,https://images.brickset.com/sets/small/SW911945-1.jpg,https://images.brickset.com/sets/images/SW911945-1.jpg
1,true,Foil pack,0,2019,Magazine gift,29213,911946,Star Wars,Other,Magazine Gift,37,2021-12-31T09:50:35.78Z,U-wing,0,0,Licensed,1,3.3,https://brickset.com/sets/911946-1,0.0,0.0,0.0,,,https://images.brickset.com/sets/small/911946-1.jpg,https://images.brickset.com/sets/images/911946-1.jpg
1,true,Foil pack,0,2019,Magazine gift,29285,911947,Star Wars,Other,Magazine Gift,11,2020-04-25T16:08:01.933Z,IG-88,0,1,Licensed,0,4.0,https://brickset.com/sets/911947-1,0.0,0.0,0.0,,,https://images.brickset.com/sets/small/911947-1.jpg,https://images.brickset.com/sets/images/911947-1.jpg
1,true,Foil pack,0,2019,Magazine gift,29317,911948,Star Wars,Other,Magazine Gift,52,2019-07-17T20:47:35.433Z,AT-M6,0,0,Licensed,2,3.4,https://brickset.com/sets/911948-1,0.0,0.0,0.0,,,https://images.brickset.com/sets/small/911948-1.jpg,https://images.brickset.com/sets/images/911948-1.jpg
1,true,Foil pack,0,2019,Magazine gift,29385,911949,Star Wars,Other,Magazine Gift,32,2019-07-19T16:05:03.06Z,Millennium Falcon,0,0,Licensed,1,3.6,https://brickset.com/sets/911949-1,0.0,0.0,0.0,,,https://images.brickset.com/sets/small/911949-1.jpg,https://images.brickset.com/sets/images/911949-1.jpg
1,true,Foil pack,0,2019,Magazine gift,29546,911950,Star Wars,Other,Magazine Gift,52,2021-12-31T09:53:01.75Z,B-wing,0,0,Licensed,1,3.6,https://brickset.com/sets/911950-1,0.0,0.0,0.0,,,https://images.brickset.com/sets/small/911950-1.jpg,https://images.brickset.com/sets/images/911950-1.jpg
1,true,Foil pack,0,2019,Magazine gift,29584,911951,Star Wars,Other,Magazine Gift,5,2020-04-25T16:08:35.733Z,First Order Stormtrooper ,0,1,Licensed,0,4.0,https://brickset.com/sets/911951-1,0.0,0.0,0.0,,,https://images.brickset.com/sets/small/911951-1.jpg,https://images.brickset.com/sets/images/911951-1.jpg
1,true,Foil pack,0,2019,Magazine gift,29619,911952,Star Wars,Other,Magazine Gift,30,2021-12-31T09:54:52.893Z,Jedi Interceptor,0,0,Licensed,1,3.6,https://brickset.com/sets/911952-1,0.0,0.0,0.0,,,https://images.brickset.com/sets/small/911952-1.jpg,https://images.brickset.com/sets/images/911952-1.jpg
1,true,Foil pack,0,2019,Magazine gift,29660,911953,Star Wars,Other,Magazine Gift,32,2021-12-31T09:55:10.183Z,First Order SF TIE Fighter,0,0,Licensed,0,3.1,https://brickset.com/sets/911953-1,0.0,0.0,0.0,,,https://images.brickset.com/sets/small/911953-1.jpg,https://images.brickset.com/sets/images/911953-1.jpg
1,true,Foil pack,0,2019,Magazine gift,29741,911954,Star Wars,Other,Magazine Gift,33,2021-12-31T09:55:27.367Z,Kylo Ren's TIE Silencer,0,0,Licensed,1,3.4,https://brickset.com/sets/911954-1,0.0,0.0,0.0,,,https://images.brickset.com/sets/small/911954-1.jpg,https://images.brickset.com/sets/images/911954-1.jpg
1,true,Foil pack,0,2020,Magazine gift,29868,912055,Star Wars,Other,Magazine Gift,28,2019-12-31T19:30:28.073Z,Snowspeeder,0,0,Licensed,0,3.2,https://brickset.com/sets/912055-1,0.0,0.0,0.0,,,https://images.brickset.com/sets/small/912055-1.jpg,https://images.brickset.com/sets/images/912055-1.jpg
1,true,Foil pack,0,2020,Magazine gift,29958,912056,Star Wars,Other,Magazine Gift,28,2021-12-31T09:55:53.037Z,TIE Striker,0,0,Licensed,1,3.1,https://brickset.com/sets/912056-1,0.0,0.0,0.0,,,https://images.brickset.com/sets/small/912056-1.jpg,https://images.brickset.com/sets/images/912056-1.jpg
1,true,Foil pack,0,2020,Magazine gift,30000,912057,Star Wars,Other,Magazine Gift,13,2020-02-28T17:11:23.8Z,R2-D2 and MSE-6,0,2,Licensed,0,3.5,https://brickset.com/sets/912057-1,0.0,0.0,0.0,,,https://images.brickset.com/sets/small/912057-1.jpg,https://images.brickset.com/sets/images/912057-1.jpg
1,true,Foil pack,0,2020,Magazine gift,30037,912058,Star Wars,Other,Magazine Gift,34,2020-04-25T16:06:31.303Z,Sith Infiltrator,0,0,Licensed,1,3.3,https://brickset.com/sets/912058-1,0.0,0.0,0.0,,,https://images.brickset.com/sets/small/912058-1.jpg,https://images.brickset.com/sets/images/912058-1.jpg
1,true,Foil pack,0,2020,Magazine gift,30206,912059,Star Wars,Other,Magazine Gift,7,2020-04-25T16:07:00.82Z,Elite Praetorian Guard,0,1,Licensed,0,3.8,https://brickset.com/sets/912059-1,0.0,0.0,0.0,,,https://images.brickset.com/sets/small/912059-1.jpg,https://images.brickset.com/sets/images/912059-1.jpg
1,true,Foil pack,0,2020,Magazine gift,30370,912060,Star Wars,Other,Magazine Gift,44,2021-12-31T09:57:02.24Z,A-wing,0,0,Licensed,1,3.4,https://brickset.com/sets/912060-1,0.0,0.0,0.0,,,https://images.brickset.com/sets/small/912060-1.jpg,https://images.brickset.com/sets/images/912060-1.jpg
1,true,Foil pack,0,2020,Magazine gift,30616,912061,Star Wars,Other,Magazine Gift,51,2020-07-02T11:49:26.623Z,AT-AT,0,0,Licensed,0,3.1,https://brickset.com/sets/912061-1,0.0,0.0,0.0,,,https://images.brickset.com/sets/small/912061-1.jpg,https://images.brickset.com/sets/images/912061-1.jpg
1,true,Foil pack,0,2020,Magazine gift,30663,912062,Star Wars,Other,Magazine Gift,5,2020-07-23T16:59:33.763Z,Stormtrooper,0,1,Licensed,0,4.2,https://brickset.com/sets/912062-1,0.0,0.0,0.0,,,https://images.brickset.com/sets/small/912062-1.jpg,https://images.brickset.com/sets/images/912062-1.jpg
1,true,Foil pack,0,2020,Magazine gift,30705,912063,Star Wars,Other,Magazine Gift,42,2021-12-31T09:57:40.647Z,Resistance X-wing,0,0,Licensed,1,3.5,https://brickset.com/sets/912063-1,0.0,0.0,0.0,,,https://images.brickset.com/sets/small/912063-1.jpg,https://images.brickset.com/sets/images/912063-1.jpg
1,true,Foil pack,0,2020,Magazine gift,30874,912064,Star Wars,Other,Magazine Gift,37,2023-10-02T20:34:03.167Z,Sith Eternal TIE Dagger,0,0,Licensed,0,3.3,https://brickset.com/sets/912064-1,0.0,0.0,0.0,,,https://images.brickset.com/sets/small/912064-1.jpg,https://images.brickset.com/sets/images/912064-1.jpg
1,true,Foil pack,0,2020,Magazine gift,30930,912065,Star Wars,Other,Magazine Gift,7,2020-11-02T20:01:08.943Z,Luke Skywalker,0,1,Licensed,2,4.4,https://brickset.com/sets/912065-1,0.0,0.0,0.0,,,https://images.brickset.com/sets/small/912065-1.jpg,https://images.brickset.com/sets/images/912065-1.jpg
1,true,Foil pack,0,2020,Magazine gift,31054,912066,Star Wars,Other,Magazine Gift,33,2021-12-31T09:58:31.323Z,Jedi Interceptor,0,0,Licensed,0,3.4,https://brickset.com/sets/912066-1,0.0,0.0,0.0,,,https://images.brickset.com/sets/small/912066-1.jpg,https://images.brickset.com/sets/images/912066-1.jpg
1,true,Foil pack,0,2020,Magazine gift,31216,912067,Star Wars,Other,Magazine Gift,42,2021-12-31T09:58:58.257Z,TIE Interceptor,0,0,Licensed,0,3.4,https://brickset.com/sets/912067-1,0.0,0.0,0.0,,,https://images.brickset.com/sets/small/912067-1.jpg,https://images.brickset.com/sets/images/912067-1.jpg
1,true,Foil pack,0,2021,Magazine gift,31383,912168,Star Wars,Other,Magazine Gift,8,2021-01-24T09:01:52.437Z,Mandalorian,0,1,Licensed,0,3.9,https://brickset.com/sets/912168-1,0.0,0.0,0.0,,,https://images.brickset.com/sets/small/912168-1.jpg,https://images.brickset.com/sets/images/912168-1.jpg
1,true,Foil pack,0,2021,Magazine gift,31498,912169,Star Wars,Other,Magazine Gift,7,2021-03-01T17:02:00.79Z,Emperor Palpatine,0,1,Licensed,1,4.3,https://brickset.com/sets/912169-1,0.0,0.0,0.0,,,https://images.brickset.com/sets/small/912169-1.jpg,https://images.brickset.com/sets/images/912169-1.jpg
1,true,Foil pack,0,2021,Magazine gift,31556,912170,Star Wars,Other,Magazine Gift,45,2021-03-30T19:00:04.57Z,V-wing,0,0,Licensed,0,3.5,https://brickset.com/sets/912170-1,0.0,0.0,0.0,,,https://images.brickset.com/sets/small/912170-1.jpg,https://images.brickset.com/sets/images/912170-1.jpg
1,true,Foil pack,0,2021,Magazine gift,31611,912171,Star Wars,Other,Magazine Gift,28,2021-04-25T13:17:28.34Z,TIE Bomber,0,0,Licensed,0,3.1,https://brickset.com/sets/912171-1,0.0,0.0,0.0,,,https://images.brickset.com/sets/small/912171-1.jpg,https://images.brickset.com/sets/images/912171-1.jpg
1,true,Foil pack,0,2021,Magazine gift,31699,912172,Star Wars,Other,Magazine Gift,29,2021-05-26T19:34:44.613Z,Jedi Starfighter,0,0,Licensed,0,3.4,https://brickset.com/sets/912172-1,0.0,0.0,0.0,,,https://images.brickset.com/sets/small/912172-1.jpg,https://images.brickset.com/sets/images/912172-1.jpg
1,true,Foil pack,0,2021,Magazine gift,31765,912173,Star Wars,Other,Magazine Gift,8,2021-07-03T08:37:28.63Z,Rey and BB-8,0,2,Licensed,0,3.9,https://brickset.com/sets/912173-1,0.0,0.0,0.0,,,https://images.brickset.com/sets/small/912173-1.jpg,https://images.brickset.com/sets/images/912173-1.jpg
1,true,Foil pack,0,2021,Magazine gift,31782,912174,Star Wars,Other,Magazine Gift,5,2021-07-26T08:26:00.837Z,Sith Trooper,0,1,Licensed,0,4.0,https://brickset.com/sets/912174-1,0.0,0.0,0.0,,,https://images.brickset.com/sets/small/912174-1.jpg,https://images.brickset.com/sets/images/912174-1.jpg
1,true,Foil pack,0,2021,Magazine gift,31843,912175,Star Wars,Other,Magazine Gift,53,2021-08-30T08:16:18.363Z,AT-ST Raider,0,0,Licensed,0,3.3,https://brickset.com/sets/912175-1,0.0,0.0,0.0,,,https://images.brickset.com/sets/small/912175-1.jpg,https://images.brickset.com/sets/images/912175-1.jpg
1,true,Foil pack,0,2021,Magazine gift,31953,912176,Star Wars,Other,Magazine Gift,57,2021-09-18T20:58:27.84Z,Clone Turbo Tank,0,0,Licensed,0,3.6,https://brickset.com/sets/912176-1,0.0,0.0,0.0,,,https://images.brickset.com/sets/small/912176-1.jpg,https://images.brickset.com/sets/images/912176-1.jpg
1,true,Foil pack,0,2021,Magazine gift,32151,912177,Star Wars,Other,Magazine Gift,45,2021-12-31T10:01:16.87Z,Resistance A-wing,0,0,Licensed,0,3.0,https://brickset.com/sets/912177-1,0.0,0.0,0.0,,,https://images.brickset.com/sets/small/912177-1.jpg,https://images.brickset.com/sets/images/912177-1.jpg
1,true,Foil pack,0,2021,Magazine gift,32214,912178,Star Wars,Other,Magazine Gift,51,2021-11-29T22:47:23.393Z,Republic Gunship,0,0,Licensed,0,3.7,https://brickset.com/sets/912178-1,0.0,0.0,0.0,,,https://images.brickset.com/sets/small/912178-1.jpg,https://images.brickset.com/sets/images/912178-1.jpg
1,true,Foil pack,0,2021,Magazine gift,32373,912179,Star Wars,Other,Magazine Gift,5,2021-12-31T09:29:31.42Z,Snowtrooper,0,1,Licensed,1,4.0,https://brickset.com/sets/912179-1,0.0,0.0,0.0,,,https://images.brickset.com/sets/small/912179-1.jpg,https://images.brickset.com/sets/images/912179-1.jpg
1,true,Foil pack,0,2022,Magazine gift,32475,912280,Star Wars,Other,Magazine Gift,41,2022-11-27T21:12:48.897Z,Millennium Falcon,0,0,Licensed,0,3.8,https://brickset.com/sets/912280-1,0.0,0.0,0.0,,,https://images.brickset.com/sets/small/912180-1.jpg,https://images.brickset.com/sets/images/912180-1.jpg
1,true,Foil pack,0,2022,Magazine gift,32513,912281,Star Wars,Other,Magazine Gift,5,2022-03-19T11:42:46.467Z,Clone Trooper,0,1,Licensed,1,4.0,https://brickset.com/sets/912281-1,0.0,0.0,0.0,,,https://images.brickset.com/sets/small/912281-1.jpg,https://images.brickset.com/sets/images/912281-1.jpg
1,true,Foil pack,0,2022,Magazine gift,33593,912282,Star Wars,Other,Magazine Gift,52,2022-04-03T06:35:23.987Z,AT-AT,0,0,Licensed,0,3.5,https://brickset.com/sets/912282-1,0.0,0.0,0.0,,,https://images.brickset.com/sets/small/912282-1.jpg,https://images.brickset.com/sets/images/912282-1.jpg
1,true,Foil pack,0,2022,Magazine gift,33741,912283,Star Wars,Other,Magazine Gift,7,2024-01-17T18:58:38.157Z,Tusken Raider,0,1,Licensed,0,3.9,https://brickset.com/sets/912283-1,0.0,0.0,0.0,,,https://images.brickset.com/sets/small/912283-1.jpg,https://images.brickset.com/sets/images/912283-1.jpg
1,true,Foil pack,0,2022,Magazine gift,33782,912284,Star Wars,Other,Magazine Gift,41,2022-05-29T10:01:13.973Z,Razor Crest,0,0,Licensed,0,3.6,https://brickset.com/sets/912284-1,0.0,0.0,0.0,,,https://images.brickset.com/sets/small/912284-1.jpg,https://images.brickset.com/sets/images/912284-1.jpg
1,true,Foil pack,0,2022,Magazine gift,33760,912285,Star Wars,Other,Magazine Gift,7,2024-01-17T18:39:41.307Z,Darth Maul,0,1,Licensed,0,4.2,https://brickset.com/sets/912285-1,0.0,0.0,0.0,,,https://images.brickset.com/sets/small/912285-1.jpg,https://images.brickset.com/sets/images/912285-1.jpg
1,true,Foil pack,0,2022,Magazine gift,33925,912286,Star Wars,Other,Magazine Gift,7,2022-08-19T13:41:46.96Z,Mandalorian Warrior,0,1,Licensed,1,4.2,https://brickset.com/sets/912286-1,0.0,0.0,0.0,,,https://images.brickset.com/sets/small/912286-1.jpg,https://images.brickset.com/sets/images/912286-1.jpg
1,true,Foil pack,0,2022,Magazine gift,33965,912287,Star Wars,Other,Magazine Gift,31,2022-09-03T06:34:18.77Z,Mandalorian Starfighter,0,0,Licensed,0,3.1,https://brickset.com/sets/912287-1,0.0,0.0,0.0,,,https://images.brickset.com/sets/small/912287-1.jpg,https://images.brickset.com/sets/images/912287-1.jpg
1,true,Foil pack,0,2022,Magazine gift,34053,912288,Star Wars,Other,Magazine Gift,34,2022-10-06T18:04:21.103Z,TIE Whisper,0,0,Licensed,0,2.9,https://brickset.com/sets/912288-1,0.0,0.0,0.0,,,https://images.brickset.com/sets/small/912288-1.jpg,https://images.brickset.com/sets/images/912288-1.jpg
1,true,Foil pack,0,2022,Magazine gift,34122,912289,Star Wars,Other,Magazine Gift,5,2022-10-31T08:05:04.167Z,Princess Leia,0,1,Licensed,0,4.4,https://brickset.com/sets/912289-1,0.0,0.0,0.0,,,https://images.brickset.com/sets/small/912289-1.jpg,https://images.brickset.com/sets/images/912289-1.jpg
1,true,Paper bag,0,2022,Magazine gift,34238,912290,Star Wars,Other,Magazine Gift,39,2022-11-28T03:06:51.123Z,Imperial Light Cruiser,0,0,Licensed,0,3.2,https://brickset.com/sets/912290-1,0.0,0.0,0.0,,,https://images.brickset.com/sets/small/912290-1.jpg,https://images.brickset.com/sets/images/912290-1.jpg
1,true,Paper bag,0,2022,Magazine gift,34448,912291,Star Wars,Other,Magazine Gift,7,2023-01-04T17:21:47.39Z,Luke Skywalker,0,1,Licensed,0,3.8,https://brickset.com/sets/912291-1,0.0,0.0,0.0,,,https://images.brickset.com/sets/small/912291-1.jpg,https://images.brickset.com/sets/images/912291-1.jpg
1,true,Paper bag,0,2023,Magazine gift,34469,912302,Star Wars,Other,Magazine Gift,8,2023-01-30T20:58:25.76Z,Bo-Katan Kryze,0,1,Licensed,2,4.1,https://brickset.com/sets/912302-1,0.0,0.0,0.0,,,https://images.brickset.com/sets/small/912302-1.jpg,https://images.brickset.com/sets/images/912302-1.jpg
1,true,Paper bag,0,2023,Magazine gift,34550,912303,Star Wars,Other,Magazine Gift,5,2023-02-27T22:44:16.117Z,212th Clone Trooper,0,1,Licensed,1,3.9,https://brickset.com/sets/912303-1,0.0,0.0,0.0,,,https://images.brickset.com/sets/small/912303-1.jpg,https://images.brickset.com/sets/images/912303-1.jpg
1,true,Paper bag,0,2023,Magazine gift,43013,912304,Star Wars,Other,Magazine Gift,57,2023-04-03T03:42:11.32Z,X-wing,0,0,Licensed,0,3.7,https://brickset.com/sets/912304-1,0.0,0.0,0.0,,,https://images.brickset.com/sets/small/912304-1.jpg,https://images.brickset.com/sets/images/912304-1.jpg
1,true,Paper bag,0,2023,Magazine gift,47045,912305,Star Wars,Other,Magazine Gift,6,2023-05-05T12:52:44.523Z,Obi-Wan Kenobi,0,1,Licensed,1,3.8,https://brickset.com/sets/912305-1,0.0,0.0,0.0,,,https://images.brickset.com/sets/small/912305-1.jpg,https://images.brickset.com/sets/images/912305-1.jpg
1,true,Paper bag,0,2023,Magazine gift,47092,912306,Star Wars,Other,Magazine Gift,61,2023-06-21T18:27:17.003Z,Y-wing,0,0,Licensed,0,3.6,https://brickset.com/sets/912306-1,0.0,0.0,0.0,,,https://images.brickset.com/sets/small/912306-1.jpg,https://images.brickset.com/sets/images/912306-1.jpg
1,true,Paper bag,0,2023,Magazine gift,47197,912307,Star Wars,Other,Magazine Gift,5,2023-06-21T18:25:49.35Z,Scout Trooper,0,1,Licensed,1,4.0,https://brickset.com/sets/912307-1,0.0,0.0,0.0,,,https://images.brickset.com/sets/small/912307-1.jpg,https://images.brickset.com/sets/images/912307-1.jpg
1,true,Paper bag,0,2023,Magazine gift,47240,912308,Star Wars,Other,Magazine Gift,62,2023-07-20T21:26:44.407Z,AT-TE,0,0,Licensed,0,4.1,https://brickset.com/sets/912308-1,0.0,0.0,0.0,,,https://images.brickset.com/sets/small/912308-1.jpg,https://images.brickset.com/sets/images/912308-1.jpg
1,true,Paper bag,0,2023,Magazine gift,47357,912309,Star Wars,Other,Magazine Gift,5,2023-09-05T09:23:21.807Z,Stormtrooper,0,1,Licensed,1,3.9,https://brickset.com/sets/912309-1,0.0,0.0,0.0,,,https://images.brickset.com/sets/small/912309-1.jpg,https://images.brickset.com/sets/images/912309-1.jpg
1,true,Paper bag,0,2023,Magazine gift,48338,912310,Star Wars,Other,Magazine Gift,15,2023-10-02T16:48:20.97Z,C-3PO & Gonk Droid,0,2,Licensed,0,4.0,https://brickset.com/sets/912310-1,0.0,0.0,0.0,,,https://images.brickset.com/sets/small/912310-1.jpg,https://images.brickset.com/sets/images/912310-1.jpg
1,true,Paper bag,0,2023,Magazine gift,48601,912311,Star Wars,Other,Magazine Gift,29,2023-10-18T21:13:48.11Z,TIE Advanced,0,0,Licensed,0,3.4,https://brickset.com/sets/912311-1,0.0,0.0,0.0,,,https://images.brickset.com/sets/small/912311-1.jpg,https://images.brickset.com/sets/images/912311-1.jpg
1,true,Paper bag,0,2023,Magazine gift,48636,912312,Star Wars,Other,Magazine Gift,36,2023-11-04T21:48:22.43Z,Yoda's Jedi Starfighter,0,0,Licensed,0,2.8,https://brickset.com/sets/912312-1,0.0,0.0,0.0,,,https://images.brickset.com/sets/small/912312-1.jpg,https://images.brickset.com/sets/images/912312-1.jpg
1,true,Paper bag,0,2023,Magazine gift,48729,912313,Star Wars,Other,Magazine Gift,44,2023-12-01T21:04:07.82Z,Republic Fighter Tank,0,0,Licensed,0,3.6,https://brickset.com/sets/912313-1,0.0,0.0,0.0,,,https://images.brickset.com/sets/small/912313-1.jpg,https://images.brickset.com/sets/images/912313-1.jpg
1,true,Paper bag,0,2023,Magazine gift,48812,912401,Star Wars,Other,Magazine Gift,15,2024-01-08T20:01:42.507Z,Mandalorian Pilot,0,1,Licensed,0,3.8,https://brickset.com/sets/912401-1,0.0,0.0,0.0,,,https://images.brickset.com/sets/small/912401-1.jpg,https://images.brickset.com/sets/images/912401-1.jpg
1,true,Paper bag,0,2024,Magazine gift,48990,912402,Star Wars,Other,Magazine Gift,7,2024-01-30T04:12:45.933Z,Emperor Palpatine,0,1,Licensed,1,4.2,https://brickset.com/sets/912402-1,0.0,0.0,0.0,,,https://images.brickset.com/sets/small/912402-1.jpg,https://images.brickset.com/sets/images/912402-1.jpg
1,true,Paper bag,0,2024,Magazine gift,49026,912403,Star Wars,Other,Magazine Gift,5,2024-02-29T17:18:37.14Z,Coruscant Guard,0,1,Licensed,0,4.2,https://brickset.com/sets/912403-1,0.0,0.0,0.0,,,https://images.brickset.com/sets/small/912403-1.jpg,https://images.brickset.com/sets/images/912403-1.jpg
1,true,Paper bag,0,2024,Magazine gift,49055,912404,Star Wars,Other,Magazine Gift,6,2024-04-01T19:23:46.617Z,Chewbacca,0,1,Licensed,1,3.6,https://brickset.com/sets/912404-1,0.0,0.0,0.0,,,https://images.brickset.com/sets/small/912404-1.jpg,https://images.brickset.com/sets/images/912404-1.jpg
1,true,Paper bag,0,2024,Magazine gift,49117,912405,Star Wars,Other,Magazine Gift,50,2024-04-24T09:58:49.957Z,The Mandalorian's N-1 Starfighter,0,0,Licensed,0,3.0,https://brickset.com/sets/912405-1,0.0,0.0,0.0,,,https://images.brickset.com/sets/small/912405-1.jpg,https://images.brickset.com/sets/images/912405-1.jpg
1,true,Paper bag,0,2024,Magazine gift,50258,912406,Star Wars,Other,Magazine Gift,46,2024-06-18T19:58:14.62Z,Imperial Shuttle,0,0,Licensed,0,3.6,https://brickset.com/sets/912406-1,0.0,0.0,0.0,,,https://images.brickset.com/sets/small/912406-1.jpg,https://images.brickset.com/sets/images/912406-1.jpg
1,true,Paper bag,0,2024,Magazine gift,50228,912407,Star Wars,Other,Magazine Gift,7,2024-06-22T14:59:10.67Z,501st Specialist,0,1,Licensed,0,4.2,https://brickset.com/sets/912407-1,0.0,0.0,0.0,,,https://images.brickset.com/sets/small/912407-1.jpg,https://images.brickset.com/sets/images/912407-1.jpg
1,true,Metal canister,4,2024,Magazine gift,50306,912408,Star Wars,Other,Magazine Gift,8,2024-09-06T14:42:55.943Z,Darth Vader,0,1,Licensed,0,4.2,https://brickset.com/sets/912408-1,0.0,0.0,0.0,,,https://images.brickset.com/sets/small/912408-1.jpg,https://images.brickset.com/sets/images/912408-1.jpg
2,true,Metal canister,3,2024,Magazine gift,50308,912408,Star Wars,Other,Magazine Gift,8,2024-09-06T14:42:19.09Z,Darth Vader,0,1,Licensed,0,3.9,https://brickset.com/sets/912408-2,0.0,0.0,0.0,,,https://images.brickset.com/sets/small/912408-2.jpg,https://images.brickset.com/sets/images/912408-2.jpg
1,true,Paper bag,0,2024,Magazine gift,50373,912409,Star Wars,Other,Magazine Gift,5,2024-09-01T18:56:43.35Z,Clone Trooper,0,1,Licensed,0,4.1,https://brickset.com/sets/912409-1,0.0,0.0,0.0,,,https://images.brickset.com/sets/small/912409-1.jpg,https://images.brickset.com/sets/images/912409-1.jpg
1,true,Plastic box,0,2024,Magazine gift,50407,912410,Star Wars,Other,Magazine Gift,5,2024-09-10T08:53:57.803Z,TIE Pilot,0,1,Licensed,0,3.8,https://brickset.com/sets/912410-1,0.0,0.0,0.0,,,https://images.brickset.com/sets/small/912410-1.jpg,https://images.brickset.com/sets/images/912410-1.jpg
1,true,Paper bag,0,2024,Magazine gift,50481,912411,Star Wars,Other,Magazine Gift,39,2024-10-07T08:53:41.493Z,T-6 Jedi Shuttle,0,0,Licensed,0,3.8,https://brickset.com/sets/912411-1,0.0,0.0,0.0,,,https://images.brickset.com/sets/small/912411-1.jpg,https://images.brickset.com/sets/images/912411-1.jpg
1,true,Paper bag,0,2024,Magazine gift,50539,912412,Star Wars,Other,Magazine Gift,36,2024-11-01T14:02:31.263Z,The Marauder,0,0,Licensed,0,3.3,https://brickset.com/sets/912412-1,0.0,0.0,0.0,,,https://images.brickset.com/sets/small/912412-1.jpg,https://images.brickset.com/sets/images/912412-1.jpg
1,true,Paper bag,0,2024,Magazine gift,50845,912413,Star Wars,Other,Magazine Gift,33,2024-12-02T21:11:28.953Z,Inquisitor Transport Scythe,0,0,Licensed,0,3.8,https://brickset.com/sets/912413-1,0.0,0.0,0.0,,,https://images.brickset.com/sets/small/912413-1.jpg,https://images.brickset.com/sets/images/912413-1.jpg
1,true,Paper bag,0,2025,Magazine gift,50939,912501,Star Wars,Other,Magazine Gift,14,2026-07-07T10:00:23.62Z,Mandalorian Nite Owl,0,1,Licensed,0,3.9,https://brickset.com/sets/912501-1,0.0,0.0,0.0,,,https://images.brickset.com/sets/small/912501-1.jpg,https://images.brickset.com/sets/images/912501-1.jpg
1,true,Paper bag,0,2025,Magazine gift,51148,912502,Star Wars,Other,Magazine Gift,6,2025-01-24T20:26:05.827Z,Qui-Gon Jinn,0,1,Licensed,0,3.9,https://brickset.com/sets/912502-1,15.0,12.0,1.0,,,https://images.brickset.com/sets/small/912502-1.jpg,https://images.brickset.com/sets/images/912502-1.jpg
1,true,Paper bag,0,2025,Magazine gift,51216,912503,Star Wars,Other,Magazine Gift,7,2025-09-26T21:35:24.55Z,Imperial Commando,0,1,Licensed,0,4.2,https://brickset.com/sets/912503-1,0.0,0.0,0.0,,,https://images.brickset.com/sets/small/912503-1.jpg,https://images.brickset.com/sets/images/912503-1.jpg
1,true,Paper bag,0,2025,Magazine gift,51258,912504,Star Wars,Other,Magazine Gift,9,2025-03-21T18:47:01.007Z,Praetorian Guard,0,1,Licensed,0,4.0,https://brickset.com/sets/912504-1,15.0,12.0,2.0,,,https://images.brickset.com/sets/small/912504-1.jpg,https://images.brickset.com/sets/images/912504-1.jpg
1,true,Paper bag,0,2025,Magazine gift,51320,912505,Star Wars,Other,Magazine Gift,65,2025-04-22T02:08:17.007Z,Juggernaut,0,0,Licensed,0,3.5,https://brickset.com/sets/912505-1,0.0,0.0,0.0,,,https://images.brickset.com/sets/small/912505-1.jpg,https://images.brickset.com/sets/images/912505-1.jpg
1,true,Paper bag,0,2025,Magazine gift,51477,912506,Star Wars,Other,Magazine Gift,44,2025-06-21T10:09:15.18Z,TIE Defender,0,0,Licensed,0,3.5,https://brickset.com/sets/912506-1,0.0,0.0,0.0,,,https://images.brickset.com/sets/small/912506-1.jpg,https://images.brickset.com/sets/images/912506-1.jpg
1,true,Paper bag,0,2025,Magazine gift,51478,912507,Star Wars,Other,Magazine Gift,6,2025-09-26T21:34:10.98Z,Luke Skywalker,0,1,Licensed,0,4.1,https://brickset.com/sets/912507-1,0.0,0.0,0.0,,,https://images.brickset.com/sets/small/912507-1.jpg,https://images.brickset.com/sets/images/912507-1.jpg
1,true,Paper bag,0,2025,Magazine gift,51421,912508,Star Wars,Other,Magazine Gift,7,2026-07-07T10:05:56.5Z,The Mandalorian,0,1,Licensed,0,3.7,https://brickset.com/sets/912508-1,0.0,0.0,0.0,,,https://images.brickset.com/sets/small/912508-1.jpg,https://images.brickset.com/sets/images/912508-1.jpg
1,true,Metal canister,2,2025,Magazine gift,51636,912509,Star Wars,Other,Magazine Gift,7,2025-08-05T19:56:12.703Z,Darth Maul,0,1,Licensed,1,4.2,https://brickset.com/sets/912509-1,12.5,9.0,2.3,,,https://images.brickset.com/sets/small/912509-1.jpg,https://images.brickset.com/sets/images/912509-1.jpg
1,true,Paper bag,0,2025,Magazine gift,51637,912510,Star Wars,Other,Magazine Gift,30,2025-09-08T09:09:25.5Z,Droideka,0,1,Licensed,0,3.2,https://brickset.com/sets/912510-1,15.0,12.0,2.0,,,https://images.brickset.com/sets/small/912510-1.jpg,https://images.brickset.com/sets/images/912510-1.jpg
1,true,Paper bag,0,2025,Magazine gift,52016,912511,Star Wars,Other,Magazine Gift,6,2025-12-12T13:08:18.02Z,Clone Shock Trooper,0,1,Licensed,0,3.7,https://brickset.com/sets/912511-1,15.0,12.0,2.0,,,https://images.brickset.com/sets/small/912511-1.jpg,https://images.brickset.com/sets/images/912511-1.jpg
1,true,Paper bag,0,2025,Magazine gift,52254,912512,Star Wars,Other,Magazine Gift,37,2025-11-05T07:08:27.843Z,U-wing,0,0,Licensed,0,4.0,https://brickset.com/sets/912512-1,0.0,0.0,0.0,,,https://images.brickset.com/sets/small/912512-1.jpg,https://images.brickset.com/sets/images/912512-1.jpg
1,true,Paper bag,0,2025,Magazine gift,52304,912513,Star Wars,Other,Magazine Gift,38,2025-12-03T11:14:18.293Z,Jango Fett's Starship,0,0,Licensed,0,3.8,https://brickset.com/sets/912513-1,15.0,12.0,2.0,,,https://images.brickset.com/sets/small/912513-1.jpg,https://images.brickset.com/sets/images/912513-1.jpg
1,true,Polybag,0,2010,Promotional,7921,2853590,Star Wars,Extended,Promotional,5,2023-09-22T02:53:14.38Z,Stormtrooper,0,1,Licensed,8,4.2,https://brickset.com/sets/2853590-1,0.0,0.0,0.0,,673419139625,https://images.brickset.com/sets/small/2853590-1.jpg,https://images.brickset.com/sets/images/2853590-1.jpg
1,true,Polybag,0,2010,Promotional,8069,2853835,Star Wars,Extended,Minifig Pack,5,2024-10-13T22:23:03.157Z,Boba Fett,0,1,Licensed,4,4.2,https://brickset.com/sets/2853835-1,0.0,0.0,0.0,,673419141734,https://images.brickset.com/sets/small/2853835-1.jpg,https://images.brickset.com/sets/images/2853835-1.jpg
1,true,Polybag,1,2011,LEGO exclusive,8741,2856197,Star Wars,Extended,Promotional,5,2025-04-15T18:24:36.58Z,Shadow ARF Trooper,0,1,Licensed,2,4.2,https://brickset.com/sets/2856197-1,0.0,0.0,0.0,,673419163965,https://images.brickset.com/sets/small/2856197-1.jpg,https://images.brickset.com/sets/images/2856197-1.jpg
1,true,Box,1,2019,Not sold,29816,4002019,Star Wars,Normal,Employee gift,1038,2023-11-22T12:39:44.077Z,Christmas X-wing,0,3,Licensed,0,4.5,https://brickset.com/sets/4002019-1,0.0,0.0,0.0,,,https://images.brickset.com/sets/small/4002019-1.jpg,https://images.brickset.com/sets/images/4002019-1.jpg
1,true,Box,0,2003,Retail - limited,9417,4207901,Star Wars,Collection,Product Collection,277,2012-04-22T17:27:42.247Z,Star Wars MINI Bonus Pack,0,0,Licensed,0,0.0,https://brickset.com/sets/4207901-1,0.0,0.0,0.0,,,https://images.brickset.com/sets/small/4207901-1.jpg,https://images.brickset.com/sets/images/4207901-1.jpg
1,true,Polybag,0,2007,Promotional,8654,4521221,Star Wars,Extended,Minifig Pack,3,2025-09-26T21:10:03.373Z,Gold Chrome Plated C-3PO,0,1,Licensed,2,4.3,https://brickset.com/sets/4521221-1,0.0,0.0,0.0,,,https://images.brickset.com/sets/small/4521221-1.jpg,https://images.brickset.com/sets/images/4521221-1.jpg
1,true,Polybag,0,2009,Promotional,7135,4547551,Star Wars,Extended,Promotional,7,2023-10-08T02:41:23.147Z,Darth Vader,0,1,Licensed,13,4.3,https://brickset.com/sets/4547551-1,0.0,0.0,0.0,5702014540293,,https://images.brickset.com/sets/small/4547551-1.jpg,https://images.brickset.com/sets/images/4547551-1.jpg
1,true,Polybag,0,2012,Promotional,9365,5000062,Star Wars,Extended,Promotional,7,2023-10-04T21:35:47.797Z,Darth Maul,0,1,Licensed,2,4.3,https://brickset.com/sets/5000062-1,0.0,0.0,0.0,,673419176620,https://images.brickset.com/sets/small/5000062-1.jpg,https://images.brickset.com/sets/images/5000062-1.jpg
1,true,Polybag,2,2012,LEGO exclusive,9595,5000063,Star Wars,Extended,Promotional,3,2025-04-15T18:23:06.733Z,TC-14,0,1,Licensed,4,4.3,https://brickset.com/sets/5000063-1,0.0,0.0,0.0,,673419176637,https://images.brickset.com/sets/small/5000063-1.jpg,https://images.brickset.com/sets/images/5000063-1.jpg
1,true,Polybag,2,2013,LEGO exclusive,22665,5001621,Star Wars,Extended,Promotional,5,2025-04-15T18:24:15.743Z,Han Solo (Hoth),0,1,Licensed,2,3.7,https://brickset.com/sets/5001621-1,0.0,0.0,0.0,,673419200127,https://images.brickset.com/sets/small/5001621-1.jpg,https://images.brickset.com/sets/images/5001621-1.jpg
1,true,Polybag,2,2013,LEGO exclusive,22832,5001709,Star Wars,Extended,Episode II,5,2023-09-09T22:30:36.863Z,Clone Trooper Lieutenant,0,1,Licensed,2,4.0,https://brickset.com/sets/5001709-1,0.0,0.0,0.0,,673419201766,https://images.brickset.com/sets/small/5001709-1.jpg,https://images.brickset.com/sets/images/5001709-1.jpg
1,true,Polybag,0,2014,{Not specified},23396,5002122,Star Wars,Extended,Episode I,3,2023-11-04T15:33:43.14Z,TC-4,0,1,Licensed,2,4.1,https://brickset.com/sets/5002122-1,0.0,0.0,0.0,,673419214445,https://images.brickset.com/sets/small/5002122-1.jpg,https://images.brickset.com/sets/images/5002122-1.jpg
1,true,Polybag,2,2014,LEGO exclusive,23567,5002123,Star Wars,Extended,Promotional,7,2025-04-15T18:25:44.97Z,Darth Revan,0,1,Licensed,6,4.2,https://brickset.com/sets/5002123-1,0.0,0.0,0.0,,673419214568,https://images.brickset.com/sets/small/5002123-1.jpg,https://images.brickset.com/sets/images/5002123-1.jpg
1,true,Polybag,2,2015,LEGO exclusive,24320,5002938,Star Wars,Extended,Rebels,5,2023-07-16T20:19:35.387Z,Stormtrooper Sergeant,0,1,Licensed,3,4.0,https://brickset.com/sets/5002938-1,0.0,0.0,0.0,,673419235631,https://images.brickset.com/sets/small/5002938-1.jpg,https://images.brickset.com/sets/images/5002938-1.jpg
1,true,Polybag,0,2015,Promotional,24406,5002939,Star Wars,Extended,Promotional,25,2023-11-04T18:09:16.933Z,The Phantom,0,0,Licensed,0,3.4,https://brickset.com/sets/5002939-1,0.0,0.0,0.0,,,https://images.brickset.com/sets/small/5002939-1.jpg,https://images.brickset.com/sets/images/5002939-1.jpg
1,true,Polybag,3,2015,LEGO exclusive,24166,5002947,Star Wars,Extended,Promotional,4,2025-04-15T18:26:13.32Z,Admiral Yularen,0,1,Licensed,1,4.0,https://brickset.com/sets/5002947-1,0.0,0.0,0.0,,673419236478,https://images.brickset.com/sets/small/5002947-1.jpg,https://images.brickset.com/sets/images/5002947-1.jpg
1,true,Polybag,1,2015,Promotional,24814,5002948,Star Wars,Extended,Episode VII,3,2023-07-13T10:55:29.853Z,C-3PO,0,1,Licensed,7,4.2,https://brickset.com/sets/5002948-1,0.0,0.0,0.0,,673419242455,https://images.brickset.com/sets/small/5002948-1.jpg,https://images.brickset.com/sets/images/5002948-1.jpg
1,true,Polybag,1,2016,Promotional,25870,5004406,Star Wars,Extended,Episode VII,4,2023-07-13T10:55:38.473Z,First Order General,0,1,Licensed,3,3.7,https://brickset.com/sets/5004406-1,0.0,0.0,0.0,,673419252614,https://images.brickset.com/sets/small/5004406-1.jpg,https://images.brickset.com/sets/images/5004406-1.jpg
1,true,Polybag,0,2016,Promotional,26309,5004408,Star Wars,Extended,Rebels,5,2023-07-16T11:06:08.433Z,Rebel A-wing Pilot,0,1,Licensed,3,3.9,https://brickset.com/sets/5004408-1,0.0,0.0,0.0,,673419258364,https://images.brickset.com/sets/small/5004408-1.jpg,https://images.brickset.com/sets/images/5004408-1.jpg
1,true,Polybag,1,2018,LEGO exclusive,27621,5005376,Star Wars,Extended,Promotional,36,2023-07-16T10:47:12.413Z,Star Wars Anniversary Pod,0,1,Licensed,2,3.9,https://brickset.com/sets/5005376-1,0.0,0.0,0.0,,673419290869,https://images.brickset.com/sets/small/5005376-1.jpg,https://images.brickset.com/sets/images/5005376-1.jpg
1,true,Box,15,2018,LEGO exclusive,28937,5005704,Star Wars,Collection,Product Collection,0,2023-07-16T10:44:13.487Z,LEGO Star Wars Mystery Box,0,0,Licensed,0,3.3,https://brickset.com/sets/5005704-1,0.0,0.0,0.0,5702016482164,,https://images.brickset.com/sets/small/5005704-1.jpg,https://images.brickset.com/sets/images/5005704-1.jpg
1,true,Polybag,1,2018,LEGO exclusive,28561,5005747,Star Wars,Extended,Promotional,42,2020-09-19T09:43:26.58Z,Black Card Display Stand,0,1,Licensed,1,3.5,https://brickset.com/sets/5005747-1,0.0,0.0,0.0,,,https://images.brickset.com/sets/small/5005747-1.jpg,https://images.brickset.com/sets/images/5005747-1.jpg
1,true,Box,1,2020,LEGO exclusive,30739,5006290,Star Wars,Extended,Promotional,140,2026-04-15T09:17:01.19Z,Yoda's Lightsaber,0,0,Licensed,0,4.1,https://brickset.com/sets/5006290-1,0.0,0.0,0.0,,,https://images.brickset.com/sets/small/6346098-1.jpg,https://images.brickset.com/sets/images/6346098-1.jpg
1,true,Zip-lock bag,0,2023,Not sold,47081,5007872,Star Wars,Extended,Employee gift,152,2023-12-09T17:07:34.87Z,Lucas Yoda Fountain,0,0,Licensed,0,0.0,https://brickset.com/sets/5007872-1,0.0,0.0,0.0,,,https://images.brickset.com/sets/small/6471930-1.jpg,https://images.brickset.com/sets/images/6471930-1.jpg
1,true,{Not specified},0,2024,Promotional,50510,5009086,Star Wars,Extended,Promotional,150,2026-08-06T23:13:25.843Z,Gasgano's Podracer,0,0,Licensed,0,4.0,https://brickset.com/sets/5009086-1,0.0,0.0,0.0,,,https://images.brickset.com/sets/small/PODRACER-1.jpg,https://images.brickset.com/sets/images/PODRACER-1.jpg
1,true,Zip-lock bag,3,2026,Promotional,52427,5010204,Star Wars,Extended,Promotional,85,2026-05-04T22:03:58.92Z,Grogu in Pram,0,0,Licensed,0,0.0,https://brickset.com/sets/5010204-1,0.0,0.0,0.0,,673419437028,https://images.brickset.com/sets/small/5010204-1.jpg,https://images.brickset.com/sets/images/5010204-1.jpg
1,true,Zip-lock bag,1,2026,Retail - limited,52715,5010305,Star Wars,Extended,Promotional,147,2026-08-22T00:11:26.99Z,The Mandalorian & Grogu,0,0,Licensed,0,0.0,https://brickset.com/sets/5010305-1,0.0,0.0,0.0,,673419437745,https://images.brickset.com/sets/small/5010305-1.jpg,https://images.brickset.com/sets/images/5010305-1.jpg
1,true,Zip-lock bag,1,2026,Promotional,52952,5010391,Star Wars,Extended,Promotional,133,2026-06-28T16:24:50.717Z,Bo Katan,0,0,Licensed,0,0.0,https://brickset.com/sets/5010391-1,0.0,0.0,0.0,,,https://images.brickset.com/sets/small/5010391-1.jpg,https://images.brickset.com/sets/images/5010391-1.jpg
1,true,None (loose parts),0,2015,{Not specified},51254,6141077,Star Wars,Extended,Promotional,58,2025-05-12T12:54:32.79Z,X-Wing and TIE Fighter,0,0,Licensed,0,0.0,https://brickset.com/sets/6141077-1,0.0,0.0,0.0,,,https://images.brickset.com/sets/small/6141077-1.jpg,https://images.brickset.com/sets/images/6141077-1.jpg
1,true,Box,0,2016,LEGO exclusive,26236,6176782,Star Wars,Extended,Promotional,161,2023-09-20T18:07:09.773Z,Escape the Space Slug,0,0,Licensed,0,4.3,https://brickset.com/sets/6176782-1,0.0,0.0,0.0,,,https://images.brickset.com/sets/small/MAYFOURTH-1.jpg,https://images.brickset.com/sets/images/MAYFOURTH-1.jpg
1,true,Zip-lock bag,0,2018,LEGOLAND exclusive,28164,6252770,Star Wars,Extended,Promotional,18,2019-04-04T16:40:35.44Z,Leia Organa,0,0,Licensed,0,3.3,https://brickset.com/sets/6252770-1,0.0,0.0,0.0,,,https://images.brickset.com/sets/small/6252770-1.jpg,https://images.brickset.com/sets/images/6252770-1.jpg
1,true,Zip-lock bag,0,2018,LEGOLAND exclusive,28165,6252808,Star Wars,Extended,Promotional,22,2019-04-04T16:40:48.153Z,Chewbacca,0,0,Licensed,0,0.0,https://brickset.com/sets/6252808-1,0.0,0.0,0.0,,,https://images.brickset.com/sets/small/6252808-1.jpg,https://images.brickset.com/sets/images/6252808-1.jpg
1,true,Zip-lock bag,0,2018,LEGOLAND exclusive,28166,6252810,Star Wars,Extended,Promotional,23,2019-04-04T16:41:00.783Z,Han Solo,0,0,Licensed,0,0.0,https://brickset.com/sets/6252810-1,0.0,0.0,0.0,,,https://images.brickset.com/sets/small/6252810-1.jpg,https://images.brickset.com/sets/images/6252810-1.jpg
1,true,Zip-lock bag,0,2018,LEGOLAND exclusive,28167,6252811,Star Wars,Extended,Promotional,18,2019-04-04T16:41:21.377Z,Obi-Wan Kenobi,0,0,Licensed,0,0.0,https://brickset.com/sets/6252811-1,0.0,0.0,0.0,,,https://images.brickset.com/sets/small/6252811-1.jpg,https://images.brickset.com/sets/images/6252811-1.jpg
1,true,Zip-lock bag,0,2018,LEGOLAND exclusive,28168,6252812,Star Wars,Extended,Promotional,20,2019-04-04T16:40:25.95Z,Luke Skywalker,0,0,Licensed,0,0.0,https://brickset.com/sets/6252812-1,0.0,0.0,0.0,,,https://images.brickset.com/sets/small/6252812-1.jpg,https://images.brickset.com/sets/images/6252812-1.jpg
1,true,Zip-lock bag,0,2019,{Not specified},33551,6382975,Star Wars,Extended,Promotional,56,2022-03-21T10:49:54.713Z,Tantive IV,0,0,Licensed,0,3.2,https://brickset.com/sets/6382975-1,0.0,0.0,0.0,,,https://images.brickset.com/sets/small/6382975-1.jpg,https://images.brickset.com/sets/images/6382975-1.jpg
1,true,Zip-lock bag,1,2023,Promotional,48787,6476267,Star Wars,Extended,Promotional,1,2023-12-11T22:29:23.633Z,Star Wars Celebration Europe 2023 Promotional Tile,0,0,Licensed,0,0.0,https://brickset.com/sets/6476267-1,0.0,0.0,0.0,,,https://images.brickset.com/sets/small/6476267-1.jpg,https://images.brickset.com/sets/images/6476267-1.jpg
1,true,None (loose parts),2,2024,Promotional,50210,6520657,Star Wars,Extended,Promotional,60,2024-05-10T14:08:42.057Z,X-wing,0,0,Licensed,0,4.2,https://brickset.com/sets/6520657-1,0.0,0.0,0.0,,,https://images.brickset.com/sets/small/6250657-1.jpg,https://images.brickset.com/sets/images/6250657-1.jpg
1,true,None (loose parts),0,2024,Promotional,50211,6520658,Star Wars,Extended,Promotional,20,2025-11-30T22:23:21.017Z,Yoda,0,0,Licensed,0,3.5,https://brickset.com/sets/6520658-1,0.0,0.0,0.0,,,https://images.brickset.com/sets/small/6250658-1.jpg,https://images.brickset.com/sets/images/6250658-1.jpg
1,true,None (loose parts),0,2024,Retail - limited,50217,6522101,Star Wars,Extended,Promotional,60,2024-12-14T17:28:05.173Z,X-wing,0,0,Licensed,0,0.0,https://brickset.com/sets/6522101-1,0.0,0.0,0.0,,,https://images.brickset.com/sets/small/6522101-1.jpg,https://images.brickset.com/sets/images/6522101-1.jpg
1,true,None (loose parts),0,2024,{Not specified},50219,6523825,Star Wars,Extended,Promotional,45,2024-05-06T11:21:33.717Z,Naboo Fighter,0,0,Licensed,0,0.0,https://brickset.com/sets/6523825-1,0.0,0.0,0.0,,,https://images.brickset.com/sets/small/6523825-1.jpg,https://images.brickset.com/sets/images/6523825-1.jpg
1,true,None (loose parts),0,2024,{Not specified},50220,6523826,Star Wars,Extended,Promotional,20,2024-05-07T08:15:48.25Z,Millennium Falcon,0,0,Licensed,0,0.0,https://brickset.com/sets/6523826-1,0.0,0.0,0.0,,,https://images.brickset.com/sets/small/6523826-1.jpg,https://images.brickset.com/sets/images/6523826-1.jpg
1,true,None (loose parts),0,2024,Promotional,50214,6525757,Star Wars,Collection,Promotional,69,2024-05-04T23:43:00.317Z,"Darth Vader, Princess Leia, Yoda",0,0,Licensed,0,0.0,https://brickset.com/sets/6525757-1,0.0,0.0,0.0,,,https://images.brickset.com/sets/small/6525757-1.jpg,https://images.brickset.com/sets/images/6525757-1.jpg
1,true,None (loose parts),2,2024,Promotional,50212,6528899,Star Wars,Extended,Promotional,30,2025-05-05T20:56:21.7Z,Darth Vader,0,0,Licensed,0,3.3,https://brickset.com/sets/6528899-1,0.0,0.0,0.0,,,https://images.brickset.com/sets/small/6528899-1.jpg,https://images.brickset.com/sets/images/6528899-1.jpg
1,true,None (loose parts),2,2024,Promotional,50213,6528900,Star Wars,Extended,Promotional,19,2025-05-05T20:56:59.473Z,Princess Leia,0,0,Licensed,0,3.4,https://brickset.com/sets/6528900-1,0.0,0.0,0.0,,,https://images.brickset.com/sets/small/6528900-1.jpg,https://images.brickset.com/sets/images/6528900-1.jpg
1,true,None (loose parts),3,2025,Promotional,51335,6573698,Star Wars,Extended,Promotional,52,2025-05-05T20:42:31.927Z,Star Wars U-wing,0,0,Licensed,0,0.0,https://brickset.com/sets/6573698-1,0.0,0.0,0.0,,,https://images.brickset.com/sets/small/6573698-1.jpg,https://images.brickset.com/sets/images/6573698-1.jpg
1,true,None (loose parts),2,2025,Promotional,51314,6573699,Star Wars,Extended,Promotional,51,2025-05-02T18:48:47.01Z,Grogu M&T,0,0,Licensed,0,3.7,https://brickset.com/sets/6573699-1,0.0,0.0,0.0,,,https://images.brickset.com/sets/small/GROGU-1.jpg,https://images.brickset.com/sets/images/GROGU-1.jpg
1,true,Zip-lock bag,1,2025,Promotional,51399,6596072,Star Wars,Extended,Promotional,1,2025-05-04T10:16:59.753Z,Star Wars Celebration Japan 2025 Promotional Tile,0,0,Licensed,0,0.0,https://brickset.com/sets/6596072-1,0.0,0.0,0.0,5702018090169,,https://images.brickset.com/sets/small/6596072-1.jpg,https://images.brickset.com/sets/images/6596072-1.jpg
1,true,None (loose parts),2,2025,Promotional,52100,6615760,Star Wars,Extended,Promotional,138,2025-10-03T06:19:50.923Z,Trench Run,0,0,Licensed,0,0.0,https://brickset.com/sets/6615760-1,0.0,0.0,0.0,,,https://images.brickset.com/sets/small/6615760-1.jpg,https://images.brickset.com/sets/images/6615760-1.jpg
1,true,None (loose parts),3,2026,Promotional,52725,6626047,Star Wars,Extended,Promotional,55,2026-05-02T12:45:16.53Z,Landspeeder,0,0,Licensed,0,4.0,https://brickset.com/sets/6626047-1,0.0,0.0,0.0,,,https://images.brickset.com/sets/small/6626047-1.jpg,https://images.brickset.com/sets/images/6626047-1.jpg
1,true,None (loose parts),2,2026,Promotional,52723,6626049,Star Wars,Extended,Promotional,43,2026-05-10T08:37:46.653Z,N-1 Starfighter,0,0,Licensed,0,3.3,https://brickset.com/sets/6626049-1,0.0,0.0,0.0,5702018198193,,https://images.brickset.com/sets/small/MININ1-1.jpg,https://images.brickset.com/sets/images/MININ1-1.jpg
1,true,None (loose parts),3,2026,Promotional,52501,6626051,Star Wars,Extended,Promotional,64,2026-03-05T19:39:27.41Z,Bantha,0,0,Licensed,0,0.0,https://brickset.com/sets/6626051-1,0.0,0.0,0.0,5702018198216,,https://images.brickset.com/sets/small/6626051-1.jpg,https://images.brickset.com/sets/images/6626051-1.jpg
1,true,Other,0,2010,Promotional,8437,BOBAFETT1,Star Wars,Other,Promotional,5,2019-04-03T22:56:37.017Z,White Boba Fett minifig and Star Wars book,0,0,Licensed,0,0.0,https://brickset.com/sets/BOBAFETT1-1,0.0,0.0,0.0,,,https://images.brickset.com/sets/small/BOBAFETT1-1.jpg,https://images.brickset.com/sets/images/BOBAFETT1-1.jpg
1,true,Other,0,2012,Promotional,9844,CELEB2012,Star Wars,Other,Promotional,80,2026-01-20T22:57:30.807Z,Mini Slave I,0,1,Licensed,0,4.5,https://brickset.com/sets/CELEB2012-1,0.0,0.0,0.0,,,https://images.brickset.com/sets/small/CELEBVI-1.jpg,https://images.brickset.com/sets/images/CELEBVI-1.jpg
1,true,Box,0,2015,Promotional,24476,CELEB2015,Star Wars,Other,Promotional,178,2016-04-24T21:01:51.48Z,Tatooine Mini-build,0,1,Licensed,0,4.1,https://brickset.com/sets/CELEB2015-1,0.0,0.0,0.0,,,https://images.brickset.com/sets/small/CELEB2015-1.jpg,https://images.brickset.com/sets/images/CELEB2015-1.jpg
1,true,{Not specified},0,2015,{Not specified},48292,CELEB2015MF,Star Wars,Other,Promotional,20,2023-08-28T08:52:05.75Z,Mini Millennium Falcon,0,0,Licensed,0,0.0,https://brickset.com/sets/CELEB2015MF-1,0.0,0.0,0.0,,,,
1,true,{Not specified},0,2015,{Not specified},48291,CELEB2015SD,Star Wars,Other,Promotional,19,2023-08-28T08:51:38.73Z,Mini Star Destroyer,0,0,Licensed,0,0.0,https://brickset.com/sets/CELEB2015SD-1,0.0,0.0,0.0,,,,
1,true,{Not specified},0,2015,{Not specified},48290,CELEB2015TF,Star Wars,Other,Promotional,15,2023-08-28T08:51:13.637Z,Mini TIE Fighter,0,0,Licensed,0,0.0,https://brickset.com/sets/CELEB2015TF-1,0.0,0.0,0.0,,,,
1,true,{Not specified},0,2015,{Not specified},48289,CELEB2015XW,Star Wars,Other,Promotional,27,2023-09-22T01:38:16.343Z,Mini X-wing,0,0,Licensed,0,0.0,https://brickset.com/sets/CELEB2015XW-1,0.0,0.0,0.0,,,,
1,true,Box,0,2017,Promotional,27155,CELEB2017,Star Wars,Other,Promotional,220,2023-01-28T23:45:37.103Z,Detention Block Rescue,0,2,Licensed,0,3.9,https://brickset.com/sets/CELEB2017-1,0.0,0.0,0.0,,,https://images.brickset.com/sets/small/CELEB2017-1.jpg,https://images.brickset.com/sets/images/CELEB2017-1.jpg
1,true,Box,0,2010,Promotional,8100,CELEBV,Star Wars,Other,Cube Dudes,496,2022-08-21T17:01:59.13Z,Fan Celebration V - CubeDude - The Bounty Hunter Edition,0,0,Licensed,1,4.4,https://brickset.com/sets/CELEBV-1,0.0,0.0,0.0,,,https://images.brickset.com/sets/small/CELEBV-1.jpg,https://images.brickset.com/sets/images/CELEBV-1.jpg
1,true,Box,0,2008,Promotional,9337,COMCON001,Star Wars,Other,Promotional,351,2019-04-04T16:43:56.09Z,Clone Wars (SDCC 2008 exclusive),0,5,Licensed,0,0.0,https://brickset.com/sets/COMCON001-1,0.0,0.0,0.0,,,https://images.brickset.com/sets/small/COMCON001-1.jpg,https://images.brickset.com/sets/images/COMCON001-1.jpg
1,true,Plastic box,0,2009,{Not specified},8656,COMCON004,Star Wars,Other,Promotional,5,2019-04-04T16:42:03.837Z,Collectable Display Set 1,0,3,Licensed,0,0.0,https://brickset.com/sets/COMCON004-1,0.0,0.0,0.0,,,https://images.brickset.com/sets/small/COMCON004-1.jpg,https://images.brickset.com/sets/images/COMCON004-1.jpg
1,true,Plastic box,0,2009,{Not specified},8655,COMCON005,Star Wars,Other,Promotional,2,2019-04-04T16:42:21.593Z,Collectable Display Set 2,0,3,Licensed,0,0.0,https://brickset.com/sets/COMCON005-1,0.0,0.0,0.0,,,https://images.brickset.com/sets/small/COMCON005-1.jpg,https://images.brickset.com/sets/images/COMCON005-1.jpg
1,true,Plastic box,0,2009,{Not specified},8657,COMCON006,Star Wars,Other,Promotional,15,2019-04-04T16:42:48.273Z,Collectable Display Set 4,0,3,Licensed,0,0.0,https://brickset.com/sets/COMCON006-1,0.0,0.0,0.0,,,https://images.brickset.com/sets/small/COMCON006-1.jpg,https://images.brickset.com/sets/images/COMCON006-1.jpg
1,true,Plastic box,0,2009,{Not specified},8658,COMCON007,Star Wars,Other,Promotional,4,2019-04-04T16:43:01.17Z,Collectable Display Set 5,0,3,Licensed,0,0.0,https://brickset.com/sets/COMCON007-1,0.0,0.0,0.0,,,https://images.brickset.com/sets/small/COMCON007-1.jpg,https://images.brickset.com/sets/images/COMCON007-1.jpg
1,true,Plastic box,0,2009,{Not specified},8659,COMCON008,Star Wars,Other,Promotional,5,2019-04-04T16:43:21.06Z,Collectable Display Set 3,0,3,Licensed,0,0.0,https://brickset.com/sets/COMCON008-1,0.0,0.0,0.0,,,https://images.brickset.com/sets/small/COMCON008-1.jpg,https://images.brickset.com/sets/images/COMCON008-1.jpg
1,true,Plastic box,0,2009,{Not specified},8660,COMCON009,Star Wars,Other,Promotional,5,2019-04-04T16:43:36.307Z,Collectable Display Set 6,0,3,Licensed,0,0.0,https://brickset.com/sets/COMCON009-1,0.0,0.0,0.0,,,https://images.brickset.com/sets/small/COMCON009-1.jpg,https://images.brickset.com/sets/images/COMCON009-1.jpg
1,true,Box,0,2009,Promotional,9348,COMCON010,Star Wars,Other,Promotional,94,2023-09-12T22:54:39.253Z,Mini Republic Dropship Mini AT-TE Brickmaster Pack (SDCC 2009 exclusive),0,0,Licensed,0,0.0,https://brickset.com/sets/COMCON010-1,0.0,0.0,0.0,,,https://images.brickset.com/sets/small/COMCON010-1.jpg,https://images.brickset.com/sets/images/COMCON010-1.jpg
1,true,{Not specified},0,2009,{Not specified},9349,COMCON011,Star Wars,Other,Promotional,3,2021-04-18T10:45:24.863Z,Holo-Brick Archives (SDCC 2009 exclusive),0,0,Licensed,0,0.0,https://brickset.com/sets/COMCON011-1,0.0,0.0,0.0,,,,
1,true,Box,0,2010,Promotional,8099,COMCON012,Star Wars,Other,Cube Dudes,416,2023-08-29T08:53:50.947Z,San Diego Comic Con 2010 Exclusive - CubeDude - The Clone Wars Edition,0,0,Licensed,0,4.9,https://brickset.com/sets/COMCON012-1,0.0,0.0,0.0,,,https://images.brickset.com/sets/small/COMCON012-1.jpg,https://images.brickset.com/sets/images/COMCON012-1.jpg
1,true,Box,0,2011,{Not specified},9352,COMCON015,Star Wars,Other,Seasonal,266,2023-12-10T21:27:41.837Z,LEGO Star Wars Advent Calendar (SDCC 2011 exclusive),0,0,Licensed,0,4.2,https://brickset.com/sets/COMCON015-1,0.0,0.0,0.0,,,https://images.brickset.com/sets/small/COMCON015-1.jpg,https://images.brickset.com/sets/images/COMCON015-1.jpg
1,true,Other,0,2012,Promotional,9776,COMCON019,Star Wars,Other,Promotional,84,2021-04-18T10:24:49.783Z,Sith Infiltrator (SDCC 2012 exclusive),0,1,Licensed,0,4.5,https://brickset.com/sets/COMCON019-1,0.0,0.0,0.0,,,https://images.brickset.com/sets/small/COMCON019-1.jpg,https://images.brickset.com/sets/images/COMCON019-1.jpg
1,true,Other,0,2012,Promotional,10124,COMCON024,Star Wars,Other,Promotional,110,2021-04-18T10:25:54.927Z,Luke Skywalker's Landspeeder - Mini - New York Comic-Con 2012 Exclusive,0,1,Licensed,0,4.4,https://brickset.com/sets/COMCON024-1,0.0,0.0,0.0,,,https://images.brickset.com/sets/small/COMCON024-1.jpg,https://images.brickset.com/sets/images/COMCON024-1.jpg
1,true,Box,0,2013,Promotional,22906,COMCON032,Star Wars,Other,Promotional,105,2023-07-19T20:31:30.403Z,Jek-14 Mini Stealth Starfighter,0,1,Licensed,0,3.7,https://brickset.com/sets/COMCON032-1,0.0,0.0,0.0,,,https://images.brickset.com/sets/small/COMCON032-1.jpg,https://images.brickset.com/sets/images/COMCON032-1.jpg
1,true,Box,0,2014,Retail - limited,23756,COMCON039,Star Wars,Other,Promotional,132,2023-07-08T19:34:11.41Z,The Ghost Starship,0,1,Licensed,0,4.2,https://brickset.com/sets/COMCON039-1,0.0,0.0,0.0,,,https://images.brickset.com/sets/small/COMCON039-1.jpg,https://images.brickset.com/sets/images/COMCON039-1.jpg
1,true,Box,0,2014,Promotional,23780,FANEXPO001,Star Wars,Other,Promotional,134,2023-07-08T19:34:41.06Z,The Ghost Starship,0,1,Licensed,0,3.8,https://brickset.com/sets/FANEXPO001-1,0.0,0.0,0.0,,,https://images.brickset.com/sets/small/FANEXPO001-1.jpg,https://images.brickset.com/sets/images/FANEXPO001-1.jpg
1,true,Box,0,2015,Promotional,24873,FANEXPO2015,Star Wars,Other,Promotional,178,2015-09-10T18:22:18.617Z,Tatooine Mini Build,0,0,Licensed,0,4.1,https://brickset.com/sets/FANEXPO2015-1,0.0,0.0,0.0,,,https://images.brickset.com/sets/small/FANEXPO2015-1.jpg,https://images.brickset.com/sets/images/FANEXPO2015-1.jpg
1,true,Zip-lock bag,2,2015,Promotional,52078,FFCB,Star Wars,Other,Promotional,1,2025-09-29T20:57:25.46Z,Force Friday Commemorative Brick,0,0,Licensed,0,0.0,https://brickset.com/sets/FFCB-1,0.0,0.0,0.0,,,https://images.brickset.com/sets/small/FFCB-1.jpg,https://images.brickset.com/sets/images/FFCB-1.jpg
1,true,Paper bag,0,2025,Magazine gift,52312,L0002231,Star Wars,Other,Magazine Gift,5,2026-03-06T09:25:12.327Z,Phase 1 Clone Pilot,0,1,Licensed,0,4.5,https://brickset.com/sets/L0002231-1,15.0,12.0,2.0,,,https://images.brickset.com/sets/small/912514-1.jpg,https://images.brickset.com/sets/images/912514-1.jpg
1,true,Paper bag,0,2026,Magazine gift,52400,L0002232,Star Wars,Other,Magazine Gift,5,2026-02-12T18:35:55.053Z,Night Trooper,0,1,Licensed,0,3.9,https://brickset.com/sets/L0002232-1,15.0,12.0,2.0,,,https://images.brickset.com/sets/small/L0002232-1.jpg,https://images.brickset.com/sets/images/L0002232-1.jpg
1,true,Paper bag,0,2026,Magazine gift,52483,L0002233,Star Wars,Other,Magazine Gift,5,2026-02-24T19:02:11.13Z,Phase 2 Clone Pilot,0,1,Licensed,0,4.5,https://brickset.com/sets/L0002233-1,0.0,0.0,0.0,,,https://images.brickset.com/sets/small/L0002233-1.jpg,https://images.brickset.com/sets/images/L0002233-1.jpg
1,true,Paper bag,0,2026,Magazine gift,52688,L0002234,Star Wars,Other,Magazine Gift,6,2026-04-06T20:32:30.15Z,Anakin Skywalker,0,1,Licensed,0,4.0,https://brickset.com/sets/L0002234-1,15.0,12.0,2.0,,,https://images.brickset.com/sets/small/L0002234-1.jpg,https://images.brickset.com/sets/images/L0002234-1.jpg
1,true,Paper bag,0,2026,Retail - limited,52745,L0002235,Star Wars,Other,Magazine Gift,6,2026-04-28T11:32:26.037Z,Commando Droid,0,1,Licensed,0,4.2,https://brickset.com/sets/L0002235-1,0.0,0.0,0.0,,,https://images.brickset.com/sets/small/L0002235-1.jpg,https://images.brickset.com/sets/images/L0002235-1.jpg
1,true,Paper bag,0,2026,Magazine gift,52930,L0002236,Star Wars,Other,Magazine Gift,59,2026-06-10T15:32:47.667Z,Republic Gunship,0,0,Licensed,0,0.0,https://brickset.com/sets/L0002236-1,17.0,12.0,2.0,,,https://images.brickset.com/sets/small/L0002236-1.jpg,https://images.brickset.com/sets/images/L0002236-1.jpg
1,true,Paper bag,0,2026,Magazine gift,52947,L0002237,Star Wars,Other,Magazine Gift,8,2026-06-21T11:21:03.03Z,Galactic Marine,0,1,Licensed,0,4.2,https://brickset.com/sets/L0002237-1,14.0,12.0,2.0,,,https://images.brickset.com/sets/small/L0002237-1.jpg,https://images.brickset.com/sets/images/L0002237-1.jpg
1,true,Paper bag,0,2026,Magazine gift,52890,L0002238,Star Wars,Other,Magazine Gift,6,2026-07-20T19:35:43.39Z,327th Star Corps Clone Trooper,0,1,Licensed,0,4.1,https://brickset.com/sets/L0002238-1,15.0,12.0,1.5,,,https://images.brickset.com/sets/small/L0002238-1.jpg,https://images.brickset.com/sets/images/L0002238-1.jpg
1,true,Paper bag,0,2026,Magazine gift,53112,L0002239,Star Wars,Other,Magazine Gift,5,2026-08-20T07:17:30.317Z,Death Trooper,0,1,Licensed,0,4.3,https://brickset.com/sets/L0002239-1,0.0,0.0,0.0,,,https://images.brickset.com/sets/small/L0002239-1.jpg,https://images.brickset.com/sets/images/L0002239-1.jpg
1,true,Paper bag,0,2026,Magazine gift,53383,L0002240,Star Wars,Other,Magazine Gift,5,2026-09-21T19:43:51.58Z,332nd Clone Trooper,0,1,Licensed,0,0.0,https://brickset.com/sets/L0002240-1,0.0,0.0,0.0,,,https://images.brickset.com/sets/small/L0002240-1.jpg,https://images.brickset.com/sets/images/L0002240-1.jpg
1,true,Metal canister,1,2026,Retail - limited,52762,L0002245,Star Wars,Other,Magazine Gift,8,2026-06-21T12:08:24.067Z,Jango Fett,0,1,Licensed,0,4.5,https://brickset.com/sets/L0002245-1,0.0,0.0,0.0,,,https://images.brickset.com/sets/small/L0002245-1.jpg,https://images.brickset.com/sets/images/L0002245-1.jpg
2,true,Metal canister,2,2026,Retail - limited,52763,L0002245,Star Wars,Other,Magazine Gift,8,2026-05-02T13:17:21.087Z,Jango Fett,0,1,Licensed,0,3.6,https://brickset.com/sets/L0002245-2,0.0,0.0,0.0,,,https://images.brickset.com/sets/small/L0002245-2.jpg,https://images.brickset.com/sets/images/L0002245-2.jpg
1,true,Box,2,2017,Promotional,52108,LESP,Star Wars,Other,Promotional,25,2025-10-05T07:30:04.927Z,Limited Edition LEGO Star Wars Pack,0,0,Licensed,0,0.0,https://brickset.com/sets/LESP-1,0.0,0.0,0.0,,,https://images.brickset.com/sets/small/LESP-1.jpg,https://images.brickset.com/sets/images/LESP-1.jpg
1,true,None (loose parts),0,2019,Promotional,29625,LUKE,Star Wars,Other,Promotional,87,2020-07-14T13:12:19.093Z,Luke Skywalker,0,0,Licensed,0,4.4,https://brickset.com/sets/LUKE-1,0.0,0.0,0.0,,,https://images.brickset.com/sets/small/LUKE-1.jpg,https://images.brickset.com/sets/images/LUKE-1.jpg
1,true,Blister pack,0,2019,Not sold,50329,LUKESFE,Star Wars,Other,Promotional,0,2024-07-25T17:44:26.95Z,Luke,0,0,Licensed,0,0.0,https://brickset.com/sets/LUKESFE-1,0.0,0.0,0.0,,,https://images.brickset.com/sets/small/LUKESFE-1.jpg,https://images.brickset.com/sets/images/LUKESFE-1.jpg
1,true,None (loose parts),0,2013,Promotional,22772,MAY2013,Star Wars,Other,Promotional,31,2023-07-19T18:50:23.48Z,Holocron Droid,0,0,Licensed,0,3.0,https://brickset.com/sets/MAY2013-1,0.0,0.0,0.0,,,https://images.brickset.com/sets/small/MAY2013-1.jpg,https://images.brickset.com/sets/images/MAY2013-1.jpg
1,true,Plastic box,0,2013,Promotional,26293,NYCC2013,Star Wars,Other,Promotional,0,2022-03-08T11:06:01.04Z,Yoda Display Box,0,0,Licensed,0,0.0,https://brickset.com/sets/NYCC2013-1,0.0,0.0,0.0,,,https://images.brickset.com/sets/small/NYCC2013-1.jpg,https://images.brickset.com/sets/images/NYCC2013-1.jpg
1,true,None (loose parts),0,2018,Not sold,28082,PORG,Star Wars,Other,Promotional,75,2023-07-19T18:50:08.713Z,Porg,0,0,Licensed,0,3.5,https://brickset.com/sets/PORG-1,0.0,0.0,0.0,,,https://images.brickset.com/sets/small/PORG-1.jpg,https://images.brickset.com/sets/images/PORG-1.jpg
1,true,None (loose parts),0,2005,Promotional,9416,PROMOSW002,Star Wars,Other,Promotional,0,2012-03-03T12:06:01.63Z,Anakin Skywalker (International Toy Fair 2005 Exclusive Figure),0,0,Licensed,0,0.0,https://brickset.com/sets/PROMOSW002-1,0.0,0.0,0.0,,,,
1,true,None (loose parts),0,2005,Promotional,9415,PROMOSW003,Star Wars,Other,Promotional,0,2012-03-03T12:03:31.377Z,Luminara Unduli (International Toy Fair 2005 Exclusive Figure),0,0,Licensed,0,0.0,https://brickset.com/sets/PROMOSW003-1,0.0,0.0,0.0,,,,
1,true,Plastic box,0,2007,Promotional,9413,PROMOSW004,Star Wars,Other,Promotional,26,2021-04-18T10:24:18.827Z,Star Wars Celebration IV Exclusive,0,0,Licensed,0,0.0,https://brickset.com/sets/PROMOSW004-1,0.0,0.0,0.0,,,,
1,true,Box,0,2011,Promotional,9459,PROMOSW007,Star Wars,Other,Promotional,140,2019-04-03T22:56:25.557Z,Star Wars Miniland Figures (Toy Fair 2011 Collector's Party) ,0,0,Licensed,1,0.0,https://brickset.com/sets/PROMOSW007-1,0.0,0.0,0.0,,,https://images.brickset.com/sets/small/PROMOSW007-1.jpg,https://images.brickset.com/sets/images/PROMOSW007-1.jpg
2,true,Box,0,2015,Promotional,24591,SDCC2015,Star Wars,Other,Promotional,177,2023-07-18T10:28:16.943Z,Dagobah Mini-build,0,1,Licensed,0,4.2,https://brickset.com/sets/SDCC2015-2,0.0,0.0,0.0,,,https://images.brickset.com/sets/small/SDCC2015-2.jpg,https://images.brickset.com/sets/images/SDCC2015-2.jpg
1,true,Polybag,0,2005,Promotional,9327,SW117PROMO,Star Wars,Other,Promotional,2,2023-02-14T00:16:11.633Z,Darth Vader (Nürnberg Toy Fair 2005 Exclusive Figure),0,1,Licensed,1,0.0,https://brickset.com/sets/SW117PROMO-1,0.0,0.0,0.0,,,https://images.brickset.com/sets/small/SW117PROMO-1.jpg,https://images.brickset.com/sets/images/SW117PROMO-1.jpg
1,true,Foil pack,0,2015,Magazine gift,24651,SWCOMIC1,Star Wars,Other,Magazine Gift,23,2021-08-30T08:17:49.047Z,X-wing,0,0,Licensed,4,3.2,https://brickset.com/sets/SWCOMIC1-1,0.0,0.0,0.0,,,https://images.brickset.com/sets/small/SWCOMIC1-1.jpg,https://images.brickset.com/sets/images/SWCOMIC1-1.jpg
1,true,Polybag,1,2017,Retail - limited,27655,SWMF,Star Wars,Other,Promotional,20,2026-08-26T06:31:19.96Z,LEGO Star Wars Millennium Falcon,0,0,Licensed,4,3.5,https://brickset.com/sets/SWMF-1,0.0,0.0,0.0,,673419287524,https://images.brickset.com/sets/small/SWMF-1.jpg,https://images.brickset.com/sets/images/SWMF-1.jpg
1,true,None (loose parts),1,2019,{Not specified},29315,TANTIVEIV,Star Wars,Other,Promotional,56,2021-03-15T16:16:26.27Z,Tantive IV,0,0,Licensed,0,2.9,https://brickset.com/sets/TANTIVEIV-1,0.0,0.0,0.0,,,https://images.brickset.com/sets/small/TANTIVEIV-1.jpg,https://images.brickset.com/sets/images/TANTIVEIV-1.jpg
1,true,Box,0,2005,Promotional,9414,TF05,Star Wars,Other,Promotional,53,2012-03-03T11:56:43.1Z,Toy Fair 2005 Star Wars V.I.P. Gala Set,0,3,Licensed,0,0.0,https://brickset.com/sets/TF05-1,0.0,0.0,0.0,,,,
1,true,None (loose parts),0,2013,Promotional,22770,TRU03,Star Wars,Other,Promotional,40,2023-07-19T18:51:34.52Z,Jek-14 Stealth Fighter,0,0,Licensed,0,3.1,https://brickset.com/sets/TRU03-1,0.0,0.0,0.0,,,https://images.brickset.com/sets/small/TRU03-1.jpg,https://images.brickset.com/sets/images/TRU03-1.jpg
1,true,None (loose parts),1,2017,Retail - limited,27612,TRUBB8,Star Wars,Other,Promotional,39,2023-07-19T18:51:15.177Z,BB-8,0,0,Licensed,0,3.0,https://brickset.com/sets/TRUBB8-1,0.0,0.0,0.0,,,https://images.brickset.com/sets/small/TRUBB8-1.jpg,https://images.brickset.com/sets/images/TRUBB8-1.jpg
1,true,None (loose parts),0,2016,Promotional,26247,TRUFALCON,Star Wars,Other,Promotional,44,2023-07-17T21:52:42.027Z,LEGO Star Wars Millennium Falcon,0,0,Licensed,1,3.3,https://brickset.com/sets/TRUFALCON-1,0.0,0.0,0.0,,,https://images.brickset.com/sets/small/TRUFALCON-1.jpg,https://images.brickset.com/sets/images/TRUFALCON-1.jpg
1,true,None (loose parts),0,2014,Retail - limited,24024,TRUGHOST,Star Wars,Other,Promotional,42,2023-09-12T23:14:14.31Z,Micro Ghost,0,0,Licensed,0,3.9,https://brickset.com/sets/TRUGHOST-1,0.0,0.0,0.0,,,https://images.brickset.com/sets/small/TRUGHOST-1.jpg,https://images.brickset.com/sets/images/TRUGHOST-1.jpg
1,true,None (loose parts),0,2017,Retail - limited,27191,TRULEIA,Star Wars,Other,Promotional,18,2017-05-09T01:58:42.833Z,Princess Leia,0,0,Licensed,1,3.8,https://brickset.com/sets/TRULEIA-1,0.0,0.0,0.0,,,https://images.brickset.com/sets/small/TRULEIA-1.jpg,https://images.brickset.com/sets/images/TRULEIA-1.jpg
2,true,None (loose parts),0,2018,Promotional,31547,TRUSWMF,Star Wars,Other,Promotional,24,2025-09-29T10:34:00.143Z,Millennium Falcon,0,0,Licensed,0,0.0,https://brickset.com/sets/TRUSWMF-2,0.0,0.0,0.0,,,https://images.brickset.com/sets/small/TRUSWMF-2.jpg,https://images.brickset.com/sets/images/TRUSWMF-2.jpg
1,true,{Not specified},0,2014,Promotional,23671,TRUTIE,Star Wars,Other,Promotional,12,2014-11-19T15:14:59.02Z,TIE Fighter,0,0,Licensed,0,3.5,https://brickset.com/sets/TRUTIE-1,0.0,0.0,0.0,,,https://images.brickset.com/sets/small/TRUTIE-1.jpg,https://images.brickset.com/sets/images/TRUTIE-1.jpg
1,true,None (loose parts),0,2015,Promotional,24494,TRUWOOKIEE,Star Wars,Other,Promotional,41,2015-05-04T08:27:30.23Z,Wookiee Gunship,0,0,Licensed,0,3.4,https://brickset.com/sets/TRUWOOKIEE-1,0.0,0.0,0.0,,,https://images.brickset.com/sets/small/TRUWOOKIEE-1.jpg,https://images.brickset.com/sets/images/TRUWOOKIEE-1.jpg
1,true,None (loose parts),1,2014,Promotional,23670,TRUXWING,Star Wars,Other,Promotional,23,2023-09-27T09:00:02.25Z,X-wing Fighter,0,0,Licensed,0,3.4,https://brickset.com/sets/TRUXWING-1,0.0,0.0,0.0,,,https://images.brickset.com/sets/small/TRUXWING-1.jpg,https://images.brickset.com/sets/images/TRUXWING-1.jpg
2,true,None (loose parts),0,2015,Promotional,25725,TRUXWING,Star Wars,Other,Promotional,27,2016-01-20T20:42:40.17Z,Poe's X-wing Fighter,0,0,Licensed,0,3.6,https://brickset.com/sets/TRUXWING-2,0.0,0.0,0.0,,,https://images.brickset.com/sets/small/TRUXWING-2.jpg,https://images.brickset.com/sets/images/TRUXWING-2.jpg
1,true,None (loose parts),1,2026,Promotional,52517,WORKSHOP,Star Wars,Other,Promotional,0,2026-03-11T08:28:16.783Z,R2-D2 Level Up Workshop,0,0,Licensed,0,0.0,https://brickset.com/sets/WORKSHOP-1,0.0,0.0,0.0,5702018326787,,https://images.brickset.com/sets/small/WORKSHOP-1.jpg,https://images.brickset.com/sets/images/WORKSHOP-1.jpg
2,true,None (loose parts),2,2019,{Not specified},30208,XWING,Star Wars,Other,Promotional,52,2023-01-31T07:40:16.79Z,X-wing Trench Run,0,0,Licensed,0,0.0,https://brickset.com/sets/XWING-2,0.0,0.0,0.0,,,https://images.brickset.com/sets/small/XWING-2.jpg,https://images.brickset.com/sets/images/XWING-2.jpg
1,true,None (loose parts),1,2019,Promotional,29327,XWING,Star Wars,Other,Promotional,60,2019-10-06T19:18:04.28Z,Mini X-wing Fighter,0,0,Licensed,0,3.2,https://brickset.com/sets/XWING-1,0.0,0.0,0.0,,,https://images.brickset.com/sets/small/XWING-1.jpg,https://images.brickset.com/sets/images/XWING-1.jpg
1,true,Other,0,2013,Promotional,22978,YODA,Star Wars,Other,Promotional,3,2013-09-05T08:58:03.693Z,"Yoda minifig, NY I Love Torso",0,1,Licensed,1,4.7,https://brickset.com/sets/YODA-1,0.0,0.0,0.0,,,https://images.brickset.com/sets/small/YODA-1.jpg,https://images.brickset.com/sets/images/YODA-1.jpg
1,true,Box,0,2013,Promotional,22776,YODACHRON,Star Wars,Other,Promotional,408,2023-10-04T22:19:04.31Z,Holocron Chamber,0,3,Licensed,0,0.0,https://brickset.com/sets/YODACHRON-1,0.0,0.0,0.0,,,https://images.brickset.com/sets/small/YODACHRON-1.jpg,https://images.brickset.com/sets/images/YODACHRON-1.jpg
1,true,Box,3,2018,LEGO exclusive,27759,40270,BrickHeadz,Normal,Seasonal,140,2018-01-22T02:04:48.51Z,Valentine's Bee,2,0,Licensed,4,3.7,https://brickset.com/sets/40270-1,12.0,14.0,6.0,5702016122015,673419284431,https://images.brickset.com/sets/small/40270-1.jpg,https://images.brickset.com/sets/images/40270-1.jpg
1,true,Box,3,2018,LEGO exclusive,27872,40271,BrickHeadz,Normal,Seasonal,126,2018-03-13T05:44:26.463Z,Easter Bunny,2,0,Licensed,2,3.7,https://brickset.com/sets/40271-1,12.0,14.0,5.8,5702016122022,,https://images.brickset.com/sets/small/40271-1.jpg,https://images.brickset.com/sets/images/40271-1.jpg
1,true,Box,3,2018,LEGO exclusive,27873,40272,BrickHeadz,Normal,Seasonal,151,2019-01-22T01:04:20.987Z,Halloween Witch,2,0,Licensed,2,3.6,https://brickset.com/sets/40272-1,12.0,14.0,6.0,5702016122039,,https://images.brickset.com/sets/small/40272-1.jpg,https://images.brickset.com/sets/images/40272-1.jpg
1,true,Box,3,2018,LEGO exclusive,27874,40273,BrickHeadz,Normal,Seasonal,114,2019-01-22T01:03:54.017Z,Thanksgiving Turkey,2,0,Licensed,2,3.8,https://brickset.com/sets/40273-1,12.0,14.0,6.0,5702016122046,,https://images.brickset.com/sets/small/40273-1.jpg,https://images.brickset.com/sets/images/40273-1.jpg
1,true,Box,4,2018,LEGO exclusive,27875,40274,BrickHeadz,Normal,Seasonal,341,2018-12-10T05:45:01.857Z,Mr. & Mrs. Claus,4,0,Licensed,1,3.8,https://brickset.com/sets/40274-1,14.0,19.0,7.0,5702016122053,,https://images.brickset.com/sets/small/40274-1.jpg,https://images.brickset.com/sets/images/40274-1.jpg
1,false,Box,0,2018,{Not specified},28246,40316,BrickHeadz,Normal,Miscellaneous,0,2020-08-01T11:44:51.307Z,Geoffrey,0,0,Licensed,0,0.0,https://brickset.com/sets/40316-1,0.0,0.0,0.0,,,https://images.brickset.com/sets/small/40316-1.jpg,https://images.brickset.com/sets/images/40316-1.jpg
1,true,Box,4,2019,LEGO exclusive,28565,40348,BrickHeadz,Normal,Seasonal,150,2019-01-20T01:58:19.18Z,Birthday Clown,2,0,Licensed,1,3.6,https://brickset.com/sets/40348-1,12.1,14.0,6.0,5702016370805,,https://images.brickset.com/sets/small/40348-1.jpg,https://images.brickset.com/sets/images/40348-1.jpg
1,true,Box,4,2019,LEGO exclusive,28566,40349,BrickHeadz,Normal,Seasonal,147,2019-12-03T22:39:48.153Z,Valentine's Puppy,2,0,Licensed,1,3.6,https://brickset.com/sets/40349-1,12.1,14.0,6.0,5702016370812,,https://images.brickset.com/sets/small/40349-1.jpg,https://images.brickset.com/sets/images/40349-1.jpg
1,true,Box,1,2019,LEGO exclusive,28568,40350,BrickHeadz,Normal,Seasonal,120,2019-03-11T00:29:45.493Z,Easter Chick,2,0,Licensed,1,3.7,https://brickset.com/sets/40350-1,12.0,13.8,6.0,5702016370829,673419304856,https://images.brickset.com/sets/small/40350-1.jpg,https://images.brickset.com/sets/images/40350-1.jpg
1,true,Box,2,2019,LEGO exclusive,28569,40351,BrickHeadz,Normal,Seasonal,136,2019-09-05T04:00:24.42Z,Halloween Ghost,2,0,Licensed,0,4.0,https://brickset.com/sets/40351-1,12.0,14.0,6.0,5702016370836,,https://images.brickset.com/sets/small/40351-1.jpg,https://images.brickset.com/sets/images/40351-1.jpg
1,true,Box,4,2019,Retail - limited,29572,40352,BrickHeadz,Normal,Seasonal,177,2019-12-07T09:38:12.863Z,Thanksgiving Scarecrow,2,0,Licensed,1,3.8,https://brickset.com/sets/40352-1,12.0,14.0,6.0,5702016370843,,https://images.brickset.com/sets/small/40352-1.jpg,https://images.brickset.com/sets/images/40352-1.jpg
1,true,Box,4,2019,LEGO exclusive,28570,40353,BrickHeadz,Normal,Seasonal,281,2019-11-08T01:53:57.053Z,"Reindeer, Elf and Elfie",4,0,Licensed,1,3.7,https://brickset.com/sets/40353-1,14.0,19.0,7.0,5702016370850,,https://images.brickset.com/sets/small/40353-1.jpg,https://images.brickset.com/sets/images/40353-1.jpg
1,true,Box,4,2019,LEGO exclusive,28567,40354,BrickHeadz,Normal,Seasonal,170,2019-01-28T00:14:48.897Z,Dragon Dance Guy,2,0,Licensed,1,4.0,https://brickset.com/sets/40354-1,12.0,14.0,6.0,5702016370867,,https://images.brickset.com/sets/small/40354-1.jpg,https://images.brickset.com/sets/images/40354-1.jpg
1,true,Box,2,2019,LEGO exclusive,29301,40367,BrickHeadz,Normal,Seasonal,153,2025-04-15T20:02:18.2Z,Lady Liberty,2,0,Licensed,2,3.9,https://brickset.com/sets/40367-1,12.2,9.1,7.8,5702016538946,,https://images.brickset.com/sets/small/40367-1.jpg,https://images.brickset.com/sets/images/40367-1.jpg
1,true,Box,2,2020,Retail - limited,29880,40377,BrickHeadz,Normal,Disney,90,2020-08-05T16:53:20.463Z,Donald Duck,2,0,Licensed,1,4.0,https://brickset.com/sets/40377-1,12.2,9.1,7.8,5702016656701,673419321501,https://images.brickset.com/sets/small/40377-1.jpg,https://images.brickset.com/sets/images/40377-1.jpg
1,true,Box,2,2020,Retail - limited,29881,40378,BrickHeadz,Normal,Disney,214,2020-08-05T16:52:49.79Z,Goofy & Pluto,4,0,Licensed,0,4.0,https://brickset.com/sets/40378-1,12.2,14.1,6.1,5702016656718,673419321518,https://images.brickset.com/sets/small/40378-1.jpg,https://images.brickset.com/sets/images/40378-1.jpg
1,true,Box,2,2020,Retail - limited,29652,40379,BrickHeadz,Normal,Seasonal,150,2020-01-21T01:13:45.22Z,Valentine's Bear,2,0,Licensed,1,3.8,https://brickset.com/sets/40379-1,12.0,14.0,6.0,5702016656725,,https://images.brickset.com/sets/small/40379-1.jpg,https://images.brickset.com/sets/images/40379-1.jpg
1,true,Box,2,2020,Retail - limited,29653,40380,BrickHeadz,Normal,Seasonal,192,2020-03-11T20:03:04.647Z,Easter Sheep,2,0,Licensed,1,3.9,https://brickset.com/sets/40380-1,12.0,14.0,6.0,5702016656732,,https://images.brickset.com/sets/small/40380-1.jpg,https://images.brickset.com/sets/images/40380-1.jpg
1,true,Box,4,2020,LEGO exclusive,30634,40381,BrickHeadz,Normal,Monkie Kid,175,2020-08-01T11:46:09.18Z,Monkey King,2,0,Licensed,1,4.0,https://brickset.com/sets/40381-1,12.2,9.1,7.8,5702016656749,,https://images.brickset.com/sets/small/40381-1.jpg,https://images.brickset.com/sets/images/40381-1.jpg
1,true,Box,1,2020,Retail - limited,29655,40383,BrickHeadz,Normal,Wedding,306,2020-08-01T11:47:09.513Z,Wedding Bride,2,0,Licensed,0,3.8,https://brickset.com/sets/40383-1,14.1,15.7,7.1,5702016656756,673419321556,https://images.brickset.com/sets/small/40383-1.jpg,https://images.brickset.com/sets/images/40383-1.jpg
1,true,Box,1,2020,Retail - limited,29656,40384,BrickHeadz,Normal,Wedding,255,2020-08-01T11:47:00.92Z,Wedding Groom,2,0,Licensed,0,3.7,https://brickset.com/sets/40384-1,14.1,15.7,7.1,5702016656763,673419321563,https://images.brickset.com/sets/small/40384-1.jpg,https://images.brickset.com/sets/images/40384-1.jpg
1,true,Box,2,2020,LEGO exclusive,30667,40412,BrickHeadz,Normal,Wizarding World,270,2021-04-23T10:09:54.563Z,Hagrid & Buckbeak,4,0,Licensed,0,3.8,https://brickset.com/sets/40412-1,14.1,19.1,7.1,5702016720099,673419325646,https://images.brickset.com/sets/small/40412-1.jpg,https://images.brickset.com/sets/images/40412-1.jpg
1,true,Box,5,2021,Retail,30817,40420,BrickHeadz,Normal,Minions: The Rise of Gru,244,2021-05-13T09:10:05.057Z,"Gru, Stuart and Otto",4,0,Licensed,0,3.7,https://brickset.com/sets/40420-1,14.1,19.1,7.1,5702016720228,673419326186,https://images.brickset.com/sets/small/40420-1.jpg,https://images.brickset.com/sets/images/40420-1.jpg
1,true,Box,5,2021,Retail,30818,40421,BrickHeadz,Normal,Minions: The Rise of Gru,309,2021-04-26T18:48:49.577Z,"Belle Bottom, Kevin and Bob",4,0,Licensed,0,3.8,https://brickset.com/sets/40421-1,14.1,19.1,7.1,5702016720235,673419326193,https://images.brickset.com/sets/small/40421-1.jpg,https://images.brickset.com/sets/images/40421-1.jpg
1,true,Box,2,2020,Retail,30724,40422,BrickHeadz,Normal,Universal Monsters,108,2022-02-01T22:39:16.017Z,Frankenstein,2,0,Licensed,1,4.1,https://brickset.com/sets/40422-1,12.2,9.1,7.8,5702016720242,,https://images.brickset.com/sets/small/40422-1.jpg,https://images.brickset.com/sets/images/40422-1.jpg
1,true,Box,2,2020,LEGO exclusive,30741,40425,BrickHeadz,Normal,Seasonal,180,2020-10-18T23:53:39.667Z,Nutcracker,2,0,Licensed,1,3.9,https://brickset.com/sets/40425-1,12.0,14.0,6.0,5702016720273,,https://images.brickset.com/sets/small/40425-1.jpg,https://images.brickset.com/sets/images/40425-1.jpg
1,true,Box,2,2020,Retail - limited,29654,40436,BrickHeadz,Normal,Seasonal,134,2020-01-21T01:12:13.283Z,Lucky Cat,2,0,Licensed,2,3.8,https://brickset.com/sets/40436-1,12.0,14.0,6.0,5702016721157,,https://images.brickset.com/sets/small/40436-1.jpg,https://images.brickset.com/sets/images/40436-1.jpg
1,true,Box,2,2021,LEGO exclusive,31030,40440,BrickHeadz,Normal,Pets,247,2021-07-05T08:51:41.123Z,German Shepherds,2,0,Licensed,0,3.6,https://brickset.com/sets/40440-1,14.0,15.6,7.0,5702016910353,,https://images.brickset.com/sets/small/40440-1.jpg,https://images.brickset.com/sets/images/40440-1.jpg
1,true,Box,2,2021,LEGO exclusive,31031,40441,BrickHeadz,Normal,Pets,250,2021-02-14T21:45:11.477Z,Shorthair Cats,2,0,Licensed,0,3.8,https://brickset.com/sets/40441-1,14.0,15.6,7.0,5702016910872,,https://images.brickset.com/sets/small/40441-1.jpg,https://images.brickset.com/sets/images/40441-1.jpg
1,true,Box,5,2021,LEGO exclusive,31243,40442,BrickHeadz,Normal,Pets,186,2021-09-28T22:04:28.05Z,Goldfish,2,0,Licensed,1,3.9,https://brickset.com/sets/40442-1,14.1,15.7,7.1,5702016910889,673419337397,https://images.brickset.com/sets/small/40442-1.jpg,https://images.brickset.com/sets/images/40442-1.jpg
1,true,Box,5,2021,LEGO exclusive,31244,40443,BrickHeadz,Normal,Pets,261,2021-12-02T03:24:29.603Z,Budgies,2,0,Licensed,0,4.1,https://brickset.com/sets/40443-1,14.1,15.7,7.1,5702016910360,673419337403,https://images.brickset.com/sets/small/40443-1.jpg,https://images.brickset.com/sets/images/40443-1.jpg
1,true,Box,2,2021,LEGO exclusive,31032,40466,BrickHeadz,Normal,Seasonal,249,2021-02-14T21:38:49.04Z,Chinese New Year Pandas,4,0,Licensed,0,3.9,https://brickset.com/sets/40466-1,14.0,19.0,7.0,5702016910704,673419337908,https://images.brickset.com/sets/small/40466-1.jpg,https://images.brickset.com/sets/images/40466-1.jpg
1,true,Box,4,2021,Retail,30900,40476,BrickHeadz,Normal,Disney,110,2021-06-01T02:26:02.587Z,Daisy Duck,2,0,Licensed,1,4.0,https://brickset.com/sets/40476-1,12.2,9.1,7.8,5702016961379,673419344098,https://images.brickset.com/sets/small/40476-1.jpg,https://images.brickset.com/sets/images/40476-1.jpg
1,true,Box,5,2021,Retail,30901,40477,BrickHeadz,Normal,Disney,340,2021-06-01T02:26:05.263Z,"Scrooge McDuck, Huey, Dewey & Louie",4,0,Licensed,1,3.9,https://brickset.com/sets/40477-1,14.1,19.1,7.1,5702016961249,673419344708,https://images.brickset.com/sets/small/40477-1.jpg,https://images.brickset.com/sets/images/40477-1.jpg
1,true,Box,5,2021,LEGO exclusive,31608,40479,BrickHeadz,Normal,Pets,252,2021-07-20T04:36:25.377Z,Dalmatians,4,0,Licensed,0,3.8,https://brickset.com/sets/40479-1,14.0,15.5,6.9,5702016988420,,https://images.brickset.com/sets/small/40479-1.jpg,https://images.brickset.com/sets/images/40479-1.jpg
1,true,Box,5,2021,Retail,31768,40480,BrickHeadz,Normal,Pets,269,2021-08-31T01:10:11.4Z,Ginger Tabby,2,0,Licensed,0,4.2,https://brickset.com/sets/40480-1,14.1,15.7,7.1,5702016988628,673419345750,https://images.brickset.com/sets/small/40480-1.jpg,https://images.brickset.com/sets/images/40480-1.jpg
1,true,Box,5,2021,Retail,31769,40481,BrickHeadz,Normal,Pets,219,2021-08-31T01:10:44.26Z,Cockatiel,2,0,Licensed,0,3.6,https://brickset.com/sets/40481-1,14.1,15.7,7.1,5702016988369,673419345767,https://images.brickset.com/sets/small/40481-1.jpg,https://images.brickset.com/sets/images/40481-1.jpg
1,true,Box,5,2021,Retail,31770,40482,BrickHeadz,Normal,Pets,243,2021-08-31T01:11:20.553Z,Hamster,2,0,Licensed,0,3.9,https://brickset.com/sets/40482-1,14.1,15.7,7.1,5702016988635,673419345330,https://images.brickset.com/sets/small/40482-1.jpg,https://images.brickset.com/sets/images/40482-1.jpg
1,true,Box,2,2021,LEGO exclusive,31609,40490,BrickHeadz,Normal,Ninjago,406,2023-06-09T08:09:51.203Z,NINJAGO 10,6,0,Licensed,0,3.5,https://brickset.com/sets/40490-1,14.1,26.2,9.1,5702017006079,673419346474,https://images.brickset.com/sets/small/40490-1.jpg,https://images.brickset.com/sets/images/40490-1.jpg
1,true,Box,5,2021,LEGO exclusive,31771,40492,BrickHeadz,Normal,Seasonal,141,2021-09-28T22:01:11.883Z,La Catrina,2,0,Licensed,0,4.2,https://brickset.com/sets/40492-1,12.2,9.1,7.8,5702017005911,673419345835,https://images.brickset.com/sets/small/40492-1.jpg,https://images.brickset.com/sets/images/40492-1.jpg
1,true,Box,5,2021,Retail,30934,40495,BrickHeadz,Normal,Wizarding World,466,2021-06-01T02:26:33.787Z,"Harry, Hermione, Ron & Hagrid",8,0,Licensed,0,3.8,https://brickset.com/sets/40495-1,14.1,26.2,7.2,5702016995985,673419345545,https://images.brickset.com/sets/small/40495-1.jpg,https://images.brickset.com/sets/images/40495-1.jpg
1,true,Box,5,2021,Retail,30935,40496,BrickHeadz,Normal,Wizarding World,344,2021-06-01T02:26:34.973Z,"Voldemort, Nagini & Bellatrix",6,0,Licensed,0,4.1,https://brickset.com/sets/40496-1,14.1,26.2,7.2,5702016996012,,https://images.brickset.com/sets/small/40496-1.jpg,https://images.brickset.com/sets/images/40496-1.jpg
1,true,Box,5,2022,Retail,32243,40539,BrickHeadz,Normal,Star Wars,164,2022-01-04T18:44:34.643Z,Ahsoka Tano,2,0,Licensed,2,4.0,https://brickset.com/sets/40539-1,12.2,9.1,7.8,5702017166902,673419359719,https://images.brickset.com/sets/small/40539-1.jpg,https://images.brickset.com/sets/images/40539-1.jpg
1,true,Box,5,2022,LEGO exclusive,32246,40540,BrickHeadz,Normal,Seasonal,239,2022-02-08T22:22:57.99Z,Lion Dance Guy,2,0,Licensed,0,4.1,https://brickset.com/sets/40540-1,12.2,14.1,6.1,5702017166919,673419359726,https://images.brickset.com/sets/small/40540-1.jpg,https://images.brickset.com/sets/images/40540-1.jpg
1,true,Box,12,2022,Retail,32465,40541,BrickHeadz,Normal,Go Brick Me,530,2022-08-24T21:36:48.78Z,Manchester United Go Brick Me,2,0,Licensed,0,3.3,https://brickset.com/sets/40541-1,19.1,26.2,7.2,5702017166926,673419359733,https://images.brickset.com/sets/small/40541-1.jpg,https://images.brickset.com/sets/images/40541-1.jpg
1,true,Box,12,2022,Retail,32464,40542,BrickHeadz,Normal,Go Brick Me,530,2022-06-19T08:19:48.563Z,FC Barcelona Go Brick Me,2,0,Licensed,0,3.6,https://brickset.com/sets/40542-1,19.1,26.2,7.2,5702017241760,673419365345,https://images.brickset.com/sets/small/40542-1.jpg,https://images.brickset.com/sets/images/40542-1.jpg
1,true,Box,3,2022,LEGO exclusive,32245,40543,BrickHeadz,Normal,Pets,236,2022-02-08T22:24:16.317Z,St. Bernard,2,0,Licensed,0,3.7,https://brickset.com/sets/40543-1,14.1,15.7,7.1,5702017166933,673419359740,https://images.brickset.com/sets/small/40543-1.jpg,https://images.brickset.com/sets/images/40543-1.jpg
1,true,Box,5,2022,LEGO exclusive,32244,40544,BrickHeadz,Normal,Pets,237,2022-02-08T22:25:04.25Z,French Bulldog,2,0,Licensed,0,3.9,https://brickset.com/sets/40544-1,14.1,15.7,7.1,5702017166940,673419359757,https://images.brickset.com/sets/small/40544-1.jpg,https://images.brickset.com/sets/images/40544-1.jpg
1,true,Box,7,2022,LEGO exclusive,32463,40545,BrickHeadz,Normal,Pets,203,2022-08-11T03:46:18.9Z,Koi Fish,2,0,Licensed,0,4.0,https://brickset.com/sets/40545-1,14.0,15.7,7.0,5702017241777,,https://images.brickset.com/sets/small/40545-1.jpg,https://images.brickset.com/sets/images/40545-1.jpg
1,true,Box,7,2022,LEGO exclusive,32462,40546,BrickHeadz,Normal,Pets,304,2022-08-11T03:47:32.56Z,Poodles,2,0,Licensed,0,3.8,https://brickset.com/sets/40546-1,14.0,15.7,7.0,5702017241784,,https://images.brickset.com/sets/small/40546-1.jpg,https://images.brickset.com/sets/images/40546-1.jpg
1,true,Box,8,2022,Retail,32461,40547,BrickHeadz,Normal,Star Wars,260,2022-08-08T13:31:19.643Z,Obi-Wan Kenobi & Darth Vader,4,0,Licensed,0,4.0,https://brickset.com/sets/40547-1,14.1,19.1,7.1,5702017241791,673419365888,https://images.brickset.com/sets/small/40547-1.jpg,https://images.brickset.com/sets/images/40547-1.jpg
1,true,Box,6,2022,LEGO exclusive,32497,40548,BrickHeadz,Normal,Miscellaneous,578,2022-02-28T18:02:17.43Z,Spice Girls Tribute,10,0,Licensed,0,3.9,https://brickset.com/sets/40548-1,19.1,35.4,7.0,5702017166957,673419359764,https://images.brickset.com/sets/small/40548-1.jpg,https://images.brickset.com/sets/images/40548-1.jpg
1,true,Box,6,2022,Retail,32279,40549,BrickHeadz,Normal,Stranger Things,192,2022-01-19T13:43:44.21Z,Demogorgon & Eleven,4,0,Licensed,0,4.1,https://brickset.com/sets/40549-1,14.1,19.1,7.1,5702017166964,,https://images.brickset.com/sets/small/40549-1.jpg,https://images.brickset.com/sets/images/40549-1.jpg
1,true,Box,7,2022,Retail,32478,40550,BrickHeadz,Normal,Disney,226,2022-02-28T18:02:20.26Z,Chip & Dale,4,0,Licensed,0,4.0,https://brickset.com/sets/40550-1,14.1,19.1,7.1,5702017166971,673419359788,https://images.brickset.com/sets/small/40550-1.jpg,https://images.brickset.com/sets/images/40550-1.jpg
1,true,Box,4,2022,Retail,32271,40552,BrickHeadz,Normal,Disney,114,2022-01-04T18:49:49.023Z,Buzz Lightyear,2,0,Licensed,0,4.0,https://brickset.com/sets/40552-1,12.2,9.1,7.8,5702017166995,,https://images.brickset.com/sets/small/40552-1.jpg,https://images.brickset.com/sets/images/40552-1.jpg
1,true,Box,6,2022,Retail,32272,40553,BrickHeadz,Normal,Disney,296,2022-01-19T13:43:10.603Z,Woody and Bo Peep,4,0,Licensed,0,4.3,https://brickset.com/sets/40553-1,14.1,19.1,9.1,5702017167008,673419359818,https://images.brickset.com/sets/small/40553-1.jpg,https://images.brickset.com/sets/images/40553-1.jpg
1,true,Box,10,2022,Retail,33901,40554,BrickHeadz,Normal,Avatar,246,2023-01-02T10:43:06.523Z,Jake Sully & his Avatar,4,0,Licensed,0,4.1,https://brickset.com/sets/40554-1,14.1,19.1,6.1,5702017241807,673419365895,https://images.brickset.com/sets/small/40554-1.jpg,https://images.brickset.com/sets/images/40554-1.jpg
1,true,Box,6,2022,Retail,32397,40559,BrickHeadz,Normal,Looney Tunes,205,2022-01-04T21:28:55.22Z,Road Runner & Wile E. Coyote,4,0,Licensed,0,4.0,https://brickset.com/sets/40559-1,14.1,19.1,6.1,5702017174594,,https://images.brickset.com/sets/small/40559-1.jpg,https://images.brickset.com/sets/images/40559-1.jpg
1,true,Box,7,2022,Retail,33739,40560,BrickHeadz,Normal,Wizarding World,601,2022-05-31T21:47:41.167Z,Professors of Hogwarts,8,0,Licensed,0,4.0,https://brickset.com/sets/40560-1,19.1,35.4,7.0,5702017241616,673419365598,https://images.brickset.com/sets/small/40560-1.jpg,https://images.brickset.com/sets/images/40560-1.jpg
1,true,Box,5,2023,Retail,34274,40615,BrickHeadz,Normal,Star Wars,152,2023-03-07T06:46:17.293Z,Tusken Raider,3,0,Licensed,1,4.1,https://brickset.com/sets/40615-1,12.2,9.1,7.8,5702017424002,673419378062,https://images.brickset.com/sets/small/40615-1.jpg,https://images.brickset.com/sets/images/40615-1.jpg
1,true,Box,4,2023,Retail,47059,40616,BrickHeadz,Normal,Wizarding World,267,2023-05-03T07:30:36.957Z,Harry Potter & Cho Chang,5,0,Licensed,0,3.9,https://brickset.com/sets/40616-1,14.1,19.1,6.1,5702017471259,673419382298,https://images.brickset.com/sets/small/40616-1.jpg,https://images.brickset.com/sets/images/40616-1.jpg
1,true,Box,4,2023,Retail,47060,40617,BrickHeadz,Normal,Wizarding World,262,2023-05-03T07:28:45.807Z,Draco Malfoy & Cedric Diggory,5,0,Licensed,0,4.0,https://brickset.com/sets/40617-1,14.1,19.1,6.1,5702017471266,673419382304,https://images.brickset.com/sets/small/40617-1.jpg,https://images.brickset.com/sets/images/40617-1.jpg
1,true,Box,4,2023,Retail,47061,40618,BrickHeadz,Normal,Wizarding World,250,2023-05-03T07:29:21.773Z,Kingsley Shacklebolt & Nymphadora Tonks,5,0,Licensed,0,4.0,https://brickset.com/sets/40618-1,14.1,19.1,6.1,5702017471471,673419382311,https://images.brickset.com/sets/small/40618-1.jpg,https://images.brickset.com/sets/images/40618-1.jpg
1,true,Box,5,2023,Retail,34480,40619,BrickHeadz,Normal,Disney,155,2023-03-07T06:45:11.743Z,EVE & WALL-E,5,0,Licensed,0,4.2,https://brickset.com/sets/40619-1,14.1,19.1,4.6,5702017424019,673419378079,https://images.brickset.com/sets/small/40619-1.jpg,https://images.brickset.com/sets/images/40619-1.jpg
1,true,Box,7,2023,Retail,34481,40620,BrickHeadz,Normal,Disney,320,2023-03-07T06:43:46.96Z,Cruella & Maleficent,5,0,Licensed,0,4.0,https://brickset.com/sets/40620-1,14.1,19.1,7.1,5702017424026,673419378086,https://images.brickset.com/sets/small/40620-1.jpg,https://images.brickset.com/sets/images/40620-1.jpg
1,true,Box,7,2023,Retail,34482,40621,BrickHeadz,Normal,Disney,410,2023-03-07T06:45:28.44Z,Moana & Merida,5,0,Licensed,0,4.0,https://brickset.com/sets/40621-1,14.1,19.1,9.1,5702017424033,673419378093,https://images.brickset.com/sets/small/40621-1.jpg,https://images.brickset.com/sets/images/40621-1.jpg
1,true,Box,5,2023,LEGO exclusive,34436,40622,BrickHeadz,Normal,Disney,501,2023-03-02T06:35:32.2Z,Disney 100th Celebration,28,0,Licensed,0,4.0,https://brickset.com/sets/40622-1,19.1,26.2,7.2,5702017424040,673419378109,https://images.brickset.com/sets/small/40622-1.jpg,https://images.brickset.com/sets/images/40622-1.jpg
1,true,Box,4,2023,Retail,44604,40623,BrickHeadz,Normal,Star Wars,549,2023-04-19T01:53:25.537Z,Battle of Endor Heroes,10,0,Licensed,1,3.9,https://brickset.com/sets/40623-1,19.1,35.4,5.9,5702017424057,673419378116,https://images.brickset.com/sets/small/40623-1.jpg,https://images.brickset.com/sets/images/40623-1.jpg
1,true,Box,5,2023,Retail,34570,40624,BrickHeadz,Normal,Minecraft,86,2023-03-11T09:14:06.9Z,Alex,2,0,Licensed,0,3.8,https://brickset.com/sets/40624-1,12.2,9.1,7.8,5702017424064,673419378123,https://images.brickset.com/sets/small/40624-1.jpg,https://images.brickset.com/sets/images/40624-1.jpg
1,true,Box,5,2023,Retail,34571,40625,BrickHeadz,Normal,Minecraft,100,2023-03-11T09:13:29.983Z,Llama,2,0,Licensed,0,4.2,https://brickset.com/sets/40625-1,12.2,9.1,7.8,5702017414492,673419373869,https://images.brickset.com/sets/small/40625-1.jpg,https://images.brickset.com/sets/images/40625-1.jpg
1,true,Box,5,2023,Retail,34572,40626,BrickHeadz,Normal,Minecraft,81,2023-03-11T09:14:31.84Z,Zombie,2,0,Licensed,0,4.0,https://brickset.com/sets/40626-1,12.2,9.1,7.8,5702017423791,673419377799,https://images.brickset.com/sets/small/40626-1.jpg,https://images.brickset.com/sets/images/40626-1.jpg
1,true,Box,4,2023,Retail,47233,40627,BrickHeadz,Normal,Sonic the Hedgehog,139,2023-07-22T09:34:27.667Z,Sonic the Hedgehog,3,0,Licensed,0,4.1,https://brickset.com/sets/40627-1,12.2,9.1,7.8,5702017471488,673419382328,https://images.brickset.com/sets/small/40627-1.jpg,https://images.brickset.com/sets/images/40627-1.jpg
1,true,Box,4,2023,Retail,47234,40628,BrickHeadz,Normal,Sonic the Hedgehog,131,2023-07-24T20:54:52.817Z,Miles 'Tails' Prower,3,0,Licensed,0,3.8,https://brickset.com/sets/40628-1,12.2,9.1,7.8,5702017471495,673419382335,https://images.brickset.com/sets/small/40628-1.jpg,https://images.brickset.com/sets/images/40628-1.jpg
1,true,Box,4,2023,Retail,34348,40630,BrickHeadz,Normal,The Lord of the Rings,184,2023-03-04T09:25:21.647Z,Frodo & Gollum,5,0,Licensed,0,3.7,https://brickset.com/sets/40630-1,14.1,19.1,6.1,5702017423807,673419377805,https://images.brickset.com/sets/small/40630-1.jpg,https://images.brickset.com/sets/images/40630-1.jpg
1,true,Box,4,2023,Retail,34352,40631,BrickHeadz,Normal,The Lord of the Rings,348,2023-01-02T10:47:33.74Z,Gandalf the Grey & Balrog,5,0,Licensed,0,4.2,https://brickset.com/sets/40631-1,14.1,19.1,7.1,5702017423814,673419377812,https://images.brickset.com/sets/small/40631-1.jpg,https://images.brickset.com/sets/images/40631-1.jpg
1,true,Box,4,2023,Retail,34320,40632,BrickHeadz,Normal,The Lord of the Rings,261,2023-01-02T10:47:08.737Z,Aragorn & Arwen,5,0,Licensed,0,4.0,https://brickset.com/sets/40632-1,14.1,19.1,7.1,5702017423821,673419377829,https://images.brickset.com/sets/small/40632-1.jpg,https://images.brickset.com/sets/images/40632-1.jpg
1,true,Box,3,2024,Retail,48973,40668,BrickHeadz,Normal,Marvel Super Heroes,202,2025-03-27T22:55:38.997Z,Captain America & Red Hulk,4,0,Licensed,0,3.8,https://brickset.com/sets/40668-1,0.0,0.0,0.0,5702017598581,673419393799,https://images.brickset.com/sets/small/40668-1.jpg,https://images.brickset.com/sets/images/40668-1.jpg
1,true,Box,3,2024,Retail,48974,40669,BrickHeadz,Normal,Marvel Super Heroes,101,2024-09-13T17:29:54.63Z,Iron Man MK5,2,0,Licensed,0,3.9,https://brickset.com/sets/40669-1,12.2,9.1,7.8,5702017598598,673419393805,https://images.brickset.com/sets/small/40669-1.jpg,https://images.brickset.com/sets/images/40669-1.jpg
1,true,Box,4,2024,Retail,48851,40670,BrickHeadz,Normal,Marvel Super Heroes,91,2024-01-02T19:12:47.597Z,Iron Spider-Man,2,0,Licensed,0,3.8,https://brickset.com/sets/40670-1,12.2,9.1,7.8,5702017596020,673419391511,https://images.brickset.com/sets/small/40670-1.jpg,https://images.brickset.com/sets/images/40670-1.jpg
1,true,Box,4,2024,Retail,48852,40671,BrickHeadz,Normal,Marvel Super Heroes,113,2024-01-02T19:16:44.933Z,Potted Groot,2,0,Licensed,0,3.9,https://brickset.com/sets/40671-1,12.2,9.1,7.8,5702017596037,673419391528,https://images.brickset.com/sets/small/40671-1.jpg,https://images.brickset.com/sets/images/40671-1.jpg
1,true,Box,4,2024,Retail,48806,40672,BrickHeadz,Normal,Sonic the Hedgehog,298,2025-11-11T19:13:46.21Z,Sonic the Hedgehog: Knuckles & Shadow,4,0,Licensed,0,3.9,https://brickset.com/sets/40672-1,14.1,19.1,6.1,5702017595818,673419392020,https://images.brickset.com/sets/small/40672-1.jpg,https://images.brickset.com/sets/images/40672-1.jpg
1,true,Box,4,2024,LEGO exclusive,48644,40673,BrickHeadz,Normal,Disney,120,2024-01-14T20:35:35.87Z,Spring Festival Mickey Mouse,2,0,Licensed,0,4.2,https://brickset.com/sets/40673-1,12.2,9.1,5.9,5702017596723,673419393034,https://images.brickset.com/sets/small/40673-1.jpg,https://images.brickset.com/sets/images/40673-1.jpg
1,true,Box,4,2024,Retail,48692,40674,BrickHeadz,Normal,Disney,152,2024-01-02T19:19:00.17Z,Stitch,2,0,Licensed,1,4.0,https://brickset.com/sets/40674-1,12.2,9.1,5.9,5702017595825,673419392037,https://images.brickset.com/sets/small/40674-1.jpg,https://images.brickset.com/sets/images/40674-1.jpg
1,true,Box,4,2024,Retail,48814,40675,BrickHeadz,Normal,Star Wars,147,2024-06-17T21:07:03.883Z,Clone Commander Cody,2,0,Licensed,0,4.0,https://brickset.com/sets/40675-1,12.2,9.1,7.8,5702017597089,673419392822,https://images.brickset.com/sets/small/40675-1.jpg,https://images.brickset.com/sets/images/40675-1.jpg
1,true,Box,5,2024,LEGO exclusive,48858,40676,BrickHeadz,Normal,Star Wars,732,2024-09-13T17:32:05.827Z,The Phantom Menace,12,0,Licensed,0,4.0,https://brickset.com/sets/40676-1,19.1,35.4,7.0,5702017597096,673419392839,https://images.brickset.com/sets/small/40676-1.jpg,https://images.brickset.com/sets/images/40676-1.jpg
1,true,Box,2,2024,Retail,48859,40677,BrickHeadz,Normal,Wizarding World,697,2024-01-31T17:52:28.107Z,Prisoner of Azkaban Figures,10,0,Licensed,0,4.2,https://brickset.com/sets/40677-1,19.1,35.4,7.0,5702017597072,673419392815,https://images.brickset.com/sets/small/40677-1.jpg,https://images.brickset.com/sets/images/40677-1.jpg
1,true,Box,10,2024,LEGO exclusive,50410,40726,BrickHeadz,Collection,DC Comics Super Heroes,325,2024-09-13T17:34:28.3Z,Limited Edition Batman 85th Anniversary,0,0,Licensed,1,4.0,https://brickset.com/sets/40726-1,0.0,0.0,0.0,,,https://images.brickset.com/sets/small/40726-1.jpg,https://images.brickset.com/sets/images/40726-1.jpg
1,true,Box,3,2024,LEGO Gift with Purchase,50437,40728,BrickHeadz,Normal,Fortnite,151,2026-08-06T23:09:04.803Z,Brite Bomber,2,0,Licensed,1,3.8,https://brickset.com/sets/40728-1,14.0,12.0,6.0,5702017598741,673419393959,https://images.brickset.com/sets/small/40728-1.jpg,https://images.brickset.com/sets/images/40728-1.jpg
1,true,Box,12,2024,Retail,48972,40748,BrickHeadz,Normal,DC Comics Super Heroes,325,2025-01-22T08:39:01.353Z,Batman 8 in 1 ,2,0,Licensed,0,3.9,https://brickset.com/sets/40748-1,19.1,14.1,9.1,5702017652887,673419398350,https://images.brickset.com/sets/small/40748-1.jpg,https://images.brickset.com/sets/images/40748-1.jpg
1,true,Box,6,2024,Retail,50206,40749,BrickHeadz,Normal,Disney,300,2024-09-13T17:30:36.98Z,"Joy, Sadness & Anxiety",6,0,Licensed,0,3.8,https://brickset.com/sets/40749-1,14.1,19.1,7.1,5702017652894,673419398367,https://images.brickset.com/sets/small/40749-1.jpg,https://images.brickset.com/sets/images/40749-1.jpg
1,true,Box,4,2024,Retail,49012,40750,BrickHeadz,Normal,Wednesday,239,2024-09-13T14:55:05.803Z,Wednesday & Enid,4,0,Licensed,0,4.0,https://brickset.com/sets/40750-1,0.0,0.0,0.0,5702017652900,673419398374,https://images.brickset.com/sets/small/40750-1.jpg,https://images.brickset.com/sets/images/40750-1.jpg
1,true,Box,4,2024,Retail,48940,40751,BrickHeadz,Normal,The Lord of the Rings,297,2024-09-13T17:28:11.947Z,Legolas & Gimli,4,0,Licensed,0,4.4,https://brickset.com/sets/40751-1,14.1,19.1,6.1,5702017652917,673419398381,https://images.brickset.com/sets/small/40751-1.jpg,https://images.brickset.com/sets/images/40751-1.jpg
1,true,Box,7,2024,Retail,48936,40752,BrickHeadz,Normal,Disney,308,2024-09-13T17:28:51.263Z,"Carl, Russell & Kevin",6,0,Licensed,0,4.0,https://brickset.com/sets/40752-1,14.1,19.1,9.1,5702017652924,673419398398,https://images.brickset.com/sets/small/40752-1.jpg,https://images.brickset.com/sets/images/40752-1.jpg
1,true,Box,4,2024,Retail,48937,40753,BrickHeadz,Normal,Disney,179,2024-09-13T17:29:27.453Z,Mirabel Madrigal,2,0,Licensed,0,4.0,https://brickset.com/sets/40753-1,14.1,12.2,6.1,5702017652931,673419398404,https://images.brickset.com/sets/small/40753-1.jpg,https://images.brickset.com/sets/images/40753-1.jpg
1,true,Box,5,2025,LEGO Gift with Purchase,51595,40760,BrickHeadz,Normal,Fortnite,258,2026-08-06T22:31:21.33Z,Adventure Peely & Cuddle Team Leader,4,0,Licensed,0,3.4,https://brickset.com/sets/40760-1,14.1,19.1,7.1,5702017830209,673419408660,https://images.brickset.com/sets/small/40760-1.jpg,https://images.brickset.com/sets/images/40760-1.jpg
1,true,Box,9,2025,LEGO exclusive,51623,40791,BrickHeadz,Normal,Wizarding World,671,2025-08-05T11:38:08.003Z,The Goblet of Fire Figures,10,0,Licensed,0,4.0,https://brickset.com/sets/40791-1,19.1,35.4,9.1,5702017829890,673419408530,https://images.brickset.com/sets/small/40791-1.jpg,https://images.brickset.com/sets/images/40791-1.jpg
1,true,Box,5,2025,LEGO exclusive,50825,40792,BrickHeadz,Normal,Disney,176,2025-01-03T21:28:18.737Z,Dumbo,2,0,Licensed,0,4.1,https://brickset.com/sets/40792-1,14.1,12.2,6.1,5702017830285,673419408738,https://images.brickset.com/sets/small/40792-1.jpg,https://images.brickset.com/sets/images/40792-1.jpg
1,true,Box,5,2025,LEGO exclusive,50824,40793,BrickHeadz,Normal,Tom & Jerry,212,2025-11-11T19:47:39.917Z,Tom & Jerry Figures,4,0,Licensed,1,4.2,https://brickset.com/sets/40793-1,14.0,18.9,6.0,5702017802169,673419403054,https://images.brickset.com/sets/small/40793-1.jpg,https://images.brickset.com/sets/images/40793-1.jpg
1,true,Box,7,2025,LEGO exclusive,51589,40794,BrickHeadz,Normal,Wicked,325,2025-11-11T19:04:55.6Z,Elphaba & Glinda Figures,4,0,Licensed,0,3.9,https://brickset.com/sets/40794-1,14.1,19.1,9.1,5702017829906,673419408547,https://images.brickset.com/sets/small/40794-1.jpg,https://images.brickset.com/sets/images/40794-1.jpg
1,true,Box,6,2025,LEGO exclusive,51184,40795,BrickHeadz,Normal,Star Wars,138,2025-09-10T09:57:59.747Z,Luke Skywalker (Rebel Pilot),2,0,Licensed,0,4.2,https://brickset.com/sets/40795-1,14.1,12.2,6.1,5702017830292,673419408745,https://images.brickset.com/sets/small/40795-1.jpg,https://images.brickset.com/sets/images/40795-1.jpg
1,true,Box,7,2025,LEGO exclusive,51235,40796,BrickHeadz,Normal,Star Wars,656,2025-04-15T17:58:34.77Z,Revenge of the Sith Heroes & Villains,10,0,Licensed,0,4.0,https://brickset.com/sets/40796-1,19.1,35.4,7.0,5702017830308,673419408752,https://images.brickset.com/sets/small/40796-1.jpg,https://images.brickset.com/sets/images/40796-1.jpg
1,true,Box,7,2025,LEGO exclusive,50826,40797,BrickHeadz,Normal,Disney,156,2025-01-03T21:28:45.273Z,Eeyore,2,0,Licensed,1,4.1,https://brickset.com/sets/40797-1,14.1,12.2,6.1,5702017830315,673419408769,https://images.brickset.com/sets/small/40797-1.jpg,https://images.brickset.com/sets/images/40797-1.jpg
1,true,Box,5,2025,LEGO exclusive,50827,40798,BrickHeadz,Normal,Disney,121,2025-01-03T21:29:10.147Z,Red Panda Mei,2,0,Licensed,0,3.9,https://brickset.com/sets/40798-1,14.1,12.2,6.1,5702017830537,673419408776,https://images.brickset.com/sets/small/40798-1.jpg,https://images.brickset.com/sets/images/40798-1.jpg
1,true,Box,7,2025,LEGO exclusive,51475,40799,BrickHeadz,Normal,One Piece,136,2025-11-11T19:06:19.02Z,Monkey D. Luffy Figure,2,0,Licensed,0,4.0,https://brickset.com/sets/40799-1,14.1,12.2,6.1,5702017829913,673419408554,https://images.brickset.com/sets/small/40799-1.jpg,https://images.brickset.com/sets/images/40799-1.jpg
1,true,Box,6,2025,LEGO exclusive,51476,40800,BrickHeadz,Normal,One Piece,176,2025-11-11T19:07:08.52Z,Buggy the Clown Figure,2,0,Licensed,0,4.1,https://brickset.com/sets/40800-1,14.1,12.2,6.1,5702017829920,673419408578,https://images.brickset.com/sets/small/40800-1.jpg,https://images.brickset.com/sets/images/40800-1.jpg
1,true,Box,7,2025,LEGO exclusive,51590,40801,BrickHeadz,Normal,Stranger Things,542,2025-11-11T19:08:04.32Z,"Mike, Dustin, Lucas and Will Figures",8,0,Licensed,0,4.4,https://brickset.com/sets/40801-1,0.0,0.0,0.0,5702017829937,673419408585,https://images.brickset.com/sets/small/40801-1.jpg,https://images.brickset.com/sets/images/40801-1.jpg
1,true,Box,7,2025,LEGO exclusive,51624,40802,BrickHeadz,Normal,Wizarding World,292,2025-11-11T19:11:36.343Z,Luna Lovegood & Thestral Figures,4,0,Licensed,0,4.0,https://brickset.com/sets/40802-1,14.1,19.1,7.1,5702017829944,673419408592,https://images.brickset.com/sets/small/40802-1.jpg,https://images.brickset.com/sets/images/40802-1.jpg
1,true,Box,7,2025,LEGO exclusive,51165,40803,BrickHeadz,Normal,Transformers,237,2025-02-13T01:07:28.483Z,Optimus Prime Robot & Vehicle,4,0,Licensed,0,4.0,https://brickset.com/sets/40803-1,14.1,19.1,6.1,5702017830544,673419408783,https://images.brickset.com/sets/small/40803-1.jpg,https://images.brickset.com/sets/images/40803-1.jpg
1,true,Box,6,2025,LEGO exclusive,51166,40804,BrickHeadz,Normal,Transformers,253,2025-02-13T01:07:49.2Z,Bumblebee Robot & Vehicle,4,0,Licensed,0,4.4,https://brickset.com/sets/40804-1,14.1,19.1,6.1,5702017830551,673419408790,https://images.brickset.com/sets/small/40804-1.jpg,https://images.brickset.com/sets/images/40804-1.jpg
1,true,Box,8,2026,LEGO exclusive,52469,40856,BrickHeadz,Normal,Star Wars,661,2026-04-23T18:14:34.623Z,The Mandalorian and Grogu: Allies & Villains,10,0,Licensed,0,4.1,https://brickset.com/sets/40856-1,19.1,35.4,7.0,5702018071021,673419425650,https://images.brickset.com/sets/small/40856-1.jpg,https://images.brickset.com/sets/images/40856-1.jpg
1,true,Box,8,2026,LEGO exclusive,52982,40858,BrickHeadz,Normal,SpongeBob SquarePants,72,2026-08-20T23:47:28.293Z,SpongeBob SquarePants Figure,2,0,Licensed,0,0.0,https://brickset.com/sets/40858-1,0.0,0.0,0.0,5702018071236,673419425964,https://images.brickset.com/sets/small/40858-1.jpg,https://images.brickset.com/sets/images/40858-1.jpg
1,true,Box,12,2026,LEGO exclusive,52983,40859,BrickHeadz,Normal,DC Comics Super Heroes,218,2026-08-21T00:43:52Z,Golden Age Superman and Batman,4,0,Licensed,0,0.0,https://brickset.com/sets/40859-1,0.0,0.0,0.0,5702018071243,673419425971,https://images.brickset.com/sets/small/40859-1.jpg,https://images.brickset.com/sets/images/40859-1.jpg
1,true,Box,11,2026,LEGO exclusive,52761,40860,BrickHeadz,Normal,Disney,528,2026-07-14T17:41:22.237Z,Toy Story,8,0,Licensed,0,0.0,https://brickset.com/sets/40860-1,19.1,35.4,7.0,5702018071250,673419425988,https://images.brickset.com/sets/small/40860-1.jpg,https://images.brickset.com/sets/images/40860-1.jpg
1,true,Box,10,2026,LEGO exclusive,52430,40861,BrickHeadz,Normal,Disney,303,2026-02-25T20:54:06.317Z,"Sulley, Mike and Boo Figures",6,0,Licensed,0,3.7,https://brickset.com/sets/40861-1,14.1,19.1,7.1,5702018071045,673419425674,https://images.brickset.com/sets/small/40861-1.jpg,https://images.brickset.com/sets/images/40861-1.jpg
1,true,Box,11,2026,LEGO exclusive,52437,40878,BrickHeadz,Normal,Teenage Mutant Ninja Turtles,567,2026-02-25T20:55:47.387Z,Teenage Mutant Ninja Turtles Figures,8,0,Licensed,0,3.8,https://brickset.com/sets/40878-1,19.1,26.2,7.2,5702018071083,673419425711,https://images.brickset.com/sets/small/40878-1.jpg,https://images.brickset.com/sets/images/40878-1.jpg
1,true,Box,10,2026,Retail,51659,40879,BrickHeadz,Normal,Stranger Things,584,2026-02-25T20:57:09.443Z,"Eleven, Max, Demogorgon and Holly Figures",8,0,Licensed,0,4.2,https://brickset.com/sets/40879-1,19.1,35.4,5.9,5702018071090,673419425728,https://images.brickset.com/sets/small/40879-1.jpg,https://images.brickset.com/sets/images/40879-1.jpg
1,true,Box,11,2026,LEGO exclusive,52990,40880,BrickHeadz,Normal,Marvel Super Heroes,467,2026-08-21T00:44:40.02Z,Avengers: Doomsday Heroes & Villain,8,0,Licensed,0,0.0,https://brickset.com/sets/40880-1,19.1,26.2,7.2,5702018071106,673419425735,https://images.brickset.com/sets/small/40880-1.jpg,https://images.brickset.com/sets/images/40880-1.jpg
1,true,Box,9,2026,LEGO exclusive,52431,40881,BrickHeadz,Normal,Fortnite,300,2026-02-25T20:59:01.03Z,Supply Llama & Fishstick,4,0,Licensed,0,4.2,https://brickset.com/sets/40881-1,14.1,19.1,7.1,5702018071113,673419425742,https://images.brickset.com/sets/small/40881-1.jpg,https://images.brickset.com/sets/images/40881-1.jpg
1,true,Box,2,2025,LEGO exclusive,51994,40884,BrickHeadz,Normal,Fortnite,280,2025-09-10T09:18:14.48Z,Drift & Raven,4,0,Licensed,0,4.4,https://brickset.com/sets/40884-1,0.0,0.0,0.0,5702017992860,673419417747,https://images.brickset.com/sets/small/40884-1.jpg,https://images.brickset.com/sets/images/40884-1.jpg
1,true,Box,5,2026,Insiders Reward,51724,40910,BrickHeadz,Normal,Fortnite,288,2026-03-01T22:38:49.97Z,Beef Boss & Skye,4,0,Licensed,0,4.3,https://brickset.com/sets/40910-1,14.1,19.1,7.1,,,https://images.brickset.com/sets/small/40910-1.jpg,https://images.brickset.com/sets/images/40910-1.jpg
1,true,Box,8,2026,LEGO exclusive,52989,40919,BrickHeadz,Normal,Gremlins,230,2026-08-21T00:44:24.637Z,Gremlins: Gizmo and Stripe Figures,4,0,Licensed,0,0.0,https://brickset.com/sets/40919-1,0.0,0.0,0.0,5702018071434,673419426183,https://images.brickset.com/sets/small/40919-1.jpg,https://images.brickset.com/sets/images/40919-1.jpg
1,true,Box,5,2026,LEGO exclusive,51660,40922,BrickHeadz,Normal,Disney,133,2026-02-25T20:59:54.783Z,Angel,2,0,Licensed,0,4.3,https://brickset.com/sets/40922-1,14.1,12.2,6.1,5702018071144,673419425773,https://images.brickset.com/sets/small/40922-1.jpg,https://images.brickset.com/sets/images/40922-1.jpg
1,true,Box,10,2026,Retail,52734,40923,BrickHeadz,Normal,Shrek,259,2026-04-23T21:58:20.823Z,"Shrek, Donkey & Gingy Figures",6,0,Licensed,0,4.0,https://brickset.com/sets/40923-1,14.1,19.1,7.1,5702018071441,673419426190,https://images.brickset.com/sets/small/40923-1.jpg,https://images.brickset.com/sets/images/40923-1.jpg
1,true,Box,12,2026,LEGO exclusive,52742,40924,BrickHeadz,Normal,Transformers,224,2026-07-14T17:43:19.223Z,Megatron Robot & Vehicle,4,0,Licensed,0,4.3,https://brickset.com/sets/40924-1,14.1,19.1,7.1,5702018071458,673419426206,https://images.brickset.com/sets/small/40924-1.jpg,https://images.brickset.com/sets/images/40924-1.jpg
1,true,Box,9,2026,LEGO exclusive,52743,40925,BrickHeadz,Normal,Disney,601,2026-07-14T17:43:12.76Z,Alice in Wonderland,8,0,Licensed,0,4.1,https://brickset.com/sets/40925-1,19.1,35.4,7.0,5702018071465,673419426213,https://images.brickset.com/sets/small/40925-1.jpg,https://images.brickset.com/sets/images/40925-1.jpg
1,true,Box,3,2017,Retail - limited,27592,41485,BrickHeadz,Normal,Star Wars,91,2017-10-06T20:51:28.25Z,Finn,2,0,Licensed,1,3.4,https://brickset.com/sets/41485-1,12.2,9.1,7.8,5702016198973,673419286886,https://images.brickset.com/sets/small/41485-1.jpg,https://images.brickset.com/sets/images/41485-1.jpg
1,true,Box,3,2017,Retail - limited,27591,41486,BrickHeadz,Normal,Star Wars,127,2017-10-06T20:50:45.75Z,Captain Phasma,2,0,Licensed,2,3.5,https://brickset.com/sets/41486-1,12.2,9.1,7.8,5702016198966,673419286893,https://images.brickset.com/sets/small/41486-1.jpg,https://images.brickset.com/sets/images/41486-1.jpg
1,true,Box,3,2017,Retail - limited,27538,41487,BrickHeadz,Normal,Ninjago,102,2024-12-16T08:42:39.513Z,Lloyd,2,0,Licensed,0,3.8,https://brickset.com/sets/41487-1,12.2,9.1,7.8,5702016198980,673419286909,https://images.brickset.com/sets/small/41487-1.jpg,https://images.brickset.com/sets/images/41487-1.jpg
1,true,Box,3,2017,Retail - limited,27539,41488,BrickHeadz,Normal,Ninjago,89,2024-12-16T08:42:49.73Z,Master Wu,2,0,Licensed,1,3.5,https://brickset.com/sets/41488-1,12.2,9.1,7.8,5702016198997,673419286916,https://images.brickset.com/sets/small/41488-1.jpg,https://images.brickset.com/sets/images/41488-1.jpg
1,true,Box,1,2017,Retail - limited,27626,41489,BrickHeadz,Collection,Star Wars,249,2026-08-17T19:15:59.277Z,Rey & Kylo Ren,2,0,Licensed,0,3.9,https://brickset.com/sets/41489-1,14.1,19.1,7.1,,673419286923,https://images.brickset.com/sets/small/41489-1.jpg,https://images.brickset.com/sets/images/41489-1.jpg
1,true,Box,0,2016,Promotional,26375,41490,BrickHeadz,Normal,DC Comics Super Heroes,220,2017-02-15T21:01:48.913Z,Superman & Wonder Woman,0,0,Licensed,0,4.4,https://brickset.com/sets/41490-1,0.0,0.0,0.0,,,https://images.brickset.com/sets/small/41490-1.jpg,https://images.brickset.com/sets/images/41490-1.jpg
1,true,Box,0,2016,Promotional,26374,41491,BrickHeadz,Normal,DC Comics Super Heroes,212,2017-02-15T21:02:11.05Z,Batman & The Joker,0,0,Licensed,0,4.2,https://brickset.com/sets/41491-1,0.0,0.0,0.0,,,https://images.brickset.com/sets/small/41491-1.jpg,https://images.brickset.com/sets/images/41491-1.jpg
1,true,Box,0,2016,Promotional,26377,41492,BrickHeadz,Normal,Marvel Super Heroes,184,2017-02-15T21:02:28.49Z,Iron Man & Captain America,0,0,Licensed,0,3.3,https://brickset.com/sets/41492-1,0.0,0.0,0.0,,,https://images.brickset.com/sets/small/41492-1.jpg,https://images.brickset.com/sets/images/41492-1.jpg
1,true,Box,0,2016,Promotional,26376,41493,BrickHeadz,Normal,Marvel Super Heroes,173,2017-02-15T21:03:27.42Z,Black Panther & Doctor Strange,0,0,Licensed,0,0.0,https://brickset.com/sets/41493-1,0.0,0.0,0.0,,,https://images.brickset.com/sets/small/41493-1.jpg,https://images.brickset.com/sets/images/41493-1.jpg
1,true,Box,0,2017,Promotional,27277,41496,BrickHeadz,Normal,DC Comics Super Heroes,234,2017-07-20T20:40:07.387Z,Supergirl & Martian Manhunter,0,0,Licensed,0,3.9,https://brickset.com/sets/41496-1,0.0,0.0,0.0,,,https://images.brickset.com/sets/small/41496-1.jpg,https://images.brickset.com/sets/images/41496-1.jpg
1,true,Box,0,2017,Promotional,27276,41497,BrickHeadz,Normal,Marvel Super Heroes,144,2017-07-20T20:40:07.927Z,Spider-Man & Venom,0,0,Licensed,0,3.5,https://brickset.com/sets/41497-1,0.0,0.0,0.0,,,https://images.brickset.com/sets/small/41497-1.jpg,https://images.brickset.com/sets/images/41497-1.jpg
1,true,Box,0,2017,Promotional,27574,41498,BrickHeadz,Normal,Star Wars,329,2017-10-06T12:59:52.433Z,Boba Fett and Han Solo in Carbonite,0,0,Licensed,1,4.4,https://brickset.com/sets/41498-1,0.0,0.0,0.0,,,https://images.brickset.com/sets/small/41498-1.jpg,https://images.brickset.com/sets/images/41498-1.jpg
1,true,Box,1,2017,LEGO exclusive,27010,41585,BrickHeadz,Normal,DC Comics Super Heroes,91,2017-02-28T20:45:39.877Z,Batman,2,0,Licensed,2,3.9,https://brickset.com/sets/41585-1,12.192,9.0932,7.7978,,673419264143,https://images.brickset.com/sets/small/41585-1.jpg,https://images.brickset.com/sets/images/41585-1.jpg
1,true,Box,1,2017,LEGO exclusive,27011,41586,BrickHeadz,Normal,DC Comics Super Heroes,99,2017-02-28T20:46:14.403Z,Batgirl,2,0,Licensed,0,3.8,https://brickset.com/sets/41586-1,12.192,9.0932,7.7978,5702015864251,673419267151,https://images.brickset.com/sets/small/41586-1.jpg,https://images.brickset.com/sets/images/41586-1.jpg
1,true,Box,1,2017,LEGO exclusive,27012,41587,BrickHeadz,Normal,DC Comics Super Heroes,101,2017-02-28T20:46:24.247Z,Robin,2,0,Licensed,1,3.8,https://brickset.com/sets/41587-1,12.192,9.0932,7.7978,5702015864268,673419267168,https://images.brickset.com/sets/small/41587-1.jpg,https://images.brickset.com/sets/images/41587-1.jpg
1,true,Box,1,2017,LEGO exclusive,27013,41588,BrickHeadz,Normal,DC Comics Super Heroes,151,2018-11-15T13:23:16.34Z,The Joker,2,0,Licensed,1,4.1,https://brickset.com/sets/41588-1,12.192,9.0932,7.7978,,673419267175,https://images.brickset.com/sets/small/41588-1.jpg,https://images.brickset.com/sets/images/41588-1.jpg
1,true,Box,1,2017,LEGO exclusive,27014,41589,BrickHeadz,Normal,Marvel Super Heroes,79,2017-02-28T20:46:59.43Z,Captain America,2,0,Licensed,1,3.8,https://brickset.com/sets/41589-1,12.192,9.0932,7.7978,,673419267182,https://images.brickset.com/sets/small/41589-1.jpg,https://images.brickset.com/sets/images/41589-1.jpg
1,true,Box,1,2017,LEGO exclusive,27016,41590,BrickHeadz,Normal,Marvel Super Heroes,96,2017-02-28T20:47:11.34Z,Iron Man,2,0,Licensed,2,3.8,https://brickset.com/sets/41590-1,12.192,9.0932,7.7978,,673419267199,https://images.brickset.com/sets/small/41590-1.jpg,https://images.brickset.com/sets/images/41590-1.jpg
1,true,Box,1,2017,LEGO exclusive,27015,41591,BrickHeadz,Normal,Marvel Super Heroes,143,2017-02-28T20:47:22.553Z,Black Widow,2,0,Licensed,1,3.9,https://brickset.com/sets/41591-1,12.192,9.0932,7.7978,,673419267205,https://images.brickset.com/sets/small/41591-1.jpg,https://images.brickset.com/sets/images/41591-1.jpg
1,true,Box,1,2017,LEGO exclusive,27017,41592,BrickHeadz,Normal,Marvel Super Heroes,93,2017-02-28T20:47:32.283Z,The Hulk,2,0,Licensed,2,3.7,https://brickset.com/sets/41592-1,12.192,9.0932,7.7978,,673419267212,https://images.brickset.com/sets/small/41592-1.jpg,https://images.brickset.com/sets/images/41592-1.jpg
1,true,Box,2,2017,LEGO exclusive,27034,41593,BrickHeadz,Normal,Disney,109,2017-03-20T16:13:09.68Z,Captain Jack Sparrow,2,0,Licensed,5,3.8,https://brickset.com/sets/41593-1,12.192,9.0932,7.7978,5702015869034,673419267229,https://images.brickset.com/sets/small/41593-1.jpg,https://images.brickset.com/sets/images/41593-1.jpg
1,true,Box,2,2017,LEGO exclusive,27035,41594,BrickHeadz,Normal,Disney,118,2017-03-20T16:12:53.347Z,Captain Armando Salazar,2,0,Licensed,4,3.6,https://brickset.com/sets/41594-1,12.192,9.0932,7.7978,5702015869041,673419267236,https://images.brickset.com/sets/small/41594-1.jpg,https://images.brickset.com/sets/images/41594-1.jpg
1,true,Box,1,2017,LEGO exclusive,27018,41595,BrickHeadz,Normal,Disney,139,2017-02-28T20:48:33.3Z,Belle,2,0,Licensed,1,4.0,https://brickset.com/sets/41595-1,12.192,9.0932,7.7978,5702015869058,673419267243,https://images.brickset.com/sets/small/41595-1.jpg,https://images.brickset.com/sets/images/41595-1.jpg
1,true,Box,1,2017,LEGO exclusive,27019,41596,BrickHeadz,Normal,Disney,116,2017-02-28T20:48:45.417Z,Beast,2,0,Licensed,4,3.8,https://brickset.com/sets/41596-1,12.192,9.0932,7.7978,,673419267250,https://images.brickset.com/sets/small/41596-1.jpg,https://images.brickset.com/sets/images/41596-1.jpg
1,true,Box,4,2018,Retail,27484,41597,BrickHeadz,Normal,Go Brick Me,708,2022-06-19T08:20:12.867Z,Go Brick Me,2,0,Licensed,6,4.2,https://brickset.com/sets/41597-1,22.2,26.2,9.5,5702016072624,673419279567,https://images.brickset.com/sets/small/41597-1.jpg,https://images.brickset.com/sets/images/41597-1.jpg
1,true,Box,3,2018,Retail,27413,41598,BrickHeadz,Normal,DC Comics Super Heroes,122,2018-01-02T12:20:55.357Z,The Flash,2,0,Licensed,1,3.8,https://brickset.com/sets/41598-1,12.2,9.1,7.8,5702016072631,673419279574,https://images.brickset.com/sets/small/41598-1.jpg,https://images.brickset.com/sets/images/41598-1.jpg
1,true,Box,3,2018,Retail,27414,41599,BrickHeadz,Normal,DC Comics Super Heroes,143,2018-01-02T12:21:15.083Z,Wonder Woman,2,0,Licensed,1,3.9,https://brickset.com/sets/41599-1,12.2,9.1,7.8,5702016072648,,https://images.brickset.com/sets/small/41599-1.jpg,https://images.brickset.com/sets/images/41599-1.jpg
1,true,Box,3,2018,Retail,27689,41600,BrickHeadz,Normal,DC Comics Super Heroes,135,2025-09-10T10:01:22.333Z,Aquaman,2,0,Licensed,1,3.9,https://brickset.com/sets/41600-1,12.2,9.1,7.8,5702016072655,673419279598,https://images.brickset.com/sets/small/41600-1.jpg,https://images.brickset.com/sets/images/41600-1.jpg
1,true,Box,3,2018,Retail,27690,41601,BrickHeadz,Normal,DC Comics Super Heroes,108,2025-09-10T10:01:30.917Z,Cyborg,2,0,Licensed,3,3.8,https://brickset.com/sets/41601-1,12.2,9.1,7.8,5702016072662,673419279604,https://images.brickset.com/sets/small/41601-1.jpg,https://images.brickset.com/sets/images/41601-1.jpg
1,true,Box,3,2018,Retail,27480,41602,BrickHeadz,Normal,Star Wars,119,2018-01-02T12:22:18.343Z,Rey,2,0,Licensed,2,3.7,https://brickset.com/sets/41602-1,12.2,9.1,7.8,5702016074772,,https://images.brickset.com/sets/small/41602-1.jpg,https://images.brickset.com/sets/images/41602-1.jpg
1,true,Box,3,2018,Retail,27481,41603,BrickHeadz,Normal,Star Wars,130,2018-01-02T12:22:33.43Z,Kylo Ren,2,0,Licensed,1,3.9,https://brickset.com/sets/41603-1,12.2,9.1,7.8,5702016077469,,https://images.brickset.com/sets/small/41603-1.jpg,https://images.brickset.com/sets/images/41603-1.jpg
1,true,Box,4,2018,Retail,27406,41604,BrickHeadz,Normal,Marvel Super Heroes,101,2018-03-28T17:24:20.7Z,Iron Man MK50,2,0,Licensed,0,4.0,https://brickset.com/sets/41604-1,12.2,9.1,7.8,5702016111071,673419282680,https://images.brickset.com/sets/small/41604-1.jpg,https://images.brickset.com/sets/images/41604-1.jpg
1,true,Box,4,2018,Retail,27407,41605,BrickHeadz,Normal,Marvel Super Heroes,105,2018-03-28T17:24:18.543Z,Thanos,2,0,Licensed,1,3.9,https://brickset.com/sets/41605-1,12.2,9.1,7.8,5702016111064,673419282673,https://images.brickset.com/sets/small/41605-1.jpg,https://images.brickset.com/sets/images/41605-1.jpg
1,true,Box,4,2018,Retail,27408,41606,BrickHeadz,Normal,Marvel Super Heroes,113,2018-03-28T17:24:17.71Z,Star-Lord,2,0,Licensed,1,3.6,https://brickset.com/sets/41606-1,12.2,9.1,7.8,5702016111033,673419282666,https://images.brickset.com/sets/small/41606-1.jpg,https://images.brickset.com/sets/images/41606-1.jpg
1,true,Box,4,2018,Retail,27409,41607,BrickHeadz,Normal,Marvel Super Heroes,136,2018-03-28T17:24:15.637Z,Gamora,2,0,Licensed,2,3.9,https://brickset.com/sets/41607-1,12.2,9.1,7.8,5702016111002,673419282659,https://images.brickset.com/sets/small/41607-1.jpg,https://images.brickset.com/sets/images/41607-1.jpg
1,true,Box,4,2018,Retail,27482,41608,BrickHeadz,Normal,Star Wars,141,2018-03-28T17:24:13.11Z,Han Solo,2,0,Licensed,2,3.8,https://brickset.com/sets/41608-1,12.2,9.1,7.8,5702016110975,,https://images.brickset.com/sets/small/41608-1.jpg,https://images.brickset.com/sets/images/41608-1.jpg
1,true,Box,4,2018,Retail,27483,41609,BrickHeadz,Normal,Star Wars,149,2018-03-28T17:24:13.11Z,Chewbacca,2,0,Licensed,2,3.6,https://brickset.com/sets/41609-1,12.2,9.1,7.8,5702016110944,673419282536,https://images.brickset.com/sets/small/41609-1.jpg,https://images.brickset.com/sets/images/41609-1.jpg
1,true,Box,2,2018,Retail,28034,41610,BrickHeadz,Normal,DC Comics Super Heroes,209,2020-10-03T11:18:50.673Z,Tactical Batman & Superman,4,0,Licensed,0,4.1,https://brickset.com/sets/41610-1,14.1,19.1,7.1,5702016110937,673419282529,https://images.brickset.com/sets/small/41610-1.jpg,https://images.brickset.com/sets/images/41610-1.jpg
1,true,Box,2,2018,Retail,28033,41611,BrickHeadz,Normal,Back to the Future,240,2020-10-03T11:19:06.02Z,Marty McFly & Doc Brown,4,0,Licensed,1,4.2,https://brickset.com/sets/41611-1,14.1,19.1,7.1,5702016110913,673419282512,https://images.brickset.com/sets/small/41611-1.jpg,https://images.brickset.com/sets/images/41611-1.jpg
1,true,Box,4,2018,Retail,28040,41612,BrickHeadz,Normal,Minecraft,160,2020-10-03T11:19:53.66Z,Steve & Creeper,4,0,Licensed,0,3.9,https://brickset.com/sets/41612-1,14.1,19.1,7.1,5702016110906,,https://images.brickset.com/sets/small/41612-1.jpg,https://images.brickset.com/sets/images/41612-1.jpg
1,true,Box,5,2018,Retail,28028,41613,BrickHeadz,Normal,Disney,160,2020-08-05T19:27:12.05Z,Mr. Incredible & Frozone,4,0,Licensed,0,4.0,https://brickset.com/sets/41613-1,14.1,19.1,7.1,5702016110890,673419282499,https://images.brickset.com/sets/small/41613-1.jpg,https://images.brickset.com/sets/images/41613-1.jpg
1,true,Box,2,2018,Retail,28011,41614,BrickHeadz,Normal,Jurassic World,234,2025-09-10T10:00:10.013Z,Owen & Blue,4,0,Licensed,2,3.9,https://brickset.com/sets/41614-1,14.1,19.1,7.1,5702016110883,,https://images.brickset.com/sets/small/41614-1.jpg,https://images.brickset.com/sets/images/41614-1.jpg
1,true,Box,4,2018,Retail,27786,41615,BrickHeadz,Normal,Wizarding World,180,2018-06-23T16:54:39.27Z,Harry Potter & Hedwig,2,0,Licensed,1,4.0,https://brickset.com/sets/41615-1,12.2,14.1,6.1,5702016110555,673419282468,https://images.brickset.com/sets/small/41615-1.jpg,https://images.brickset.com/sets/images/41615-1.jpg
1,true,Box,4,2018,Retail,27949,41616,BrickHeadz,Normal,Wizarding World,127,2025-09-10T09:59:57.733Z,Hermione Granger,2,0,Licensed,1,3.6,https://brickset.com/sets/41616-1,12.2,9.1,7.8,5702016110548,673419282451,https://images.brickset.com/sets/small/41616-1.jpg,https://images.brickset.com/sets/images/41616-1.jpg
1,true,Box,4,2018,Retail,27950,41617,BrickHeadz,Normal,Disney,130,2018-06-05T23:44:25.797Z,Elsa,2,0,Licensed,1,3.7,https://brickset.com/sets/41617-1,12.2,9.1,7.8,5702016110531,673419282147,https://images.brickset.com/sets/small/41617-1.jpg,https://images.brickset.com/sets/images/41617-1.jpg
1,true,Box,4,2018,Retail,27951,41618,BrickHeadz,Normal,Disney,201,2018-06-05T23:45:29.727Z,Anna & Olaf,2,0,Licensed,1,3.8,https://brickset.com/sets/41618-1,12.2,14.1,6.1,5702016176223,673419291774,https://images.brickset.com/sets/small/41618-1.jpg,https://images.brickset.com/sets/images/41618-1.jpg
1,true,Box,4,2018,Retail,27787,41619,BrickHeadz,Normal,Star Wars,104,2018-05-27T02:49:00.88Z,Darth Vader,2,0,Licensed,6,4.0,https://brickset.com/sets/41619-1,12.2,9.1,7.8,5702016176605,673419292665,https://images.brickset.com/sets/small/41619-1.jpg,https://images.brickset.com/sets/images/41619-1.jpg
1,true,Box,4,2018,Retail,27788,41620,BrickHeadz,Normal,Star Wars,124,2018-05-27T02:50:25.95Z,Stormtrooper,2,0,Licensed,3,4.0,https://brickset.com/sets/41620-1,12.2,9.1,7.8,5702016176612,673419292672,https://images.brickset.com/sets/small/41620-1.jpg,https://images.brickset.com/sets/images/41620-1.jpg
1,true,Box,3,2018,Retail - limited,28085,41621,BrickHeadz,Normal,Wizarding World,245,2018-06-23T16:54:42.277Z,Ron Weasley & Albus Dumbledore,4,0,Licensed,1,4.3,https://brickset.com/sets/41621-1,14.1,19.1,7.1,5702016176629,,https://images.brickset.com/sets/small/41621-1.jpg,https://images.brickset.com/sets/images/41621-1.jpg
1,true,Box,3,2018,Retail,28103,41622,BrickHeadz,Normal,Ghostbusters,228,2020-02-02T00:30:08.87Z,Peter Venkman & Slimer,4,0,Licensed,1,4.2,https://brickset.com/sets/41622-1,14.1,19.1,7.1,5702016176230,673419291781,https://images.brickset.com/sets/small/41622-1.jpg,https://images.brickset.com/sets/images/41622-1.jpg
1,true,Box,3,2018,Retail,28116,41623,BrickHeadz,Normal,Disney,361,2018-06-05T22:52:30.047Z,Ariel & Ursula,4,0,Licensed,0,3.9,https://brickset.com/sets/41623-1,14.1,19.1,7.1,5702016176247,673419291798,https://images.brickset.com/sets/small/41623-1.jpg,https://images.brickset.com/sets/images/41623-1.jpg
1,true,Box,3,2018,Retail,27789,41624,BrickHeadz,Normal,Disney,109,2022-12-09T19:35:45.32Z,Mickey Mouse,2,0,Licensed,1,4.1,https://brickset.com/sets/41624-1,12.2,9.1,7.8,5702016176254,,https://images.brickset.com/sets/small/41624-1.jpg,https://images.brickset.com/sets/images/41624-1.jpg
1,true,Box,3,2018,Retail,27791,41625,BrickHeadz,Normal,Disney,129,2022-12-09T19:36:17.557Z,Minnie Mouse,2,0,Licensed,1,3.9,https://brickset.com/sets/41625-1,12.2,9.1,7.8,5702016176261,,https://images.brickset.com/sets/small/41625-1.jpg,https://images.brickset.com/sets/images/41625-1.jpg
1,true,Box,3,2018,Retail,27952,41626,BrickHeadz,Normal,Marvel Super Heroes,189,2018-10-01T22:57:57.347Z,Groot & Rocket,2,0,Licensed,0,4.0,https://brickset.com/sets/41626-1,12.2,14.1,6.1,5702016176476,673419291828,https://images.brickset.com/sets/small/41626-1.jpg,https://images.brickset.com/sets/images/41626-1.jpg
1,true,Box,4,2018,Retail,27790,41627,BrickHeadz,Normal,Star Wars,215,2018-10-16T00:43:45.357Z,Luke Skywalker & Yoda,2,0,Licensed,1,4.0,https://brickset.com/sets/41627-1,12.2,14.1,6.1,5702016176483,673419291835,https://images.brickset.com/sets/small/41627-1.jpg,https://images.brickset.com/sets/images/41627-1.jpg
1,true,Box,3,2018,Retail,27953,41628,BrickHeadz,Normal,Star Wars,124,2025-09-10T09:58:47.61Z,Princess Leia Organa,2,0,Licensed,1,4.0,https://brickset.com/sets/41628-1,12.2,9.1,7.8,5702016176490,,https://images.brickset.com/sets/small/41628-1.jpg,https://images.brickset.com/sets/images/41628-1.jpg
1,true,Box,3,2018,Retail,27954,41629,BrickHeadz,Normal,Star Wars,161,2025-09-10T09:59:35.633Z,Boba Fett,2,0,Licensed,2,4.3,https://brickset.com/sets/41629-1,12.2,9.1,7.8,5702016176506,673419292559,https://images.brickset.com/sets/small/41629-1.jpg,https://images.brickset.com/sets/images/41629-1.jpg
1,true,Box,4,2018,Retail,28077,41630,BrickHeadz,Normal,Disney,193,2020-10-03T11:21:35.337Z,Jack Skellington & Sally,4,0,Licensed,1,4.0,https://brickset.com/sets/41630-1,14.1,19.1,7.1,5702016176513,673419292566,https://images.brickset.com/sets/small/41630-1.jpg,https://images.brickset.com/sets/images/41630-1.jpg
1,true,Box,4,2018,Retail,28286,41631,BrickHeadz,Normal,Wizarding World,247,2018-11-02T22:09:00.283Z,Newt Scamander & Gellert Grindelwald,4,0,Licensed,1,3.8,https://brickset.com/sets/41631-1,14.1,19.1,7.1,5702016176520,673419292573,https://images.brickset.com/sets/small/41631-1.jpg,https://images.brickset.com/sets/images/41631-1.jpg
1,true,Box,2,2018,Retail,28287,41632,BrickHeadz,Normal,The Simpsons,215,2020-02-02T00:30:18.917Z,Homer Simpson & Krusty the Clown,4,0,Licensed,1,4.0,https://brickset.com/sets/41632-1,14.1,19.1,7.1,5702016176537,,https://images.brickset.com/sets/small/41632-1.jpg,https://images.brickset.com/sets/images/41632-1.jpg
1,true,Box,2,2019,Retail - limited,29092,41634,BrickHeadz,Normal,The LEGO Movie 2,113,2023-03-02T11:28:33.93Z,Emmet,1,0,Licensed,0,3.6,https://brickset.com/sets/41634-1,12.2,9.1,7.8,,673419309851,https://images.brickset.com/sets/small/41634-1.jpg,https://images.brickset.com/sets/images/41634-1.jpg
1,true,Box,2,2019,Retail - limited,29098,41635,BrickHeadz,Normal,The LEGO Movie 2,134,2023-03-02T11:29:06.73Z,Wyldstyle,1,0,Licensed,0,4.0,https://brickset.com/sets/41635-1,12.2,9.1,7.8,,673419309868,https://images.brickset.com/sets/small/41635-1.jpg,https://images.brickset.com/sets/images/41635-1.jpg
1,true,Box,0,2019,Retail - limited,29099,41636,BrickHeadz,Normal,The LEGO Movie 2,103,2023-03-02T11:29:59.12Z,Benny,1,0,Licensed,0,4.2,https://brickset.com/sets/41636-1,12.2,9.1,7.8,,673419309875,https://images.brickset.com/sets/small/41636-1.jpg,https://images.brickset.com/sets/images/41636-1.jpg
1,true,Box,0,2019,Retail - limited,29100,41637,BrickHeadz,Normal,The LEGO Movie 2,137,2023-03-02T11:30:22.593Z,Sweet Mayhem,1,0,Licensed,0,4.2,https://brickset.com/sets/41637-1,12.2,9.1,7.8,,673419309882,https://images.brickset.com/sets/small/41637-1.jpg,https://images.brickset.com/sets/images/41637-1.jpg
1,true,Box,0,2018,Retail,28334,66591,BrickHeadz,Collection,Product Collection,290,2025-09-10T10:10:03.693Z,2-in-1 Value Pack: Han Solo & Chewbacca ,0,0,Licensed,0,0.0,https://brickset.com/sets/66591-1,0.0,0.0,0.0,,,https://images.brickset.com/sets/small/66591-1.jpg,https://images.brickset.com/sets/images/66591-1.jpg
1,true,Box,0,2019,Retail - limited,29362,66593,BrickHeadz,Collection,Product Collection,249,2025-09-10T10:02:14.157Z,2-in-1 Value Pack: Star-Lord & Gamora,0,0,Licensed,0,0.0,https://brickset.com/sets/66593-1,0.0,0.0,0.0,,,https://images.brickset.com/sets/small/66593-1.jpg,https://images.brickset.com/sets/images/66593-1.jpg
1,true,Box,4,2019,Retail,29596,75232,BrickHeadz,Normal,Star Wars,240,2019-10-04T08:26:24.71Z,Kylo Ren & Sith Trooper,4,0,Licensed,2,3.9,https://brickset.com/sets/75232-1,14.1,19.1,7.1,5702016644180,,https://images.brickset.com/sets/small/75232-1.jpg,https://images.brickset.com/sets/images/75232-1.jpg
1,true,Box,10,2020,Retail,29987,75317,BrickHeadz,Normal,Star Wars,295,2025-09-10T09:58:33.527Z,The Mandalorian & The Child,4,0,Licensed,7,4.1,https://brickset.com/sets/75317-1,14.1,19.1,7.1,5702016899856,673419337212,https://images.brickset.com/sets/small/75317-1.jpg,https://images.brickset.com/sets/images/75317-1.jpg
1,true,Box,0,2019,Promotional,29829,6315025,BrickHeadz,Extended,Promotional,110,2023-02-05T07:49:10.837Z,Amsterdam BrickHeadz,0,0,Licensed,0,0.0,https://brickset.com/sets/6315025-1,0.0,0.0,0.0,,,https://images.brickset.com/sets/small/AMSTERDAM-1.jpg,https://images.brickset.com/sets/images/AMSTERDAM-1.jpg
1,true,Box,0,2020,Promotional,30653,6322719,BrickHeadz,Extended,Promotional,98,2023-02-05T07:46:26.007Z,Hangzhou BrickHeadz,0,0,Licensed,0,0.0,https://brickset.com/sets/6322719-1,0.0,0.0,0.0,5702016869453,,https://images.brickset.com/sets/small/6322719-1.jpg,https://images.brickset.com/sets/images/6322719-1.jpg
2,true,Box,0,2019,Promotional,29330,BEIJING,BrickHeadz,Other,Promotional,110,2023-02-05T07:47:10.773Z,Beijing BrickHeadz,0,0,Licensed,0,0.0,https://brickset.com/sets/BEIJING-2,0.0,0.0,0.0,,,https://images.brickset.com/sets/small/BEIJING-2.jpg,https://images.brickset.com/sets/images/BEIJING-2.jpg
1,true,Zip-lock bag,0,2019,Promotional,29391,COLOGNE,BrickHeadz,Other,Promotional,110,2023-02-05T07:47:51.177Z,Cologne BrickHeadz,0,0,Licensed,0,0.0,https://brickset.com/sets/COLOGNE-1,0.0,0.0,0.0,,,https://images.brickset.com/sets/small/COLOGNE-1.jpg,https://images.brickset.com/sets/images/COLOGNE-1.jpg
1,true,None (loose parts),0,2017,LEGO exclusive,27231,DCBHZ,BrickHeadz,Other,DC Comics Super Heroes,145,2017-07-18T08:39:03.043Z,Wonder Woman,0,0,Licensed,1,3.7,https://brickset.com/sets/DCBHZ-1,0.0,0.0,0.0,,,https://images.brickset.com/sets/small/DCBHZ-1.jpg,https://images.brickset.com/sets/images/DCBHZ-1.jpg
1,true,Polybag,0,2017,Not sold,27593,ITBH,BrickHeadz,Other,Promotional,61,2023-02-05T07:48:47.76Z,Nonnie - Inside Tour 2017 Edition,0,0,Licensed,0,0.0,https://brickset.com/sets/ITBH-1,0.0,0.0,0.0,,,https://images.brickset.com/sets/small/ITBH-1.jpg,https://images.brickset.com/sets/images/ITBH-1.jpg
1,true,Polybag,0,2018,Promotional,28418,SHIMAO,BrickHeadz,Other,Promotional,110,2023-02-05T07:48:27.12Z,Shimao BrickHeadz,0,0,Licensed,0,0.0,https://brickset.com/sets/SHIMAO-1,0.0,0.0,0.0,,,https://images.brickset.com/sets/small/SHIMAO-1.jpg,https://images.brickset.com/sets/images/SHIMAO-1.jpg
1,true,{Not specified},0,1999,{Not specified},166,1127,Seasonal,Normal,Christmas,39,1999-10-28T19:08:21Z,Santa,1,0,Miscellaneous,3,3.1,https://brickset.com/sets/1127-1,7.2,9.6,4.8,,,https://images.brickset.com/sets/small/1127-1.jpg,https://images.brickset.com/sets/images/1127-1.jpg
1,true,{Not specified},0,1999,{Not specified},167,1128,Seasonal,Normal,Christmas,21,2024-01-09T05:44:32.05Z,Skiing Santa,1,0,Miscellaneous,0,2.5,https://brickset.com/sets/1128-1,7.2,9.6,4.8,,,https://images.brickset.com/sets/small/1128-1.jpg,https://images.brickset.com/sets/images/1128-1.jpg
2,true,{Not specified},0,1999,{Not specified},168,1129,Seasonal,Normal,Christmas,34,2026-03-04T08:38:54.137Z,Santa on Reindeer,1,0,Miscellaneous,1,3.3,https://brickset.com/sets/1129-2,7.2,9.6,4.8,,,https://images.brickset.com/sets/small/1129-1.jpg,https://images.brickset.com/sets/images/1129-1.jpg
1,true,Polybag,0,2000,Promotional,214,1263,Seasonal,Normal,Easter,27,2012-10-12T04:48:04.663Z,Easter Bunny,1,0,Miscellaneous,0,2.9,https://brickset.com/sets/1263-1,7.2,9.6,4.8,,,https://images.brickset.com/sets/small/1263-1.jpg,https://images.brickset.com/sets/images/1263-1.jpg
1,true,Polybag,0,2000,Promotional,215,1264,Seasonal,Normal,Easter,26,2012-10-12T04:47:36.097Z,Easter Chicks,1,0,Miscellaneous,0,0.0,https://brickset.com/sets/1264-1,7.2,9.6,4.8,,,https://images.brickset.com/sets/small/1264-1.jpg,https://images.brickset.com/sets/images/1264-1.jpg
2,true,Box,0,2001,Promotional,27025,2878,Seasonal,Normal,Christmas,1,2026-01-27T16:24:10.893Z,Santa Claus Mos Burger Gift Box- Hawaiian Shirt Santa,0,0,Miscellaneous,0,0.0,https://brickset.com/sets/2878-2,0.0,0.0,0.0,,,https://images.brickset.com/sets/small/2878-2.jpg,https://images.brickset.com/sets/images/2878-2.jpg
3,true,Box,0,2001,Promotional,27026,2878,Seasonal,Normal,Christmas,1,2026-01-27T16:23:30.42Z,Santa Claus Mos Burger Gift Box - Tuxedo Santa,0,0,Miscellaneous,0,0.0,https://brickset.com/sets/2878-3,0.0,0.0,0.0,,,https://images.brickset.com/sets/small/2878-3.jpg,https://images.brickset.com/sets/images/2878-3.jpg
4,true,Box,0,2001,Promotional,27027,2878,Seasonal,Normal,Christmas,1,2026-01-27T16:22:55.807Z,Santa Claus Mos Burger Gift Box - Soccer Santa,0,0,Miscellaneous,0,0.0,https://brickset.com/sets/2878-4,0.0,0.0,0.0,,,https://images.brickset.com/sets/small/2878-4.jpg,https://images.brickset.com/sets/images/2878-4.jpg
5,true,Box,0,2001,Promotional,27028,2878,Seasonal,Normal,Christmas,1,2017-01-31T14:43:39.25Z,Santa Claus Mos Burger Gift Box - King and Queen Santa,0,0,Miscellaneous,0,0.0,https://brickset.com/sets/2878-5,0.0,0.0,0.0,,,,
1,true,{Not specified},0,2004,{Not specified},2333,4759,Seasonal,Normal,Christmas,127,2015-11-27T15:18:26.303Z,3 Christmas Decorations,1,0,Miscellaneous,0,0.0,https://brickset.com/sets/4759-1,14.4,14.4,14.4,,,https://images.brickset.com/sets/small/4759-1.jpg,https://images.brickset.com/sets/images/4759-1.jpg
1,true,Polybag,0,2004,Promotional,4627,7220,Seasonal,Normal,Christmas,19,2016-01-11T00:34:51.257Z,Snowman,0,0,Miscellaneous,0,0.0,https://brickset.com/sets/7220-1,0.0,0.0,0.0,,,https://images.brickset.com/sets/small/7220-1.jpg,https://images.brickset.com/sets/images/7220-1.jpg
1,true,Polybag,0,2002,LEGO exclusive,64,10068,Seasonal,Normal,Christmas,39,2014-03-07T08:36:42.967Z,Santa,1,0,Miscellaneous,0,3.2,https://brickset.com/sets/10068-1,14.0,14.0,1.0,,673419014168,https://images.brickset.com/sets/small/10068-1.jpg,https://images.brickset.com/sets/images/10068-1.jpg
1,true,Polybag,0,2002,LEGO exclusive,65,10069,Seasonal,Normal,Christmas,33,2013-12-27T23:18:00.24Z,Tree,0,0,Miscellaneous,4,4.0,https://brickset.com/sets/10069-1,0.0,0.0,0.0,,,https://images.brickset.com/sets/small/10069-1.jpg,https://images.brickset.com/sets/images/10069-1.jpg
1,true,Polybag,0,2002,LEGO exclusive,66,10070,Seasonal,Normal,Christmas,26,2013-12-27T23:18:32.593Z,Reindeer,0,0,Miscellaneous,2,4.1,https://brickset.com/sets/10070-1,0.0,0.0,0.0,,,https://images.brickset.com/sets/small/10070-1.jpg,https://images.brickset.com/sets/images/10070-1.jpg
1,true,Polybag,0,2003,LEGO exclusive,67,10071,Seasonal,Normal,Easter,25,2018-10-19T08:18:58.45Z,Mr. Bunny,1,0,Miscellaneous,1,3.3,https://brickset.com/sets/10071-1,17.0,17.0,1.8,,673419014199,https://images.brickset.com/sets/small/10071-1.jpg,https://images.brickset.com/sets/images/10071-1.jpg
1,true,Polybag,0,2003,LEGO exclusive,75,10079,Seasonal,Normal,Christmas,42,2012-10-08T22:37:53.187Z,Snowman,1,0,Miscellaneous,1,3.5,https://brickset.com/sets/10079-1,17.0,17.0,0.0,,673419037853,https://images.brickset.com/sets/small/10079-1.jpg,https://images.brickset.com/sets/images/10079-1.jpg
1,true,Polybag,0,2003,LEGO exclusive,76,10080,Seasonal,Normal,Christmas,33,2012-10-08T22:38:12.88Z,Angel,1,0,Miscellaneous,2,3.9,https://brickset.com/sets/10080-1,17.0,17.0,0.0,,673419037860,https://images.brickset.com/sets/small/10080-1.jpg,https://images.brickset.com/sets/images/10080-1.jpg
1,true,Polybag,0,2003,LEGO exclusive,80,10090,Seasonal,Normal,Thanksgiving,54,2022-10-05T18:51:00.427Z,Turkey,1,0,Miscellaneous,1,3.9,https://brickset.com/sets/10090-1,17.0,17.0,1.5,,673419014878,https://images.brickset.com/sets/small/10090-1.jpg,https://images.brickset.com/sets/images/10090-1.jpg
1,true,Polybag,0,2006,LEGO exclusive,5732,10106,Seasonal,Normal,Christmas,105,2018-12-16T17:33:27.313Z,LEGO Snowflake,0,0,Miscellaneous,0,3.2,https://brickset.com/sets/10106-1,0.0,0.0,0.0,,,https://images.brickset.com/sets/small/10106-1.jpg,https://images.brickset.com/sets/images/10106-1.jpg
1,true,Polybag,0,2004,LEGO exclusive,117,10165,Seasonal,Normal,Christmas,27,2012-10-08T22:25:24.36Z,Elf Boy,1,0,Miscellaneous,1,2.9,https://brickset.com/sets/10165-1,14.0,14.0,0.0,,673419065269,https://images.brickset.com/sets/small/10165-1.jpg,https://images.brickset.com/sets/images/10165-1.jpg
1,true,Polybag,0,2002,LEGO exclusive,118,10166,Seasonal,Normal,Christmas,31,2019-12-26T03:23:56.597Z,Elf Girl,1,0,Miscellaneous,1,3.2,https://brickset.com/sets/10166-1,0.0,0.0,0.0,,,https://images.brickset.com/sets/small/10166-1.jpg,https://images.brickset.com/sets/images/10166-1.jpg
1,true,Polybag,0,2005,LEGO exclusive,4791,10168,Seasonal,Normal,Easter,61,2012-10-08T22:25:58.697Z,Mrs. Bunny,1,0,Miscellaneous,0,0.0,https://brickset.com/sets/10168-1,17.0,17.0,0.0,,673419075633,https://images.brickset.com/sets/small/10168-1.jpg,https://images.brickset.com/sets/images/10168-1.jpg
1,true,Polybag,0,2005,LEGO exclusive,4792,10169,Seasonal,Normal,Easter,57,2012-10-08T22:26:16.307Z,Chicken & Chicks,1,0,Miscellaneous,1,0.0,https://brickset.com/sets/10169-1,17.0,17.0,0.0,,673419075626,https://images.brickset.com/sets/small/10169-1.jpg,https://images.brickset.com/sets/images/10169-1.jpg
1,true,{Not specified},0,2013,{Not specified},10245,10250,Seasonal,Normal,Chinese Traditional Festival,243,2023-11-06T20:25:12.82Z,Year of the Snake,1,0,Miscellaneous,0,2.7,https://brickset.com/sets/10250-1,26.2,38.2,7.1,5702015018883,,https://images.brickset.com/sets/small/10250-1.jpg,https://images.brickset.com/sets/images/10250-1.jpg
1,true,{Not specified},0,2009,{Not specified},7283,40000,Seasonal,Normal,Christmas,152,2010-10-14T03:41:10.897Z,Cool Santa Set,0,0,Miscellaneous,1,3.0,https://brickset.com/sets/40000-1,0.0,0.0,0.0,,673419134170,https://images.brickset.com/sets/small/40000-1.jpg,https://images.brickset.com/sets/images/40000-1.jpg
1,true,Polybag,0,2009,LEGO exclusive,7284,40001,Seasonal,Normal,Christmas,42,2010-10-14T03:41:21.93Z,Santa Claus,0,0,Miscellaneous,0,0.0,https://brickset.com/sets/40001-1,0.0,0.0,0.0,,673419134194,https://images.brickset.com/sets/small/40001-1.jpg,https://images.brickset.com/sets/images/40001-1.jpg
1,true,Polybag,0,2009,LEGO exclusive,7285,40002,Seasonal,Normal,Christmas,61,2010-10-14T03:41:36.797Z,Xmas Tree,0,0,Miscellaneous,0,0.0,https://brickset.com/sets/40002-1,0.0,0.0,0.0,,673419134200,https://images.brickset.com/sets/small/40002-1.jpg,https://images.brickset.com/sets/images/40002-1.jpg
1,true,Polybag,0,2009,LEGO exclusive,7286,40003,Seasonal,Normal,Christmas,44,2010-10-14T03:41:51.57Z,Snowman,0,0,Miscellaneous,1,2.7,https://brickset.com/sets/40003-1,0.0,0.0,0.0,,673419134187,https://images.brickset.com/sets/small/40003-1.jpg,https://images.brickset.com/sets/images/40003-1.jpg
1,true,Polybag,4,2010,LEGO exclusive,7743,40004,Seasonal,Normal,Valentine's Day,26,2015-09-11T23:05:30.02Z,Heart,0,0,Miscellaneous,2,3.8,https://brickset.com/sets/40004-1,0.0,0.0,0.0,,673419138178,https://images.brickset.com/sets/small/40004-1.jpg,https://images.brickset.com/sets/images/40004-1.jpg
1,true,Box,4,2010,LEGO exclusive,7893,40005,Seasonal,Normal,Easter,81,2014-10-23T09:19:29.54Z,Bunny,0,0,Miscellaneous,2,2.6,https://brickset.com/sets/40005-1,12.0,14.0,6.0,,673419138505,https://images.brickset.com/sets/small/40005-1.jpg,https://images.brickset.com/sets/images/40005-1.jpg
1,true,Polybag,1,2010,LEGO exclusive,8128,40008,Seasonal,Normal,Christmas,64,2010-10-14T03:34:54.127Z,Snowman Building Set,0,0,Miscellaneous,0,3.3,https://brickset.com/sets/40008-1,0.0,0.0,0.0,,673419145930,https://images.brickset.com/sets/small/40008-1.jpg,https://images.brickset.com/sets/images/40008-1.jpg
1,true,Polybag,1,2010,LEGO exclusive,8129,40009,Seasonal,Normal,Christmas,85,2010-10-14T03:39:00.917Z,Holiday Building Set,0,0,Miscellaneous,1,2.8,https://brickset.com/sets/40009-1,0.0,0.0,0.0,,673419145947,https://images.brickset.com/sets/small/40009-1.jpg,https://images.brickset.com/sets/images/40009-1.jpg
1,true,Polybag,3,2010,LEGO exclusive,8108,40010,Seasonal,Normal,Christmas,71,2012-11-02T19:42:52.817Z,Father Christmas with Sledge Building Set,0,0,Miscellaneous,1,3.2,https://brickset.com/sets/40010-1,0.0,0.0,0.0,,673419145954,https://images.brickset.com/sets/small/40010-1.jpg,https://images.brickset.com/sets/images/40010-1.jpg
1,true,Polybag,1,2010,LEGO exclusive,8130,40011,Seasonal,Normal,Thanksgiving,53,2021-05-28T18:37:44.05Z,Thanksgiving Turkey,0,0,Miscellaneous,1,3.7,https://brickset.com/sets/40011-1,0.0,0.0,0.0,,673419145978,https://images.brickset.com/sets/small/40011-1.jpg,https://images.brickset.com/sets/images/40011-1.jpg
1,true,Polybag,2,2010,LEGO exclusive,8132,40012,Seasonal,Normal,Halloween,18,2010-10-14T03:40:25.983Z,Halloween Pumpkin,0,0,Miscellaneous,3,2.5,https://brickset.com/sets/40012-1,0.0,0.0,0.0,,673419145985,https://images.brickset.com/sets/small/40012-1.jpg,https://images.brickset.com/sets/images/40012-1.jpg
1,true,Polybag,3,2010,LEGO exclusive,8133,40013,Seasonal,Normal,Halloween,18,2010-10-14T03:40:42.12Z,Halloween Ghost,0,0,Miscellaneous,1,2.9,https://brickset.com/sets/40013-1,0.0,0.0,0.0,,673419145992,https://images.brickset.com/sets/small/40013-1.jpg,https://images.brickset.com/sets/images/40013-1.jpg
1,true,Polybag,3,2010,LEGO exclusive,8134,40014,Seasonal,Normal,Halloween,25,2010-10-14T03:40:59.113Z,Halloween Bat,0,0,Miscellaneous,2,2.9,https://brickset.com/sets/40014-1,0.0,0.0,0.0,,673419146005,https://images.brickset.com/sets/small/40014-1.jpg,https://images.brickset.com/sets/images/40014-1.jpg
1,true,Polybag,4,2011,LEGO exclusive,8499,40015,Seasonal,Normal,Valentine's Day,51,2015-09-11T23:05:47.55Z,Heart Book,0,0,Miscellaneous,2,3.5,https://brickset.com/sets/40015-1,0.0,0.0,0.0,,673419152037,https://images.brickset.com/sets/small/40015-1.jpg,https://images.brickset.com/sets/images/40015-1.jpg
1,true,Polybag,4,2011,LEGO exclusive,8500,40016,Seasonal,Normal,Valentine's Day,41,2015-09-11T23:06:03.843Z,Valentine Letter Set,0,0,Miscellaneous,0,0.0,https://brickset.com/sets/40016-1,0.0,0.0,0.0,,673419151993,https://images.brickset.com/sets/small/40016-1.jpg,https://images.brickset.com/sets/images/40016-1.jpg
1,true,Polybag,3,2011,LEGO exclusive,8668,40017,Seasonal,Normal,Easter,86,2011-03-02T13:22:52.7Z,Easter Basket,0,0,Miscellaneous,2,3.2,https://brickset.com/sets/40017-1,0.0,0.0,0.0,5702014773042,,https://images.brickset.com/sets/small/40017-1.jpg,https://images.brickset.com/sets/images/40017-1.jpg
1,true,Polybag,2,2011,LEGO exclusive,8669,40018,Seasonal,Normal,Easter,95,2011-03-02T13:23:02.927Z,Easter Bunny,0,0,Miscellaneous,1,2.6,https://brickset.com/sets/40018-1,0.0,0.0,0.0,,673419152105,https://images.brickset.com/sets/small/40018-1.jpg,https://images.brickset.com/sets/images/40018-1.jpg
1,true,Polybag,4,2011,LEGO exclusive,8789,40020,Seasonal,Normal,Halloween,71,2011-07-16T18:06:29.497Z,Halloween Set,0,0,Miscellaneous,1,3.4,https://brickset.com/sets/40020-1,0.0,0.0,0.0,,673419160353,https://images.brickset.com/sets/small/40020-1.jpg,https://images.brickset.com/sets/images/40020-1.jpg
1,true,Polybag,3,2011,LEGO exclusive,8790,40021,Seasonal,Normal,Halloween,54,2011-09-25T09:39:15.75Z,Spiders Set,0,0,Miscellaneous,2,3.0,https://brickset.com/sets/40021-1,0.0,0.0,0.0,,673419160360,https://images.brickset.com/sets/small/40021-1.jpg,https://images.brickset.com/sets/images/40021-1.jpg
1,true,Polybag,2,2011,LEGO exclusive,8791,40022,Seasonal,Normal,Christmas,72,2021-12-08T20:34:59.96Z,Mini Santa Set,0,0,Miscellaneous,1,3.1,https://brickset.com/sets/40022-1,0.0,0.0,0.0,,673419160377,https://images.brickset.com/sets/small/40022-1.jpg,https://images.brickset.com/sets/images/40022-1.jpg
1,true,Polybag,2,2011,LEGO exclusive,8792,40023,Seasonal,Normal,Christmas,76,2011-11-01T18:49:09.98Z,Holiday Stocking,0,0,Miscellaneous,0,0.0,https://brickset.com/sets/40023-1,0.0,0.0,0.0,,673419160391,https://images.brickset.com/sets/small/40023-1.jpg,https://images.brickset.com/sets/images/40023-1.jpg
1,true,Polybag,2,2011,LEGO exclusive,8793,40024,Seasonal,Normal,Christmas,77,2011-11-01T18:49:11.077Z,Christmas Tree,0,0,Miscellaneous,1,3.3,https://brickset.com/sets/40024-1,0.0,0.0,0.0,,673419160384,https://images.brickset.com/sets/small/40024-1.jpg,https://images.brickset.com/sets/images/40024-1.jpg
1,false,{Not specified},0,2011,{Not specified},9690,40027,Seasonal,Normal,Christmas,0,2014-08-18T03:17:57.003Z,Christmas Candle,0,0,Miscellaneous,0,0.0,https://brickset.com/sets/40027-1,0.0,0.0,0.0,,,,
1,true,Polybag,2,2012,LEGO exclusive,9216,40029,Seasonal,Normal,Valentine's Day,51,2015-09-11T23:06:17.34Z,Valentine's Day Box,0,0,Miscellaneous,0,3.9,https://brickset.com/sets/40029-1,0.0,0.0,0.0,,673419174107,https://images.brickset.com/sets/small/40029-1.jpg,https://images.brickset.com/sets/images/40029-1.jpg
1,true,Polybag,2,2012,LEGO exclusive,9375,40030,Seasonal,Normal,Easter,51,2024-01-05T11:04:34.98Z,Duck with Ducklings,0,0,Miscellaneous,0,3.5,https://brickset.com/sets/40030-1,0.0,0.0,0.0,,673419174114,https://images.brickset.com/sets/small/40030-1.jpg,https://images.brickset.com/sets/images/40030-1.jpg
1,true,Polybag,2,2012,LEGO exclusive,9376,40031,Seasonal,Normal,Easter,52,2024-01-05T11:04:23.11Z,Bunny and Chick,0,0,Miscellaneous,0,3.1,https://brickset.com/sets/40031-1,0.0,0.0,0.0,,673419174121,https://images.brickset.com/sets/small/40031-1.jpg,https://images.brickset.com/sets/images/40031-1.jpg
1,true,Polybag,2,2012,LEGO exclusive,9542,40032,Seasonal,Normal,Halloween,71,2012-08-23T01:08:05.96Z,Witch,0,0,Miscellaneous,1,3.7,https://brickset.com/sets/40032-1,0.0,0.0,0.0,,673419174138,https://images.brickset.com/sets/small/40032-1.jpg,https://images.brickset.com/sets/images/40032-1.jpg
1,true,Polybag,2,2012,Retail - limited,9543,40033,Seasonal,Normal,Thanksgiving,52,2014-10-22T05:22:17.733Z,Turkey,0,0,Miscellaneous,2,3.4,https://brickset.com/sets/40033-1,0.0,0.0,0.0,,673419174145,https://images.brickset.com/sets/small/40033-1.jpg,https://images.brickset.com/sets/images/40033-1.jpg
1,true,Polybag,2,2012,LEGO exclusive,9544,40034,Seasonal,Normal,Christmas,82,2013-03-19T10:20:02.697Z,Christmas Train,1,0,Miscellaneous,2,3.6,https://brickset.com/sets/40034-1,17.0,20.0,1.2,,673419174152,https://images.brickset.com/sets/small/40034-1.jpg,https://images.brickset.com/sets/images/40034-1.jpg
1,true,Polybag,2,2012,LEGO exclusive,9545,40035,Seasonal,Normal,Christmas,49,2013-03-19T10:19:55.33Z,Rocking Horse,1,0,Miscellaneous,1,3.5,https://brickset.com/sets/40035-1,18.0,20.0,1.3,,673419174169,https://images.brickset.com/sets/small/40035-1.jpg,https://images.brickset.com/sets/images/40035-1.jpg
1,true,Polybag,2,2012,LEGO exclusive,9377,40048,Seasonal,Normal,Birthday,24,2013-11-20T14:51:55.977Z,Birthday Cake,1,0,Miscellaneous,2,3.2,https://brickset.com/sets/40048-1,17.0,17.0,0.9,,673419180924,https://images.brickset.com/sets/small/40048-1.jpg,https://images.brickset.com/sets/images/40048-1.jpg
1,true,Polybag,2,2013,LEGO exclusive,9548,40051,Seasonal,Normal,Valentine's Day,54,2015-09-11T23:06:32.107Z,Valentine's Day Heart Box,0,0,Miscellaneous,1,3.9,https://brickset.com/sets/40051-1,0.0,0.0,0.0,,673419183758,https://images.brickset.com/sets/small/40051-1.jpg,https://images.brickset.com/sets/images/40051-1.jpg
1,true,Polybag,2,2013,LEGO exclusive,9549,40052,Seasonal,Normal,Spring,88,2013-04-08T18:18:22.693Z,Springtime Scene,0,2,Miscellaneous,1,3.5,https://brickset.com/sets/40052-1,0.0,0.0,0.0,,673419183765,https://images.brickset.com/sets/small/40052-1.jpg,https://images.brickset.com/sets/images/40052-1.jpg
1,true,Polybag,2,2013,LEGO exclusive,9550,40053,Seasonal,Normal,Easter,96,2013-04-03T19:16:15.227Z,Easter Bunny with Basket,0,0,Miscellaneous,0,2.8,https://brickset.com/sets/40053-1,0.0,0.0,0.0,,673419183772,https://images.brickset.com/sets/small/40053-1.jpg,https://images.brickset.com/sets/images/40053-1.jpg
1,true,Polybag,2,2013,LEGO exclusive,9551,40054,Seasonal,Normal,Summer,40,2013-08-19T21:53:50.133Z,Summer Scene,0,1,Miscellaneous,1,3.7,https://brickset.com/sets/40054-1,0.0,0.0,0.0,,673419183789,https://images.brickset.com/sets/small/40054-1.jpg,https://images.brickset.com/sets/images/40054-1.jpg
1,true,Polybag,2,2013,LEGO exclusive,9552,40055,Seasonal,Normal,Halloween,52,2014-12-17T09:47:14.037Z,Halloween Pumpkin,0,0,Miscellaneous,1,3.8,https://brickset.com/sets/40055-1,0.0,0.0,0.0,,673419183796,https://images.brickset.com/sets/small/40055-1.jpg,https://images.brickset.com/sets/images/40055-1.jpg
1,true,Polybag,2,2013,LEGO exclusive,9553,40056,Seasonal,Normal,Thanksgiving,46,2023-11-08T17:30:17.21Z,Thanksgiving Feast,0,2,Miscellaneous,2,3.8,https://brickset.com/sets/40056-1,0.0,0.0,0.0,,673419183802,https://images.brickset.com/sets/small/40056-1.jpg,https://images.brickset.com/sets/images/40056-1.jpg
1,true,Polybag,2,2013,LEGO exclusive,9554,40057,Seasonal,Normal,Fall,72,2013-08-19T21:55:25.813Z,Fall Scene,1,3,Miscellaneous,2,3.7,https://brickset.com/sets/40057-1,17.0,20.0,1.5,,673419183819,https://images.brickset.com/sets/small/40057-1.jpg,https://images.brickset.com/sets/images/40057-1.jpg
1,true,Polybag,2,2013,LEGO exclusive,9555,40058,Seasonal,Normal,Christmas,110,2013-12-01T23:03:10.94Z,Decorating the Tree,1,2,Miscellaneous,1,3.7,https://brickset.com/sets/40058-1,17.0,20.0,1.5,,673419183826,https://images.brickset.com/sets/small/40058-1.jpg,https://images.brickset.com/sets/images/40058-1.jpg
1,true,Polybag,2,2013,LEGO exclusive,9556,40059,Seasonal,Normal,Christmas,77,2013-12-01T23:08:02.127Z,Santa's Sleigh,1,2,Miscellaneous,1,3.3,https://brickset.com/sets/40059-1,17.0,17.0,1.3,,673419183833,https://images.brickset.com/sets/small/40059-1.jpg,https://images.brickset.com/sets/images/40059-1.jpg
1,true,Box,4,2014,LEGO exclusive,23260,40085,Seasonal,Normal,Valentine's Day,127,2015-09-11T23:06:48.877Z,LEGO Valentine,1,0,Miscellaneous,0,3.8,https://brickset.com/sets/40085-1,12.2,14.1,6.1,,673419212960,https://images.brickset.com/sets/small/40085-1.jpg,https://images.brickset.com/sets/images/40085-1.jpg
1,true,Box,2,2014,LEGO exclusive,23265,40086,Seasonal,Normal,Easter,106,2014-05-25T00:20:19.47Z,LEGO Easter,1,0,Miscellaneous,2,3.8,https://brickset.com/sets/40086-1,12.0,14.0,6.0,,673419212977,https://images.brickset.com/sets/small/40086-1.jpg,https://images.brickset.com/sets/images/40086-1.jpg
1,true,Box,2,2014,LEGO exclusive,23781,40090,Seasonal,Normal,Halloween,156,2014-11-07T04:18:51.3Z,Halloween Bat,1,0,Miscellaneous,3,3.8,https://brickset.com/sets/40090-1,12.0,14.0,6.0,,673419212984,https://images.brickset.com/sets/small/40090-1.jpg,https://images.brickset.com/sets/images/40090-1.jpg
1,true,Box,3,2014,LEGO exclusive,23806,40091,Seasonal,Normal,Thanksgiving,125,2014-11-07T04:19:34.34Z,Thanksgiving Turkey,1,0,Miscellaneous,0,3.6,https://brickset.com/sets/40091-1,12.0,14.0,6.0,,673419212991,https://images.brickset.com/sets/small/40091-1.jpg,https://images.brickset.com/sets/images/40091-1.jpg
1,true,Box,3,2014,LEGO exclusive,23933,40092,Seasonal,Normal,Christmas,139,2014-11-07T04:20:12.687Z,Reindeer,1,0,Miscellaneous,0,4.1,https://brickset.com/sets/40092-1,12.0,14.0,6.0,,673419213004,https://images.brickset.com/sets/small/40092-1.jpg,https://images.brickset.com/sets/images/40092-1.jpg
1,true,Box,2,2014,LEGO exclusive,23985,40093,Seasonal,Normal,Christmas,140,2014-11-07T04:20:57.877Z,Snowman,1,0,Miscellaneous,0,4.0,https://brickset.com/sets/40093-1,12.0,14.0,6.0,,673419213011,https://images.brickset.com/sets/small/40093-1.jpg,https://images.brickset.com/sets/images/40093-1.jpg
1,true,Box,5,2015,LEGO exclusive,24135,40120,Seasonal,Normal,Valentine's Day,114,2015-09-11T23:07:04.13Z,Valentine's Day Dinner,2,2,Miscellaneous,4,4.0,https://brickset.com/sets/40120-1,12.2,14.0,6.0,5702015355445,,https://images.brickset.com/sets/small/40120-1.jpg,https://images.brickset.com/sets/images/40120-1.jpg
1,true,Box,2,2015,LEGO exclusive,24247,40121,Seasonal,Normal,Easter,153,2015-06-09T02:00:45.55Z,Painting Easter Eggs,2,2,Miscellaneous,1,4.1,https://brickset.com/sets/40121-1,12.2,14.0,6.0,5702015355452,,https://images.brickset.com/sets/small/40121-1.jpg,https://images.brickset.com/sets/images/40121-1.jpg
1,true,Box,4,2015,LEGO exclusive,24819,40122,Seasonal,Normal,Halloween,133,2015-10-08T01:01:57.47Z,Trick or Treat Halloween Set,2,2,Miscellaneous,2,4.0,https://brickset.com/sets/40122-1,12.0,14.0,6.2,5702015355469,673419232746,https://images.brickset.com/sets/small/40122-1.jpg,https://images.brickset.com/sets/images/40122-1.jpg
1,true,Box,5,2015,LEGO exclusive,24820,40123,Seasonal,Normal,Thanksgiving,158,2016-02-16T00:34:12.777Z,Thanksgiving Feast,2,2,Miscellaneous,3,3.9,https://brickset.com/sets/40123-1,12.2,14.0,5.8,5702015355674,,https://images.brickset.com/sets/small/40123-1.jpg,https://images.brickset.com/sets/images/40123-1.jpg
1,true,Box,4,2015,LEGO exclusive,24821,40124,Seasonal,Normal,Christmas,107,2016-02-16T00:35:25.427Z,Winter Fun,2,2,Miscellaneous,1,3.6,https://brickset.com/sets/40124-1,12.2,14.0,5.8,5702015355681,,https://images.brickset.com/sets/small/40124-1.jpg,https://images.brickset.com/sets/images/40124-1.jpg
1,true,Box,4,2015,LEGO exclusive,24822,40125,Seasonal,Normal,Christmas,167,2016-02-16T00:36:22.777Z,Santa's Visit,2,1,Miscellaneous,3,4.0,https://brickset.com/sets/40125-1,12.2,14.0,5.8,5702015355698,,https://images.brickset.com/sets/small/40125-1.jpg,https://images.brickset.com/sets/images/40125-1.jpg
1,true,Box,4,2015,LEGO exclusive,24823,40138,Seasonal,Normal,Christmas,233,2023-11-08T17:34:02.467Z,Christmas Train,2,0,Miscellaneous,2,3.8,https://brickset.com/sets/40138-1,14.1,19.1,6.1,5702015354165,673419232074,https://images.brickset.com/sets/small/40138-1.jpg,https://images.brickset.com/sets/images/40138-1.jpg
1,true,Box,2,2015,LEGO exclusive,24824,40139,Seasonal,Normal,Christmas,277,2024-10-23T01:04:41.647Z,Gingerbread House,2,0,Miscellaneous,2,4.1,https://brickset.com/sets/40139-1,14.1,19.1,6.1,5702015355476,673419232081,https://images.brickset.com/sets/small/40139-1.jpg,https://images.brickset.com/sets/images/40139-1.jpg
1,true,Box,1,2015,Retail - limited,24152,40148,Seasonal,Normal,Chinese Traditional Festival,99,2023-11-06T20:25:19.04Z,Year of the Sheep,1,0,Miscellaneous,0,3.9,https://brickset.com/sets/40148-1,12.2,14.1,4.6,5702015357128,,https://images.brickset.com/sets/small/40148-1.jpg,https://images.brickset.com/sets/images/40148-1.jpg
1,true,Box,4,2015,LEGO exclusive,24540,40153,Seasonal,Normal,Birthday,120,2017-06-15T11:49:19.537Z,Birthday Table Decoration,1,0,Miscellaneous,1,3.7,https://brickset.com/sets/40153-1,12.2,14.0,9.0,,673419237598,https://images.brickset.com/sets/small/40153-1.jpg,https://images.brickset.com/sets/images/40153-1.jpg
1,true,Box,4,2019,LEGO exclusive,27929,40186,Seasonal,Normal,Chinese Traditional Festival,152,2023-11-06T20:25:24.957Z,Year of the Pig,2,0,Miscellaneous,1,3.7,https://brickset.com/sets/40186-1,12.2,13.6,4.4,5702016240887,673419285926,https://images.brickset.com/sets/small/40186-1.jpg,https://images.brickset.com/sets/images/40186-1.jpg
1,true,Box,1,2018,LEGO exclusive,27761,40187,Seasonal,Normal,Valentine's Day,100,2018-12-18T23:53:37.03Z,Flower Display,2,0,Miscellaneous,1,3.9,https://brickset.com/sets/40187-1,12.0,9.0,5.6,,673419289870,https://images.brickset.com/sets/small/40187-1.jpg,https://images.brickset.com/sets/images/40187-1.jpg
1,true,Box,4,2016,LEGO exclusive,24987,40201,Seasonal,Normal,Valentine's Day,150,2016-01-15T01:48:18.647Z,Valentine's Cupid Dog,2,0,Miscellaneous,1,3.5,https://brickset.com/sets/40201-1,12.192,14.097,6.096,5702015594516,,https://images.brickset.com/sets/small/40201-1.jpg,https://images.brickset.com/sets/images/40201-1.jpg
1,true,Box,3,2016,LEGO exclusive,24988,40202,Seasonal,Normal,Easter,111,2016-04-04T01:47:56.433Z,Easter Chick,2,0,Miscellaneous,0,3.8,https://brickset.com/sets/40202-1,12.192,14.097,6.096,5702015594523,,https://images.brickset.com/sets/small/40202-1.jpg,https://images.brickset.com/sets/images/40202-1.jpg
1,true,Box,5,2016,LEGO exclusive,26082,40203,Seasonal,Normal,Halloween,150,2022-08-08T21:04:26.533Z,Vampire and Bat,2,0,Miscellaneous,2,3.8,https://brickset.com/sets/40203-1,12.2,14.1,6.1,5702015594530,,https://images.brickset.com/sets/small/40203-1.jpg,https://images.brickset.com/sets/images/40203-1.jpg
1,true,Box,3,2016,LEGO exclusive,26278,40204,Seasonal,Normal,Thanksgiving,163,2024-08-27T23:48:37.933Z,Pilgrim's Feast,2,0,Miscellaneous,2,3.7,https://brickset.com/sets/40204-1,12.2,14.1,6.1,5702015594547,,https://images.brickset.com/sets/small/40204-1.jpg,https://images.brickset.com/sets/images/40204-1.jpg
1,true,Box,5,2016,LEGO exclusive,26627,40205,Seasonal,Normal,Christmas,238,2021-05-20T23:02:45.88Z,Little Elf Helpers,2,0,Miscellaneous,0,4.1,https://brickset.com/sets/40205-1,12.2,14.1,6.1,5702015594561,,https://images.brickset.com/sets/small/40205-1.jpg,https://images.brickset.com/sets/images/40205-1.jpg
1,true,Box,3,2016,LEGO exclusive,26658,40206,Seasonal,Normal,Christmas,155,2017-12-11T14:56:03.837Z,LEGO Santa,2,0,Miscellaneous,0,3.6,https://brickset.com/sets/40206-1,12.0,14.0,6.0,5702015594974,,https://images.brickset.com/sets/small/40206-1.jpg,https://images.brickset.com/sets/images/40206-1.jpg
1,true,Box,0,2016,{Not specified},24989,40207,Seasonal,Normal,Chinese Traditional Festival,165,2023-11-06T20:25:56.647Z,Year of the Monkey,1,0,Miscellaneous,0,4.0,https://brickset.com/sets/40207-1,0.0,0.0,0.0,5702015612999,,https://images.brickset.com/sets/small/40207-1.jpg,https://images.brickset.com/sets/images/40207-1.jpg
1,true,Box,10,2016,LEGO exclusive,26522,40222,Seasonal,Normal,Christmas,250,2016-11-26T23:56:34.873Z,Christmas Build-Up,4,0,Miscellaneous,4,3.4,https://brickset.com/sets/40222-1,14.0,26.0,4.7,5702015595445,673419250337,https://images.brickset.com/sets/small/40222-1.jpg,https://images.brickset.com/sets/images/40222-1.jpg
1,true,Box,3,2016,LEGO exclusive,26016,40223,Seasonal,Normal,Christmas,215,2025-08-25T07:38:28.633Z,LEGO Snowglobe,2,1,Miscellaneous,4,4.1,https://brickset.com/sets/40223-1,14.1,15.7,7.1,5702015595452,673419250344,https://images.brickset.com/sets/small/40223-1.jpg,https://images.brickset.com/sets/images/40223-1.jpg
1,true,Box,0,2016,Retail - limited,26340,40226,Seasonal,Normal,Birthday,134,2025-09-22T03:25:59.843Z,Birthday Buddy,2,0,Miscellaneous,1,3.7,https://brickset.com/sets/40226-1,12.2,14.1,6.1,5702015597470,,https://images.brickset.com/sets/small/40226-1.jpg,https://images.brickset.com/sets/images/40226-1.jpg
1,true,Box,0,2017,Retail - limited,26832,40234,Seasonal,Normal,Chinese Traditional Festival,157,2023-11-06T20:26:26.683Z,Year of the Rooster,1,0,Miscellaneous,0,4.0,https://brickset.com/sets/40234-1,12.3,13.5,4.4,5702015617413,,https://images.brickset.com/sets/small/40234-1.jpg,https://images.brickset.com/sets/images/40234-1.jpg
1,true,Box,2,2018,LEGO exclusive,27749,40235,Seasonal,Normal,Chinese Traditional Festival,156,2023-11-06T20:26:36.033Z,Year of the Dog,2,0,Miscellaneous,1,3.9,https://brickset.com/sets/40235-1,12.3,13.8,4.5,5702015866972,673419277570,https://images.brickset.com/sets/small/40235-1.jpg,https://images.brickset.com/sets/images/40235-1.jpg
1,true,Box,3,2017,LEGO exclusive,26912,40236,Seasonal,Normal,Valentine's Day,126,2026-05-24T02:20:15.88Z,Romantic Valentine Picnic,2,2,Miscellaneous,2,3.9,https://brickset.com/sets/40236-1,14.1,15.7,4.5,5702015866996,673419264044,https://images.brickset.com/sets/small/40236-1.jpg,https://images.brickset.com/sets/images/40236-1.jpg
1,true,Box,4,2017,LEGO exclusive,26914,40237,Seasonal,Normal,Easter,145,2017-03-20T17:38:00.417Z,Easter Egg Hunt,2,2,Miscellaneous,2,3.7,https://brickset.com/sets/40237-1,14.1,15.7,6.1,5702015867009,,https://images.brickset.com/sets/small/40237-1.jpg,https://images.brickset.com/sets/images/40237-1.jpg
1,true,Box,20,2017,LEGO exclusive,27549,40253,Seasonal,Normal,Christmas,254,2023-12-10T21:52:11.387Z,Christmas Build-Up,2,0,Miscellaneous,2,3.3,https://brickset.com/sets/40253-1,14.0,26.0,4.7,5702015867467,673419266017,https://images.brickset.com/sets/small/40253-1.jpg,https://images.brickset.com/sets/images/40253-1.jpg
1,true,Box,3,2017,LEGO exclusive,27588,40254,Seasonal,Normal,Christmas,230,2023-11-01T19:44:05.297Z,Nutcracker,2,0,Miscellaneous,0,3.7,https://brickset.com/sets/40254-1,19.1,14.1,6.1,5702015867474,673419266024,https://images.brickset.com/sets/small/40254-1.jpg,https://images.brickset.com/sets/images/40254-1.jpg
1,true,Box,3,2017,LEGO exclusive,27003,40260,Seasonal,Normal,Halloween,145,2017-12-08T01:31:56.873Z,Halloween Haunt,2,2,Miscellaneous,2,3.9,https://brickset.com/sets/40260-1,14.0,15.7,4.4,5702015868457,,https://images.brickset.com/sets/small/40260-1.jpg,https://images.brickset.com/sets/images/40260-1.jpg
1,true,Box,7,2017,LEGO exclusive,27336,40261,Seasonal,Normal,Thanksgiving,133,2017-11-28T23:12:14.743Z,Thanksgiving Harvest,2,2,Miscellaneous,3,4.0,https://brickset.com/sets/40261-1,14.0,15.7,6.0,5702015868464,,https://images.brickset.com/sets/small/40261-1.jpg,https://images.brickset.com/sets/images/40261-1.jpg
1,true,Box,8,2017,LEGO exclusive,27390,40262,Seasonal,Normal,Christmas,169,2017-11-28T23:13:03.73Z,Christmas Train Ride,2,3,Miscellaneous,1,3.7,https://brickset.com/sets/40262-1,14.0,15.7,6.0,5702015868471,673419266895,https://images.brickset.com/sets/small/40262-1.jpg,https://images.brickset.com/sets/images/40262-1.jpg
1,true,Box,7,2017,LEGO exclusive,27352,40263,Seasonal,Normal,Christmas,179,2017-11-28T23:13:50.82Z,Christmas Town Square,2,3,Miscellaneous,1,3.9,https://brickset.com/sets/40263-1,14.0,15.7,6.0,5702015868488,,https://images.brickset.com/sets/small/40263-1.jpg,https://images.brickset.com/sets/images/40263-1.jpg
1,true,Box,2,2018,LEGO exclusive,28348,40292,Seasonal,Normal,Christmas,301,2023-03-03T06:41:54.28Z,Christmas Gift Box,2,2,Miscellaneous,0,4.0,https://brickset.com/sets/40292-1,13.9,19.0,7.1,5702016122954,673419286862,https://images.brickset.com/sets/small/40292-1.jpg,https://images.brickset.com/sets/images/40292-1.jpg
1,true,Box,2,2018,LEGO exclusive,28300,40293,Seasonal,Normal,Christmas,251,2023-03-03T06:43:27.927Z,Christmas Carousel,2,0,Miscellaneous,0,3.9,https://brickset.com/sets/40293-1,19.1,14.1,6.1,5702016122961,673419286879,https://images.brickset.com/sets/small/40293-1.jpg,https://images.brickset.com/sets/images/40293-1.jpg
1,true,Box,3,2019,LEGO exclusive,29604,40338,Seasonal,Normal,Christmas,392,2023-11-08T18:13:29.12Z,Christmas Tree,2,0,Miscellaneous,3,4.1,https://brickset.com/sets/40338-1,14.0,26.1,7.2,5702016371284,673419304719,https://images.brickset.com/sets/small/40338-1.jpg,https://images.brickset.com/sets/images/40338-1.jpg
1,true,Box,6,2020,LEGO exclusive,29743,40355,Seasonal,Normal,Chinese Traditional Festival,162,2023-11-06T20:26:49.657Z,Year of the Rat,2,0,Miscellaneous,3,3.6,https://brickset.com/sets/40355-1,12.4,13.8,4.4,5702016371376,673419304900,https://images.brickset.com/sets/small/40355-1.jpg,https://images.brickset.com/sets/images/40355-1.jpg
1,true,Box,0,2020,LEGO exclusive,29926,40371,Seasonal,Normal,Easter,239,2022-10-01T05:49:33.6Z,Easter Egg,2,0,Miscellaneous,3,3.5,https://brickset.com/sets/40371-1,14.0,18.9,6.9,5702016650167,673419321464,https://images.brickset.com/sets/small/40371-1.jpg,https://images.brickset.com/sets/images/40371-1.jpg
1,true,Box,1,2020,LEGO exclusive,29800,40382,Seasonal,Normal,Birthday,141,2020-01-21T19:11:39.213Z,Birthday Set,1,1,Miscellaneous,0,3.6,https://brickset.com/sets/40382-1,15.6,14.0,7.0,,673419320610,https://images.brickset.com/sets/small/40382-1.jpg,https://images.brickset.com/sets/images/40382-1.jpg
1,true,Box,2,2020,LEGO exclusive,30867,40410,Seasonal,Normal,Christmas,333,2021-09-30T22:53:01.23Z,Charles Dickens Tribute,2,3,Miscellaneous,3,4.1,https://brickset.com/sets/40410-1,14.1,26.1,9.1,5702016720143,673419326087,https://images.brickset.com/sets/small/40410-1.jpg,https://images.brickset.com/sets/images/40410-1.jpg
1,true,Box,3,2020,LEGO exclusive,30967,40416,Seasonal,Normal,Christmas,304,2021-09-30T22:51:00.42Z,Ice Skating Rink,2,2,Miscellaneous,0,3.9,https://brickset.com/sets/40416-1,13.9,26.0,7.2,5702016720129,673419326070,https://images.brickset.com/sets/small/40416-1.jpg,https://images.brickset.com/sets/images/40416-1.jpg
1,true,Box,2,2021,LEGO exclusive,31194,40417,Seasonal,Normal,Chinese Traditional Festival,168,2023-11-06T20:26:56.16Z,Year of the Ox,2,0,Miscellaneous,0,3.5,https://brickset.com/sets/40417-1,12.3,13.8,4.5,5702016720150,673419326094,https://images.brickset.com/sets/small/40417-1.jpg,https://images.brickset.com/sets/images/40417-1.jpg
1,true,Box,2,2020,LEGO exclusive,30627,40423,Seasonal,Normal,Halloween,148,2020-10-19T00:02:42.137Z,Halloween Hayride,2,3,Miscellaneous,1,3.9,https://brickset.com/sets/40423-1,14.0,15.5,6.0,5702016720259,673419326216,https://images.brickset.com/sets/small/40423-1.jpg,https://images.brickset.com/sets/images/40423-1.jpg
1,true,Box,2,2020,LEGO exclusive,30725,40424,Seasonal,Normal,Christmas,149,2020-12-13T22:36:27.473Z,Winter Snowball Fight,2,2,Miscellaneous,2,3.8,https://brickset.com/sets/40424-1,14.0,15.5,6.0,5702016720266,,https://images.brickset.com/sets/small/40424-1.jpg,https://images.brickset.com/sets/images/40424-1.jpg
1,true,Box,2,2020,LEGO exclusive,30832,40426,Seasonal,Normal,Christmas,510,2020-10-18T23:41:39.42Z,Christmas Wreath 2-in-1,4,0,Miscellaneous,0,3.8,https://brickset.com/sets/40426-1,26.0,28.2,5.6,5702016720280,673419326247,https://images.brickset.com/sets/small/40426-1.jpg,https://images.brickset.com/sets/images/40426-1.jpg
1,true,Box,2,2021,LEGO exclusive,31388,40449,Seasonal,Normal,Easter,232,2022-10-01T05:57:01.71Z,Easter Bunny's Carrot House,2,0,Miscellaneous,2,3.5,https://brickset.com/sets/40449-1,14.0,15.6,8.8,5702016910261,673419338158,https://images.brickset.com/sets/small/40449-1.jpg,https://images.brickset.com/sets/images/40449-1.jpg
1,true,Box,7,2021,LEGO exclusive,31199,40462,Seasonal,Normal,Valentine's Day,245,2021-02-14T21:42:13.297Z,Valentine's Brown Bear,2,0,Miscellaneous,0,3.8,https://brickset.com/sets/40462-1,14.0,19.0,6.8,5702016910827,,https://images.brickset.com/sets/small/40462-1.jpg,https://images.brickset.com/sets/images/40462-1.jpg
1,true,Box,4,2021,LEGO exclusive,31200,40463,Seasonal,Normal,Easter,293,2021-03-16T21:35:08.907Z,Easter Bunny,2,0,Miscellaneous,0,4.0,https://brickset.com/sets/40463-1,14.1,19.1,7.1,5702016910834,673419337991,https://images.brickset.com/sets/small/40463-1.jpg,https://images.brickset.com/sets/images/40463-1.jpg
1,true,Box,0,2021,LEGO exclusive,32171,40484,Seasonal,Normal,Christmas,317,2022-10-01T05:58:01.273Z,Santa's Front Yard,2,1,Miscellaneous,1,3.7,https://brickset.com/sets/40484-1,14.0,26.0,7.2,5702016988062,673419346115,https://images.brickset.com/sets/small/40484-1.jpg,https://images.brickset.com/sets/images/40484-1.jpg
1,false,{Not specified},0,2021,{Not specified},32289,40489,Seasonal,Normal,Christmas,344,2023-01-19T13:06:05.7Z,Mr. and Mrs. Claus' Living Room,0,0,Miscellaneous,0,0.0,https://brickset.com/sets/40489-1,0.0,0.0,0.0,,,https://images.brickset.com/sets/small/40489-1.jpg,https://images.brickset.com/sets/images/40489-1.jpg
1,true,Box,2,2022,LEGO exclusive,32371,40491,Seasonal,Normal,Chinese Traditional Festival,193,2023-11-06T20:27:10.54Z,Year of the Tiger,2,0,Miscellaneous,0,3.5,https://brickset.com/sets/40491-1,12.2,13.8,4.6,5702017005904,,https://images.brickset.com/sets/small/40491-1.jpg,https://images.brickset.com/sets/images/40491-1.jpg
1,true,Box,5,2021,LEGO exclusive,31777,40493,Seasonal,Normal,Halloween,132,2021-08-15T21:51:34.56Z,Spider & Haunted House Pack,1,0,Miscellaneous,0,3.9,https://brickset.com/sets/40493-1,14.0,15.7,4.4,,673419345637,https://images.brickset.com/sets/small/40493-1.jpg,https://images.brickset.com/sets/images/40493-1.jpg
1,true,Box,4,2021,LEGO exclusive,31825,40494,Seasonal,Normal,Christmas,142,2021-09-28T21:59:38.41Z,Polar Bear & Gift Pack,1,0,Miscellaneous,0,4.0,https://brickset.com/sets/40494-1,14.1,15.7,4.5,,673419345644,https://images.brickset.com/sets/small/40494-1.jpg,https://images.brickset.com/sets/images/40494-1.jpg
1,true,Box,4,2021,LEGO exclusive,31776,40497,Seasonal,Normal,Halloween,228,2021-08-12T22:47:43.68Z,Halloween Owl,2,0,Miscellaneous,0,3.8,https://brickset.com/sets/40497-1,14.0,19.0,7.2,5702016988611,673419344845,https://images.brickset.com/sets/small/40497-1.jpg,https://images.brickset.com/sets/images/40497-1.jpg
1,true,Box,4,2021,LEGO exclusive,31778,40498,Seasonal,Normal,Christmas,244,2021-09-28T22:28:21.503Z,Christmas Penguin,2,0,Miscellaneous,1,4.0,https://brickset.com/sets/40498-1,14.1,19.1,7.1,5702016985269,,https://images.brickset.com/sets/small/40498-1.jpg,https://images.brickset.com/sets/images/40498-1.jpg
1,true,Box,5,2021,LEGO exclusive,31895,40499,Seasonal,Normal,Christmas,343,2021-10-17T22:47:54.62Z,Santa's Sleigh,2,1,Miscellaneous,0,4.2,https://brickset.com/sets/40499-1,19.1,26.2,6.1,5702016995992,673419345859,https://images.brickset.com/sets/small/40499-1.jpg,https://images.brickset.com/sets/images/40499-1.jpg
1,true,Box,4,2022,LEGO exclusive,32363,40522,Seasonal,Normal,Valentine's Day,298,2022-02-08T22:26:19.567Z,Valentine Lovebirds,4,0,Miscellaneous,1,4.2,https://brickset.com/sets/40522-1,12.2,14.1,9.1,5702017166216,673419359825,https://images.brickset.com/sets/small/40522-1.jpg,https://images.brickset.com/sets/images/40522-1.jpg
1,true,Box,4,2022,LEGO exclusive,32364,40523,Seasonal,Normal,Easter,288,2022-03-17T22:36:27.353Z,Easter Rabbits Display,4,0,Miscellaneous,1,4.0,https://brickset.com/sets/40523-1,12.2,14.1,9.1,5702017166223,673419359832,https://images.brickset.com/sets/small/40523-1.jpg,https://images.brickset.com/sets/images/40523-1.jpg
1,true,Box,2,2022,LEGO exclusive,32469,40527,Seasonal,Normal,Easter,318,2023-03-02T01:23:00.217Z,Easter Chicks,4,0,Miscellaneous,0,3.4,https://brickset.com/sets/40527-1,12.2,14.0,9.0,5702017166407,673419358774,https://images.brickset.com/sets/small/40527-1.jpg,https://images.brickset.com/sets/images/40527-1.jpg
1,true,Box,2,2022,LEGO exclusive,34183,40564,Seasonal,Normal,Christmas,372,2023-01-19T12:56:12.31Z,Winter Elves Scene,2,2,Miscellaneous,2,3.9,https://brickset.com/sets/40564-1,14.0,26.0,7.0,5702017241845,673419365932,https://images.brickset.com/sets/small/40564-1.jpg,https://images.brickset.com/sets/images/40564-1.jpg
1,true,Box,2,2022,LEGO exclusive,34213,40565,Seasonal,Normal,Christmas,329,2023-01-19T13:00:59.753Z,Santa's Workshop,2,2,Miscellaneous,1,3.8,https://brickset.com/sets/40565-1,14.0,26.0,6.0,5702017241852,673419365949,https://images.brickset.com/sets/small/40565-1.jpg,https://images.brickset.com/sets/images/40565-1.jpg
1,true,Box,4,2022,{Not specified},33861,40570,Seasonal,Normal,Halloween,328,2022-08-11T03:44:49.817Z,Halloween Cat and Mouse,2,0,Miscellaneous,0,4.3,https://brickset.com/sets/40570-1,14.0,15.7,7.0,5702017241906,673419365727,https://images.brickset.com/sets/small/40570-1.jpg,https://images.brickset.com/sets/images/40570-1.jpg
1,true,Box,4,2022,LEGO exclusive,33865,40571,Seasonal,Normal,Christmas,312,2022-10-18T22:24:39.743Z,Wintertime Polar Bears,2,0,Miscellaneous,0,3.8,https://brickset.com/sets/40571-1,14.0,15.6,7.0,5702017241913,673419365734,https://images.brickset.com/sets/small/40571-1.jpg,https://images.brickset.com/sets/images/40571-1.jpg
1,true,Box,3,2022,LEGO exclusive,33920,40572,Seasonal,Normal,Christmas,139,2022-10-18T22:26:46.117Z,Penguin & Snowflake,2,0,Miscellaneous,0,3.9,https://brickset.com/sets/40572-1,14.0,15.6,4.2,5702017241920,,https://images.brickset.com/sets/small/40572-1.jpg,https://images.brickset.com/sets/images/40572-1.jpg
1,true,Box,5,2022,LEGO exclusive,33919,40573,Seasonal,Normal,Christmas,784,2022-10-18T22:28:53.803Z,Christmas Tree,5,0,Miscellaneous,1,3.9,https://brickset.com/sets/40573-1,35.2,19.0,8.8,5702017241937,673419366151,https://images.brickset.com/sets/small/40573-1.jpg,https://images.brickset.com/sets/images/40573-1.jpg
1,true,Box,2,2023,LEGO exclusive,33989,40575,Seasonal,Normal,Chinese Traditional Festival,194,2023-11-06T20:27:25.44Z,Year of the Rabbit,2,0,Miscellaneous,1,3.5,https://brickset.com/sets/40575-1,12.2,13.7,4.6,5702017241951,673419366175,https://images.brickset.com/sets/small/40575-1.jpg,https://images.brickset.com/sets/images/40575-1.jpg
1,true,Box,2,2023,LEGO exclusive,34430,40584,Seasonal,Normal,Birthday,157,2023-02-19T07:58:36.99Z,Birthday Diorama,2,2,Miscellaneous,0,3.7,https://brickset.com/sets/40584-1,14.1,15.7,6.1,5702017434773,,https://images.brickset.com/sets/small/40584-1.jpg,https://images.brickset.com/sets/images/40584-1.jpg
1,true,Box,3,2023,LEGO exclusive,36866,40587,Seasonal,Normal,Easter,368,2023-03-28T17:33:38.987Z,Easter Basket,2,0,Miscellaneous,0,3.8,https://brickset.com/sets/40587-1,26.0,14.0,6.0,5702017422138,673419377850,https://images.brickset.com/sets/small/40587-1.jpg,https://images.brickset.com/sets/images/40587-1.jpg
1,true,Box,4,2023,LEGO exclusive,48685,40603,Seasonal,Normal,Christmas,153,2023-12-12T22:04:19.09Z,Wintertime Carriage Ride,2,3,Miscellaneous,1,4.0,https://brickset.com/sets/40603-1,13.8,26.1,4.7,5702017471433,673419382113,https://images.brickset.com/sets/small/40603-1.jpg,https://images.brickset.com/sets/images/40603-1.jpg
1,true,Box,4,2023,LEGO exclusive,48686,40604,Seasonal,Normal,Christmas,182,2023-12-12T22:06:14.323Z,Christmas Decor Set,2,0,Miscellaneous,0,3.6,https://brickset.com/sets/40604-1,14.0,15.7,6.0,5702017471181,673419382120,https://images.brickset.com/sets/small/40604-1.jpg,https://images.brickset.com/sets/images/40604-1.jpg
1,true,Box,2,2024,LEGO Gift with Purchase,48793,40611,Seasonal,Normal,Chinese Traditional Festival,214,2026-08-06T23:04:32.377Z,Year of the Dragon,2,0,Miscellaneous,0,3.6,https://brickset.com/sets/40611-1,12.2,13.8,4.5,5702017471228,,https://images.brickset.com/sets/small/40611-1.jpg,https://images.brickset.com/sets/images/40611-1.jpg
1,true,Box,4,2023,LEGO exclusive,34341,40638,Seasonal,Normal,Valentine's Day,254,2023-03-06T06:13:23.887Z,Heart Ornament,3,0,Miscellaneous,2,3.9,https://brickset.com/sets/40638-1,14.1,19.1,6.1,5702017422725,673419377652,https://images.brickset.com/sets/small/40638-1.jpg,https://images.brickset.com/sets/images/40638-1.jpg
1,true,Box,4,2023,LEGO exclusive,34437,40639,Seasonal,Normal,Easter,232,2023-03-06T06:14:55.64Z,Bird's Nest,3,0,Miscellaneous,1,3.9,https://brickset.com/sets/40639-1,14.0,15.6,6.0,5702017422732,673419377676,https://images.brickset.com/sets/small/40639-1.jpg,https://images.brickset.com/sets/images/40639-1.jpg
1,true,Box,5,2023,LEGO exclusive,47273,40640,Seasonal,Normal,Christmas,208,2023-11-24T06:11:44.633Z,LEGO Nutcracker,2,0,Miscellaneous,0,3.6,https://brickset.com/sets/40640-1,14.1,19.1,4.6,5702017470351,673419381963,https://images.brickset.com/sets/small/40640-1.jpg,https://images.brickset.com/sets/images/40640-1.jpg
1,true,Box,5,2023,LEGO exclusive,47058,40641,Seasonal,Normal,Birthday,211,2023-07-26T21:11:37.34Z,Birthday Cake,3,2,Miscellaneous,0,3.7,https://brickset.com/sets/40641-1,14.1,19.1,6.1,5702017470368,673419381970,https://images.brickset.com/sets/small/40641-1.jpg,https://images.brickset.com/sets/images/40641-1.jpg
1,true,Box,5,2023,LEGO exclusive,47274,40642,Seasonal,Normal,Christmas,190,2023-11-24T06:05:02.013Z,Gingerbread Ornaments,3,0,Miscellaneous,0,3.8,https://brickset.com/sets/40642-1,12.2,14.1,9.1,5702017471525,673419382366,https://images.brickset.com/sets/small/40642-1.jpg,https://images.brickset.com/sets/images/40642-1.jpg
1,true,Box,4,2023,LEGO exclusive,47057,40643,Seasonal,Normal,Chinese Traditional Festival,288,2023-11-06T20:27:50.93Z,Jade Rabbit,3,0,Miscellaneous,1,3.8,https://brickset.com/sets/40643-1,19.1,26.2,4.6,5702017471532,673419382373,https://images.brickset.com/sets/small/40643-1.jpg,https://images.brickset.com/sets/images/40643-1.jpg
1,true,Box,4,2023,LEGO exclusive,34366,40644,Seasonal,Normal,Birthday,206,2023-03-06T06:15:46.173Z,Piñata,3,0,Miscellaneous,1,3.9,https://brickset.com/sets/40644-1,12.2,14.1,4.6,5702017421667,673419377225,https://images.brickset.com/sets/small/40644-1.jpg,https://images.brickset.com/sets/images/40644-1.jpg
1,true,Box,3,2023,LEGO exclusive,34165,40648,Seasonal,Normal,Chinese Traditional Festival,336,2023-11-06T20:28:30.75Z,Money Tree,3,0,Miscellaneous,1,3.5,https://brickset.com/sets/40648-1,26.0,19.0,6.0,5702017421643,673419377201,https://images.brickset.com/sets/small/40648-1.jpg,https://images.brickset.com/sets/images/40648-1.jpg
1,true,Box,4,2024,Retail,48647,40678,Seasonal,Normal,Chinese Traditional Festival,345,2025-11-07T12:39:21.777Z,Festival Calendar,2,2,Miscellaneous,0,3.9,https://brickset.com/sets/40678-1,19.1,26.2,7.2,5702017596747,673419393041,https://images.brickset.com/sets/small/40678-1.jpg,https://images.brickset.com/sets/images/40678-1.jpg
1,true,Box,3,2024,LEGO Gift with Purchase,48992,40679,Seasonal,Normal,Valentine's Day,159,2026-08-06T23:04:37.113Z,Love Gift Box,2,0,Miscellaneous,0,3.4,https://brickset.com/sets/40679-1,12.2,14.1,4.5,5702017596006,,https://images.brickset.com/sets/small/40679-1.jpg,https://images.brickset.com/sets/images/40679-1.jpg
1,true,Box,4,2024,LEGO Gift with Purchase,49043,40682,Seasonal,Normal,Easter,277,2026-08-06T23:05:03.587Z,Spring Garden House,2,0,Miscellaneous,0,3.5,https://brickset.com/sets/40682-1,14.0,26.0,7.2,5702017596754,,https://images.brickset.com/sets/small/40682-1.jpg,https://images.brickset.com/sets/images/40682-1.jpg
1,true,Box,4,2024,LEGO Gift with Purchase,50724,40701,Seasonal,Normal,Christmas,244,2026-08-06T23:08:42.517Z,Ballerina & Nutcracker Scene,2,1,Miscellaneous,1,4.4,https://brickset.com/sets/40701-1,26.0,14.0,7.2,5702017598147,,https://images.brickset.com/sets/small/40701-1.jpg,https://images.brickset.com/sets/images/40701-1.jpg
1,true,Box,4,2024,LEGO Gift with Purchase,50725,40702,Seasonal,Normal,Christmas,209,2026-08-06T23:08:51.26Z,Christmas Picture Frame,2,0,Miscellaneous,0,3.2,https://brickset.com/sets/40702-1,14.0,19.0,7.0,5702017598154,,https://images.brickset.com/sets/small/40702-1.jpg,https://images.brickset.com/sets/images/40702-1.jpg
1,true,Box,3,2025,LEGO Gift with Purchase,50406,40707,Seasonal,Normal,Chinese Traditional Festival,174,2026-08-06T22:30:39.25Z,Year of the Snake,2,0,Miscellaneous,0,3.6,https://brickset.com/sets/40707-1,12.2,14.0,6.0,5702017598789,,https://images.brickset.com/sets/small/40707-1.jpg,https://images.brickset.com/sets/images/40707-1.jpg
1,true,Box,5,2024,LEGO exclusive,48766,40709,Seasonal,Normal,Easter,172,2024-01-14T20:38:05.177Z,Spring Animal Playground,2,0,Miscellaneous,0,3.7,https://brickset.com/sets/40709-1,14.1,19.1,4.6,5702017596730,673419392860,https://images.brickset.com/sets/small/40709-1.jpg,https://images.brickset.com/sets/images/40709-1.jpg
1,true,Box,5,2024,LEGO exclusive,48768,40711,Seasonal,Normal,Valentine's Day,166,2024-01-14T20:38:55.207Z,Hedgehog Picnic Date,4,0,Miscellaneous,0,3.9,https://brickset.com/sets/40711-1,14.1,19.1,4.6,5702017596624,673419393096,https://images.brickset.com/sets/small/40711-1.jpg,https://images.brickset.com/sets/images/40711-1.jpg
1,true,Box,3,2024,LEGO exclusive,50187,40721,Seasonal,Normal,Halloween,205,2024-10-05T01:15:48.25Z,Halloween Barn,2,1,Miscellaneous,1,3.6,https://brickset.com/sets/40721-1,14.0,19.0,7.0,5702017598543,673419393768,https://images.brickset.com/sets/small/40721-1.jpg,https://images.brickset.com/sets/images/40721-1.jpg
1,true,Box,5,2024,LEGO exclusive,50366,40743,Seasonal,Normal,Christmas,433,2024-10-05T01:14:43.46Z,Christmas Table Decoration,2,0,Miscellaneous,2,4.1,https://brickset.com/sets/40743-1,22.0,26.0,7.2,5702017597461,673419393775,https://images.brickset.com/sets/small/40743-1.jpg,https://images.brickset.com/sets/images/40743-1.jpg
1,true,Box,5,2024,LEGO exclusive,50367,40744,Seasonal,Normal,Christmas,153,2025-02-15T03:31:02.34Z,Christmas Ornament Selection,2,0,Miscellaneous,0,3.8,https://brickset.com/sets/40744-1,14.0,15.6,6.0,5702017598116,673419393225,https://images.brickset.com/sets/small/40744-1.jpg,https://images.brickset.com/sets/images/40744-1.jpg
1,true,Box,5,2024,LEGO exclusive,50427,40746,Seasonal,Normal,Christmas,224,2025-11-08T15:27:36.773Z,Santa's Delivery Truck,2,1,Miscellaneous,0,3.7,https://brickset.com/sets/40746-1,14.0,26.0,6.0,5702017598574,673419393782,https://images.brickset.com/sets/small/40746-1.jpg,https://images.brickset.com/sets/images/40746-1.jpg
1,true,Box,4,2025,LEGO Gift with Purchase,50940,40756,Seasonal,Normal,Chinese Traditional Festival,317,2026-08-06T22:30:48.003Z,Lucky Knots,4,0,Miscellaneous,0,3.2,https://brickset.com/sets/40756-1,19.1,20.5,4.6,5702017830162,673419408622,https://images.brickset.com/sets/small/40756-1.jpg,https://images.brickset.com/sets/images/40756-1.jpg
1,true,Box,4,2025,LEGO Gift with Purchase,51232,40764,Seasonal,Normal,Easter,217,2026-08-06T22:41:03.69Z,Easter Bunny Surprise,2,0,Miscellaneous,0,3.4,https://brickset.com/sets/40764-1,14.1,19.1,6.1,5702017830247,,https://images.brickset.com/sets/small/40764-1.jpg,https://images.brickset.com/sets/images/40764-1.jpg
1,true,Box,5,2025,LEGO Gift with Purchase,52287,40779,Seasonal,Normal,Chinese Traditional Festival,133,2026-08-06T22:34:40.083Z,Year of the Horse,2,0,Miscellaneous,1,3.4,https://brickset.com/sets/40779-1,14.1,15.7,4.5,5702017829876,673419408516,https://images.brickset.com/sets/small/40779-1.jpg,https://images.brickset.com/sets/images/40779-1.jpg
1,true,Box,3,2025,Insiders Reward,50941,40780,Seasonal,Normal,Birthday,160,2026-09-21T23:26:28.41Z,Birthday Cake,2,0,Miscellaneous,0,2.2,https://brickset.com/sets/40780-1,14.1,19.1,4.6,5702017830674,673419408394,https://images.brickset.com/sets/small/40780-1.jpg,https://images.brickset.com/sets/images/40780-1.jpg
1,true,Box,7,2025,Retail - limited,51274,40807,Seasonal,Normal,Birthday,281,2025-06-06T00:21:06.84Z,Birthday Numbers,2,0,Miscellaneous,0,0.0,https://brickset.com/sets/40807-1,14.1,26.2,7.2,5702017830810,673419408837,https://images.brickset.com/sets/small/40807-1.jpg,https://images.brickset.com/sets/images/40807-1.jpg
1,true,Box,7,2025,LEGO exclusive,50677,40808,Seasonal,Normal,Easter,140,2025-02-15T23:53:58.397Z,Easter Bunny and Chick Egg Hunt,2,0,Miscellaneous,0,3.3,https://brickset.com/sets/40808-1,19.1,14.1,4.6,5702017830735,673419408431,https://images.brickset.com/sets/small/40808-1.jpg,https://images.brickset.com/sets/images/40808-1.jpg
1,true,Box,9,2025,LEGO exclusive,51627,40809,Seasonal,Normal,Christmas,498,2025-10-16T21:53:46.76Z,Festive Gingerbread House,2,1,Miscellaneous,0,4.2,https://brickset.com/sets/40809-1,19.0,26.0,11.5,5702017830995,673419409056,https://images.brickset.com/sets/small/40809-1.jpg,https://images.brickset.com/sets/images/40809-1.jpg
1,true,Box,6,2025,Retail,51538,40811,Seasonal,Normal,Día de los Muertos,231,2025-08-05T01:50:33.53Z,Altar of the Dead,2,0,Miscellaneous,1,4.2,https://brickset.com/sets/40811-1,14.1,19.1,6.1,5702017830858,673419408929,https://images.brickset.com/sets/small/40811-1.jpg,https://images.brickset.com/sets/images/40811-1.jpg
1,true,Box,7,2025,LEGO exclusive,51626,40812,Seasonal,Normal,Christmas,168,2025-10-16T21:54:50.97Z,Snowman Ornaments,2,0,Miscellaneous,0,4.2,https://brickset.com/sets/40812-1,14.0,15.5,6.0,5702017831008,673419409063,https://images.brickset.com/sets/small/40812-1.jpg,https://images.brickset.com/sets/images/40812-1.jpg
1,true,Box,6,2025,Retail,50545,40813,Seasonal,Normal,Chinese Traditional Festival,280,2025-08-05T15:43:04.41Z,Lucky Cat,2,0,Miscellaneous,1,4.3,https://brickset.com/sets/40813-1,26.0,18.9,6.0,5702017801988,673419403061,https://images.brickset.com/sets/small/40813-1.jpg,https://images.brickset.com/sets/images/40813-1.jpg
1,true,Box,7,2025,LEGO exclusive,51359,40815,Seasonal,Normal,Birthday,219,2025-08-26T08:24:19.41Z,Birthday Party Cake,2,0,Miscellaneous,0,3.2,https://brickset.com/sets/40815-1,14.1,19.1,6.1,5702017830872,673419408950,https://images.brickset.com/sets/small/40815-1.jpg,https://images.brickset.com/sets/images/40815-1.jpg
1,true,Box,8,2025,LEGO exclusive,50678,40816,Seasonal,Normal,Easter,386,2025-02-15T23:53:33.72Z,Decorative Easter Egg,2,0,Miscellaneous,0,3.5,https://brickset.com/sets/40816-1,20.5,19.1,6.1,5702017830742,673419408448,https://images.brickset.com/sets/small/40816-1.jpg,https://images.brickset.com/sets/images/40816-1.jpg
1,true,Box,6,2025,LEGO exclusive,51625,40820,Seasonal,Normal,Christmas,761,2026-08-03T21:29:46.23Z,Up-Scaled Santa Minifigure,2,0,Miscellaneous,0,4.1,https://brickset.com/sets/40820-1,38.2,26.2,9.4,5702017831015,673419409070,https://images.brickset.com/sets/small/40820-1.jpg,https://images.brickset.com/sets/images/40820-1.jpg
1,true,Box,8,2025,LEGO exclusive,50889,40821,Seasonal,Normal,Valentine's Day,287,2025-01-04T01:00:07.553Z,Love Bears,2,0,Miscellaneous,1,3.9,https://brickset.com/sets/40821-1,14.1,19.1,6.1,5702017830698,673419408400,https://images.brickset.com/sets/small/40821-1.jpg,https://images.brickset.com/sets/images/40821-1.jpg
1,true,Box,8,2025,Retail,51539,40822,Seasonal,Normal,Halloween,177,2025-08-05T01:51:43.047Z,Jack-O'-Lantern Pickup Truck,2,1,Miscellaneous,0,3.5,https://brickset.com/sets/40822-1,14.1,15.7,6.1,5702017830865,673419408936,https://images.brickset.com/sets/small/40822-1.jpg,https://images.brickset.com/sets/images/40822-1.jpg
1,true,Box,6,2025,LEGO exclusive,50890,40824,Seasonal,Normal,Looney Tunes,412,2026-07-12T06:58:32.317Z,Sweetheart Tweety Bird,2,0,Miscellaneous,0,4.0,https://brickset.com/sets/40824-1,19.1,26.2,7.2,5702017830582,673419408820,https://images.brickset.com/sets/small/40824-1.jpg,https://images.brickset.com/sets/images/40824-1.jpg
1,true,Box,6,2025,Retail,51540,40825,Seasonal,Normal,Halloween,617,2025-08-05T01:48:55.817Z,Halloween Wreath,2,0,Miscellaneous,0,3.8,https://brickset.com/sets/40825-1,26.2,28.2,5.9,5702017831022,673419409087,https://images.brickset.com/sets/small/40825-1.jpg,https://images.brickset.com/sets/images/40825-1.jpg
1,true,Box,11,2026,LEGO exclusive,53192,40862,Seasonal,Normal,Christmas,179,2026-09-30T22:06:45.493Z,Holiday Ornament Selection 2,2,0,Miscellaneous,0,0.0,https://brickset.com/sets/40862-1,14.1,15.7,6.1,5702018071267,673419425995,https://images.brickset.com/sets/small/40862-1.jpg,https://images.brickset.com/sets/images/40862-1.jpg
1,true,Box,9,2026,LEGO exclusive,52310,40863,Seasonal,Normal,Easter,216,2026-01-22T19:31:26.937Z,Easter Egg Basket,2,0,Miscellaneous,0,3.9,https://brickset.com/sets/40863-1,14.1,19.1,6.1,5702018071052,673419425681,https://images.brickset.com/sets/small/40863-1.jpg,https://images.brickset.com/sets/images/40863-1.jpg
1,true,Box,7,2026,Retail,51810,40864,Seasonal,Normal,Chinese Traditional Festival,386,2026-01-22T19:37:32.1Z,Fortune Master,2,0,Miscellaneous,0,0.0,https://brickset.com/sets/40864-1,18.9,26.0,6.0,5702018058268,673419421256,https://images.brickset.com/sets/small/40864-1.jpg,https://images.brickset.com/sets/images/40864-1.jpg
1,true,Box,5,2026,LEGO exclusive,52993,40865,Seasonal,Normal,Elf,713,2026-09-01T14:54:48.593Z,Buddy the Elf,2,0,Miscellaneous,0,0.0,https://brickset.com/sets/40865-1,35.4,19.1,7.0,5702018071359,673419426008,https://images.brickset.com/sets/small/40865-1.jpg,https://images.brickset.com/sets/images/40865-1.jpg
1,true,Box,10,2026,LEGO exclusive,53193,40866,Seasonal,Normal,Christmas,187,2026-09-30T22:07:38.8Z,Santa's Holiday Sleigh Adventure,2,2,Miscellaneous,0,0.0,https://brickset.com/sets/40866-1,14.1,26.2,4.8,5702018071366,673419426015,https://images.brickset.com/sets/small/40866-1.jpg,https://images.brickset.com/sets/images/40866-1.jpg
1,true,Box,11,2026,LEGO exclusive,51811,40867,Seasonal,Normal,Valentine's Day,345,2026-01-22T19:34:46.56Z,Love Letters,2,0,Miscellaneous,0,4.8,https://brickset.com/sets/40867-1,14.1,26.2,7.2,5702018071069,673419425698,https://images.brickset.com/sets/small/40867-1.jpg,https://images.brickset.com/sets/images/40867-1.jpg
1,true,Box,8,2026,LEGO exclusive,52500,40871,Seasonal,Normal,Birthday,224,2026-07-07T03:54:38.94Z,Gift Box Celebration,2,0,Miscellaneous,0,0.0,https://brickset.com/sets/40871-1,20.5,19.1,6.1,5702018071076,673419425704,https://images.brickset.com/sets/small/40871-1.jpg,https://images.brickset.com/sets/images/40871-1.jpg
1,true,Box,10,2026,LEGO exclusive,52928,40872,Seasonal,Normal,Halloween,323,2026-07-31T23:44:47.463Z,Halloween Pumpkin Lantern,2,1,Miscellaneous,0,3.7,https://brickset.com/sets/40872-1,19.1,20.5,7.3,5702018071380,673419426039,https://images.brickset.com/sets/small/40872-1.jpg,https://images.brickset.com/sets/images/40872-1.jpg
1,true,Box,7,2026,LEGO exclusive,52978,40873,Seasonal,Normal,Día de los Muertos,286,2026-07-31T23:44:09.383Z,Colourful Lantern,2,0,Miscellaneous,0,0.0,https://brickset.com/sets/40873-1,19.1,14.1,6.1,5702018071397,673419426046,https://images.brickset.com/sets/small/40873-1.jpg,https://images.brickset.com/sets/images/40873-1.jpg
1,true,Box,10,2026,LEGO exclusive,53194,40874,Seasonal,Normal,Christmas,873,2026-09-30T22:08:07.567Z,Santa's Holiday Countdown,2,0,Miscellaneous,0,0.0,https://brickset.com/sets/40874-1,38.2,26.2,9.4,5702018071403,673419426152,https://images.brickset.com/sets/small/40874-1.jpg,https://images.brickset.com/sets/images/40874-1.jpg
1,true,Box,9,2026,LEGO exclusive,53195,40875,Seasonal,Normal,Christmas,904,2026-09-01T16:23:16.713Z,Up-Scaled Mrs. Claus Minifigure,2,0,Miscellaneous,0,0.0,https://brickset.com/sets/40875-1,38.2,26.2,9.4,5702018071410,673419426169,https://images.brickset.com/sets/small/40875-1.jpg,https://images.brickset.com/sets/images/40875-1.jpg
1,true,Box,8,2026,LEGO exclusive,52977,40883,Seasonal,Normal,Halloween,204,2026-07-31T23:43:06.287Z,Halloween Skull Candle,2,0,Miscellaneous,0,0.0,https://brickset.com/sets/40883-1,19.1,14.1,9.1,5702018071427,673419426176,https://images.brickset.com/sets/small/40883-1.jpg,https://images.brickset.com/sets/images/40883-1.jpg
1,true,Box,2,2026,LEGO Gift with Purchase,51780,40886,Seasonal,Normal,Valentine's Day,278,2026-08-06T21:39:18.2Z,Penguins in Love,2,0,Miscellaneous,0,3.8,https://brickset.com/sets/40886-1,19.1,14.1,7.1,5702018073919,,https://images.brickset.com/sets/small/40886-1.jpg,https://images.brickset.com/sets/images/40886-1.jpg
1,true,Box,12,2026,LEGO Gift with Purchase,52482,40890,Seasonal,Normal,Easter,312,2026-08-06T21:41:03.913Z,Easter Decorations,6,0,Miscellaneous,0,3.4,https://brickset.com/sets/40890-1,19.1,20.5,6.1,5702018074114,673419426831,https://images.brickset.com/sets/small/40890-1.jpg,https://images.brickset.com/sets/images/40890-1.jpg
1,true,Box,5,2026,Insiders Reward,51782,40905,Seasonal,Normal,Birthday,174,2026-09-21T23:27:42.533Z,Birthday Cupcake,2,1,Miscellaneous,0,0.0,https://brickset.com/sets/40905-1,14.1,19.1,6.1,5702018071601,673419425896,https://images.brickset.com/sets/small/40905-1.jpg,https://images.brickset.com/sets/images/40905-1.jpg
1,true,Box,7,2026,LEGO Gift with Purchase,51783,40915,Seasonal,Normal,Chinese Traditional Festival,480,2026-08-06T21:43:27.67Z,Lion Dance,4,4,Miscellaneous,0,4.1,https://brickset.com/sets/40915-1,19.1,26.2,6.1,5702018071663,673419426251,https://images.brickset.com/sets/small/40915-1.jpg,https://images.brickset.com/sets/images/40915-1.jpg
1,true,Box,7,2026,LEGO exclusive,51812,40920,Seasonal,Normal,Looney Tunes,605,2026-07-12T06:58:07.91Z,Bugs Bunny,2,0,Miscellaneous,0,4.6,https://brickset.com/sets/40920-1,26.2,22.2,9.5,5702018071120,673419425759,https://images.brickset.com/sets/small/40920-1.jpg,https://images.brickset.com/sets/images/40920-1.jpg
1,true,Box,9,2026,LEGO exclusive,52344,40957,Seasonal,Normal,Easter,747,2026-01-31T03:03:05.563Z,Spring Wreath,2,0,Miscellaneous,0,3.3,https://brickset.com/sets/40957-1,26.2,38.2,5.7,5702018071199,673419425827,https://images.brickset.com/sets/small/40957-1.jpg,https://images.brickset.com/sets/images/40957-1.jpg
1,true,Box,12,2026,Retail,52994,40958,Seasonal,Normal,Christmas,342,2026-10-03T14:49:55.48Z,Christmas Stocking,2,1,Miscellaneous,0,0.0,https://brickset.com/sets/40958-1,26.2,19.1,6.1,5702018071489,673419426237,https://images.brickset.com/sets/small/40958-1.jpg,https://images.brickset.com/sets/images/40958-1.jpg
1,true,Box,13,2025,LEGO exclusive,52020,41843,Seasonal,Normal,Christmas,3171,2025-09-09T20:59:40.08Z,Family Christmas Tree Decoration,29,7,Miscellaneous,0,3.9,https://brickset.com/sets/41843-1,37.6,47.5,20.6,5702017823133,673419407274,https://images.brickset.com/sets/small/41843-1.jpg,https://images.brickset.com/sets/images/41843-1.jpg
1,true,Box,0,2025,Retail - limited,51253,66801,Seasonal,Collection,Easter,382,2025-08-25T08:33:35.69Z,Springtime Animal Play Pack,0,0,Miscellaneous,0,0.0,https://brickset.com/sets/66801-1,0.0,0.0,0.0,,,https://images.brickset.com/sets/small/66801-1.jpg,https://images.brickset.com/sets/images/66801-1.jpg
1,true,Box,1,2026,Retail - limited,53203,66822,Seasonal,Collection,Product Collection,947,2026-08-03T21:41:20.577Z,Haunted Halloween Set,0,0,Miscellaneous,0,0.0,https://brickset.com/sets/66822-1,0.0,0.0,0.0,,,https://images.brickset.com/sets/small/66822-1.jpg,https://images.brickset.com/sets/images/66822-1.jpg
1,true,Box,6,2019,Retail - limited,28460,80101,Seasonal,Normal,Chinese Traditional Festival,615,2023-11-06T20:29:26.08Z,Chinese New Year's Eve Dinner,1,6,Miscellaneous,3,4.3,https://brickset.com/sets/80101-1,28.2,54.0,5.9,5702016391824,,https://images.brickset.com/sets/small/80101-1.jpg,https://images.brickset.com/sets/images/80101-1.jpg
1,true,Box,4,2019,Retail - limited,28461,80102,Seasonal,Normal,Chinese Traditional Festival,622,2023-11-06T20:29:44.133Z,Dragon Dance,1,5,Miscellaneous,2,4.1,https://brickset.com/sets/80102-1,28.2,48.0,6.1,5702016391831,,https://images.brickset.com/sets/small/80102-1.jpg,https://images.brickset.com/sets/images/80102-1.jpg
1,true,Box,6,2019,LEGO exclusive,28462,80103,Seasonal,Normal,Chinese Traditional Festival,643,2023-11-06T20:30:17.253Z,Dragon Boat Race,3,15,Miscellaneous,1,3.9,https://brickset.com/sets/80103-1,26.2,38.2,5.7,5702016615456,673419317610,https://images.brickset.com/sets/small/80103-1.jpg,https://images.brickset.com/sets/images/80103-1.jpg
1,true,Box,18,2020,LEGO exclusive,29668,80104,Seasonal,Normal,Chinese Traditional Festival,882,2023-11-06T20:30:27.527Z,Lion Dance,3,8,Miscellaneous,2,4.3,https://brickset.com/sets/80104-1,37.8,35.4,7.1,5702016668148,673419322089,https://images.brickset.com/sets/small/80104-1.jpg,https://images.brickset.com/sets/images/80104-1.jpg
1,true,Box,25,2020,LEGO exclusive,29669,80105,Seasonal,Normal,Chinese Traditional Festival,1664,2023-11-06T20:30:37.233Z,Chinese New Year Temple Fair,9,14,Miscellaneous,2,4.5,https://brickset.com/sets/80105-1,37.8,48.0,7.1,5702016668162,673419322096,https://images.brickset.com/sets/small/80105-1.jpg,https://images.brickset.com/sets/images/80105-1.jpg
1,true,Box,24,2021,LEGO exclusive,30807,80106,Seasonal,Normal,Chinese Traditional Festival,1067,2023-11-06T20:30:45.227Z,Story of Nian,3,7,Miscellaneous,0,3.9,https://brickset.com/sets/80106-1,37.8,35.4,7.1,5702016910230,673419338776,https://images.brickset.com/sets/small/80106-1.jpg,https://images.brickset.com/sets/images/80106-1.jpg
1,true,Box,26,2021,LEGO exclusive,30808,80107,Seasonal,Normal,Chinese Traditional Festival,1793,2023-11-06T20:30:53.49Z,Spring Lantern Festival,6,8,Miscellaneous,2,4.5,https://brickset.com/sets/80107-1,37.8,48.0,9.4,5702016911015,673419337441,https://images.brickset.com/sets/small/80107-1.jpg,https://images.brickset.com/sets/images/80107-1.jpg
1,true,Box,9,2022,LEGO exclusive,32166,80108,Seasonal,Normal,Chinese Traditional Festival,1066,2023-11-06T20:31:48.787Z,Lunar New Year Traditions,18,12,Miscellaneous,3,3.9,https://brickset.com/sets/80108-1,0.0,0.0,0.0,,673419361606,https://images.brickset.com/sets/small/80108-1.jpg,https://images.brickset.com/sets/images/80108-1.jpg
1,true,Box,9,2022,LEGO exclusive,32167,80109,Seasonal,Normal,Chinese Traditional Festival,1519,2023-11-06T20:31:58.107Z,Lunar New Year Ice Festival,3,13,Miscellaneous,2,4.0,https://brickset.com/sets/80109-1,0.0,0.0,0.0,,673419361613,https://images.brickset.com/sets/small/80109-1.jpg,https://images.brickset.com/sets/images/80109-1.jpg
1,true,Box,10,2023,LEGO exclusive,33642,80110,Seasonal,Normal,Chinese Traditional Festival,872,2023-11-06T20:32:11.917Z,Lunar New Year Display,14,0,Miscellaneous,0,3.9,https://brickset.com/sets/80110-1,0.0,0.0,0.0,5702017415611,673419374705,https://images.brickset.com/sets/small/80110-1.jpg,https://images.brickset.com/sets/images/80110-1.jpg
1,true,Box,11,2023,LEGO exclusive,34164,80111,Seasonal,Normal,Chinese Traditional Festival,1653,2023-11-06T20:32:22.95Z,Lunar New Year Parade,9,18,Miscellaneous,0,3.8,https://brickset.com/sets/80111-1,0.0,0.0,0.0,5702017415628,673419374712,https://images.brickset.com/sets/small/80111-1.jpg,https://images.brickset.com/sets/images/80111-1.jpg
1,true,Box,9,2024,Retail,48645,80112,Seasonal,Normal,Chinese Traditional Festival,1171,2025-11-07T12:40:37.38Z,Auspicious Dragon,3,0,Miscellaneous,1,4.3,https://brickset.com/sets/80112-1,0.0,0.0,0.0,5702017591636,673419391276,https://images.brickset.com/sets/small/80112-1.jpg,https://images.brickset.com/sets/images/80112-1.jpg
1,true,Box,10,2024,Retail,48646,80113,Seasonal,Normal,Chinese Traditional Festival,1823,2024-11-07T06:13:33.46Z,Family Reunion Celebration,6,13,Miscellaneous,0,4.2,https://brickset.com/sets/80113-1,0.0,0.0,0.0,5702017591643,673419391283,https://images.brickset.com/sets/small/80113-1.jpg,https://images.brickset.com/sets/images/80113-1.jpg
1,true,Box,11,2025,Retail,50546,80116,Seasonal,Normal,Chinese Traditional Festival,1295,2024-11-07T06:14:20.783Z,Trotting Lantern,6,5,Miscellaneous,0,3.9,https://brickset.com/sets/80116-1,0.0,0.0,0.0,5702017777771,673419401012,https://images.brickset.com/sets/small/80116-1.jpg,https://images.brickset.com/sets/images/80116-1.jpg
1,true,Box,10,2025,Retail,50547,80117,Seasonal,Normal,Chinese Traditional Festival,1021,2024-11-07T06:13:55.553Z,Good Fortune,6,0,Miscellaneous,0,4.2,https://brickset.com/sets/80117-1,0.0,0.0,0.0,5702017777795,673419401029,https://images.brickset.com/sets/small/80117-1.jpg,https://images.brickset.com/sets/images/80117-1.jpg
1,true,Box,5,2026,Retail,51813,80118,Seasonal,Normal,Chinese Traditional Festival,1039,2026-01-16T11:53:14.927Z,Fortune Firecracker,18,6,Miscellaneous,0,4.3,https://brickset.com/sets/80118-1,0.0,0.0,0.0,5702018033098,673419419369,https://images.brickset.com/sets/small/80118-1.jpg,https://images.brickset.com/sets/images/80118-1.jpg
1,true,Box,6,2026,Retail,51814,80119,Seasonal,Normal,Chinese Traditional Festival,1650,2025-11-06T10:29:42.423Z,Galloping Horse Canvas,17,2,Miscellaneous,0,4.4,https://brickset.com/sets/80119-1,0.0,0.0,0.0,5702018033104,673419419376,https://images.brickset.com/sets/small/80119-1.jpg,https://images.brickset.com/sets/images/80119-1.jpg
1,true,Box,11,2026,LEGO exclusive,52465,80120,Seasonal,Normal,Chinese Traditional Festival,736,2026-05-01T18:17:07.913Z,Prosperity Carp Leaping,18,0,Miscellaneous,0,0.0,https://brickset.com/sets/80120-1,26.2,38.2,7.1,5702018062722,673419422284,https://images.brickset.com/sets/small/80120-1.jpg,https://images.brickset.com/sets/images/80120-1.jpg
1,true,Box,15,2026,LEGO exclusive,52466,80121,Seasonal,Normal,Chinese Traditional Festival,1530,2026-05-01T18:16:11.447Z,Ancient Moon-Gazing Inn,19,9,Miscellaneous,0,4.6,https://brickset.com/sets/80121-1,37.8,48.0,9.4,5702018062739,673419422291,https://images.brickset.com/sets/small/80121-1.jpg,https://images.brickset.com/sets/images/80121-1.jpg
1,true,None (loose parts),1,2012,LEGO exclusive,10132,850503,Seasonal,Extended,Christmas,3,2025-03-03T03:10:32.543Z,Holiday Bauble,0,0,Miscellaneous,0,0.0,https://brickset.com/sets/850503-1,0.0,0.0,0.0,,673419184861,https://images.brickset.com/sets/small/850503-1.jpg,https://images.brickset.com/sets/images/850503-1.jpg
1,true,Box,2,2013,LEGO exclusive,22800,850791,Seasonal,Extended,Birthday,28,2013-08-15T15:50:54.3Z,LEGO Minifigure Birthday Set,0,2,Miscellaneous,0,3.3,https://brickset.com/sets/850791-1,0.0,0.0,0.0,,673419198950,https://images.brickset.com/sets/small/850791-1.jpg,https://images.brickset.com/sets/images/850791-1.jpg
1,true,Tag,1,2013,LEGO exclusive,23008,850842,Seasonal,Extended,Christmas,34,2018-08-21T08:22:40.483Z,Fire Truck Holiday Bauble,0,0,Miscellaneous,0,0.0,https://brickset.com/sets/850842-1,0.0,0.0,0.0,,673419201292,https://images.brickset.com/sets/small/850842-1.jpg,https://images.brickset.com/sets/images/850842-1.jpg
1,true,Tag,1,2013,LEGO exclusive,23009,850843,Seasonal,Extended,Christmas,25,2018-08-21T08:22:50.523Z,T-Rex Holiday Bauble,0,0,Miscellaneous,0,2.8,https://brickset.com/sets/850843-1,0.0,0.0,0.0,,,https://images.brickset.com/sets/small/850843-1.jpg,https://images.brickset.com/sets/images/850843-1.jpg
1,true,Tag,1,2013,LEGO exclusive,23010,850849,Seasonal,Extended,Christmas,29,2018-08-21T08:23:01.097Z,Doghouse Holiday Bauble,0,0,Miscellaneous,0,0.0,https://brickset.com/sets/850849-1,0.0,0.0,0.0,,673419201315,https://images.brickset.com/sets/small/850849-1.jpg,https://images.brickset.com/sets/images/850849-1.jpg
1,true,Tag,1,2013,LEGO exclusive,23007,850850,Seasonal,Extended,Christmas,23,2018-08-21T08:23:21.783Z,Santa Holiday Bauble,0,0,Miscellaneous,1,4.0,https://brickset.com/sets/850850-1,0.0,0.0,0.0,,673419201322,https://images.brickset.com/sets/small/850850-1.jpg,https://images.brickset.com/sets/images/850850-1.jpg
1,true,Tag,1,2013,LEGO exclusive,23005,850851,Seasonal,Extended,Christmas,26,2018-08-21T08:23:25.633Z,Tree Holiday Bauble,0,0,Miscellaneous,0,3.6,https://brickset.com/sets/850851-1,0.0,0.0,0.0,,673419201339,https://images.brickset.com/sets/small/850851-1.jpg,https://images.brickset.com/sets/images/850851-1.jpg
1,true,Tag,1,2013,LEGO exclusive,23006,850852,Seasonal,Extended,Christmas,21,2018-08-21T08:23:29.3Z,Reindeer Holiday Bauble,0,0,Miscellaneous,0,3.8,https://brickset.com/sets/850852-1,0.0,0.0,0.0,,673419201346,https://images.brickset.com/sets/small/850852-1.jpg,https://images.brickset.com/sets/images/850852-1.jpg
1,true,Box,2,2014,LEGO exclusive,23802,850936,Seasonal,Extended,Halloween,13,2023-01-03T15:21:40.513Z,Halloween Set,0,1,Miscellaneous,0,3.6,https://brickset.com/sets/850936-1,0.0,0.0,0.0,,673419217439,https://images.brickset.com/sets/small/850936-1.jpg,https://images.brickset.com/sets/images/850936-1.jpg
1,true,Box,2,2014,LEGO exclusive,23803,850939,Seasonal,Extended,Christmas,27,2014-09-01T20:01:59.953Z,Santa Set,0,2,Miscellaneous,1,3.4,https://brickset.com/sets/850939-1,0.0,0.0,0.0,,673419217446,https://images.brickset.com/sets/small/850939-1.jpg,https://images.brickset.com/sets/images/850939-1.jpg
1,true,{Not specified},2,2014,LEGO exclusive,23804,850949,Seasonal,Extended,Christmas,45,2014-10-02T08:18:42.517Z,Christmas Snow Hut Ornament,0,0,Miscellaneous,0,3.7,https://brickset.com/sets/850949-1,0.0,0.0,0.0,,673419217958,https://images.brickset.com/sets/small/850949-1.jpg,https://images.brickset.com/sets/images/850949-1.jpg
1,true,{Not specified},2,2014,LEGO exclusive,23805,850950,Seasonal,Extended,Christmas,34,2014-10-02T08:19:06.427Z,Christmas Cat Ornament,0,0,Miscellaneous,0,3.8,https://brickset.com/sets/850950-1,0.0,0.0,0.0,,673419217965,https://images.brickset.com/sets/small/850950-1.jpg,https://images.brickset.com/sets/images/850950-1.jpg
1,true,{Not specified},2,2015,{Not specified},24838,851358,Seasonal,Extended,Christmas,62,2021-05-11T21:55:27.143Z,Holiday Bauble White Bricks,0,0,Miscellaneous,0,3.8,https://brickset.com/sets/851358-1,0.0,0.0,0.0,,673419254427,https://images.brickset.com/sets/small/851358-1.jpg,https://images.brickset.com/sets/images/851358-1.jpg
1,true,{Not specified},2,2009,{Not specified},7226,852744,Seasonal,Extended,Christmas,66,2017-11-22T23:59:56.76Z,Holiday LEGO Ornaments,0,0,Miscellaneous,0,3.8,https://brickset.com/sets/852744-1,0.0,0.0,0.0,,673419127004,https://images.brickset.com/sets/small/852744-1.jpg,https://images.brickset.com/sets/images/852744-1.jpg
1,true,{Not specified},1,2011,{Not specified},9086,853344,Seasonal,Extended,Christmas,30,2013-10-06T11:19:07.77Z,Holiday Bauble with Red Bricks,0,0,Miscellaneous,1,3.4,https://brickset.com/sets/853344-1,0.0,0.0,0.0,,673419200851,https://images.brickset.com/sets/small/853344-1.jpg,https://images.brickset.com/sets/images/853344-1.jpg
1,true,{Not specified},1,2011,{Not specified},9087,853345,Seasonal,Extended,Christmas,40,2013-10-06T11:19:31.727Z,Holiday Bauble with Gold Bricks,0,0,Miscellaneous,3,3.8,https://brickset.com/sets/853345-1,0.0,0.0,0.0,,673419254434,https://images.brickset.com/sets/small/853345-1.jpg,https://images.brickset.com/sets/images/853345-1.jpg
1,true,{Not specified},1,2011,{Not specified},9088,853346,Seasonal,Extended,Christmas,36,2013-10-06T11:19:45.09Z,Holiday Bauble with Green Bricks,0,0,Miscellaneous,0,3.7,https://brickset.com/sets/853346-1,0.0,0.0,0.0,,673419163675,https://images.brickset.com/sets/small/853346-1.jpg,https://images.brickset.com/sets/images/853346-1.jpg
1,true,{Not specified},1,2016,{Not specified},26533,853574,Seasonal,Extended,Christmas,21,2016-09-02T23:12:07.353Z,Christmas Ornament Reindeer,0,0,Miscellaneous,0,3.6,https://brickset.com/sets/853574-1,0.0,0.0,0.0,,673419256582,https://images.brickset.com/sets/small/853574-1.jpg,https://images.brickset.com/sets/images/853574-1.jpg
1,true,{Not specified},2,2017,{Not specified},27572,853670,Seasonal,Extended,Christmas,25,2017-10-01T08:39:36.36Z,Christmas Ornament Snowman,0,0,Miscellaneous,0,4.0,https://brickset.com/sets/853670-1,0.0,0.0,0.0,,673419274210,https://images.brickset.com/sets/small/853670-1.jpg,https://images.brickset.com/sets/images/853670-1.jpg
1,true,{Not specified},1,2018,{Not specified},28302,853796,Seasonal,Extended,Christmas,37,2018-10-04T23:09:46.293Z,Penguin Holiday Ornament,0,0,Miscellaneous,0,3.8,https://brickset.com/sets/853796-1,0.0,0.0,0.0,,673419292917,https://images.brickset.com/sets/small/853796-1.jpg,https://images.brickset.com/sets/images/853796-1.jpg
1,true,Tag,1,2018,LEGO exclusive,28289,853810,Seasonal,Extended,Christmas,50,2018-10-22T12:01:20.53Z,Train Holiday Ornament,0,0,Miscellaneous,0,4.2,https://brickset.com/sets/853810-1,0.0,0.0,0.0,,673419294010,https://images.brickset.com/sets/small/853810-1.jpg,https://images.brickset.com/sets/images/853810-1.jpg
1,true,{Not specified},1,2018,{Not specified},28301,853815,Seasonal,Extended,Christmas,50,2018-10-03T12:38:00.98Z,Gifts Holiday Ornament,0,0,Miscellaneous,0,4.2,https://brickset.com/sets/853815-1,0.0,0.0,0.0,,673419294003,https://images.brickset.com/sets/small/853815-1.jpg,https://images.brickset.com/sets/images/853815-1.jpg
1,true,Box,3,2019,LEGO exclusive,29105,853906,Seasonal,Extended,Birthday,40,2019-07-08T02:02:00.657Z,LEGO Greeting Card,0,1,Miscellaneous,1,4.2,https://brickset.com/sets/853906-1,10.2,15.1,1.9,,673419307659,https://images.brickset.com/sets/small/853906-1.jpg,https://images.brickset.com/sets/images/853906-1.jpg
1,true,Other,1,2019,LEGO exclusive,29569,853907,Seasonal,Extended,Christmas,43,2019-09-05T03:45:29.317Z,LEGO Toy Soldier Ornament,0,0,Miscellaneous,0,3.9,https://brickset.com/sets/853907-1,0.0,0.0,0.0,,673419310048,https://images.brickset.com/sets/small/853907-1.jpg,https://images.brickset.com/sets/images/853907-1.jpg
1,true,Polybag,1,2019,LEGO exclusive,29150,853958,Seasonal,Extended,Easter,36,2025-02-04T21:26:45.127Z,Chicken Skater Pod,0,1,Miscellaneous,2,3.9,https://brickset.com/sets/853958-1,0.0,0.0,0.0,,673419307871,https://images.brickset.com/sets/small/853958-1.jpg,https://images.brickset.com/sets/images/853958-1.jpg
1,true,Box,1,2020,LEGO exclusive,29883,853990,Seasonal,Extended,Easter,57,2023-02-03T20:34:03.493Z,Easter Bunny House,0,1,Miscellaneous,1,3.9,https://brickset.com/sets/853990-1,11.0,8.3,4.5,,673419324052,https://images.brickset.com/sets/small/853990-1.jpg,https://images.brickset.com/sets/images/853990-1.jpg
1,true,Tag,1,2020,LEGO exclusive,30854,854037,Seasonal,Extended,Christmas,44,2020-10-19T00:50:17.03Z,Christmas Ornament Santa,0,0,Miscellaneous,0,3.7,https://brickset.com/sets/854037-1,0.0,0.0,0.0,,673419332040,https://images.brickset.com/sets/small/854037-1.jpg,https://images.brickset.com/sets/images/854037-1.jpg
1,true,Tag,1,2020,LEGO exclusive,30855,854038,Seasonal,Extended,Christmas,34,2020-10-19T00:56:48.51Z,Christmas Ornament Reindeer,0,0,Miscellaneous,1,3.8,https://brickset.com/sets/854038-1,0.0,0.0,0.0,,673419332057,https://images.brickset.com/sets/small/854038-1.jpg,https://images.brickset.com/sets/images/854038-1.jpg
1,true,Box,1,2020,LEGO exclusive,30633,854049,Seasonal,Extended,Halloween,130,2023-10-10T01:01:02.533Z,Pumpkin & Bat Duo,0,0,Miscellaneous,0,3.7,https://brickset.com/sets/854049-1,10.1,8.2,4.5,,673419332019,https://images.brickset.com/sets/small/854049-1.jpg,https://images.brickset.com/sets/images/854049-1.jpg
1,true,Box,2,2020,LEGO exclusive,30856,854050,Seasonal,Extended,Christmas,126,2021-12-14T21:59:55.28Z,Snowman & Reindeer Duo,0,0,Miscellaneous,0,3.8,https://brickset.com/sets/854050-1,10.2,8.6,5.4,,673419332026,https://images.brickset.com/sets/small/854050-1.jpg,https://images.brickset.com/sets/images/854050-1.jpg
1,true,Box,1,2011,{Not specified},9084,3300002,Seasonal,Normal,Christmas,117,2017-11-27T04:17:21.123Z,Holiday Set 2 of 2 ,0,1,Miscellaneous,2,3.7,https://brickset.com/sets/3300002-1,0.0,0.0,0.0,,673419179072,https://images.brickset.com/sets/small/3300002-1.jpg,https://images.brickset.com/sets/images/3300002-1.jpg
1,true,Box,2,2012,LEGO exclusive,10125,3300014,Seasonal,Normal,Christmas,109,2014-08-26T11:08:44.45Z,Christmas Set,1,4,Miscellaneous,2,4.0,https://brickset.com/sets/3300014-1,14.0,19.0,4.5,,673419198196,https://images.brickset.com/sets/small/3300014-1.jpg,https://images.brickset.com/sets/images/3300014-1.jpg
1,true,Box,1,2011,{Not specified},9082,3300020,Seasonal,Normal,Christmas,98,2017-11-27T04:30:27.653Z,Holiday Set 1 of 2 ,0,1,Miscellaneous,1,3.5,https://brickset.com/sets/3300020-1,0.0,0.0,0.0,,673419179089,https://images.brickset.com/sets/small/3300020-1.jpg,https://images.brickset.com/sets/images/3300020-1.jpg
1,true,Other,1,2014,LEGO exclusive,24051,5002813,Seasonal,Extended,Christmas,26,2018-12-18T19:17:26.723Z,Christmas Train Ornament,0,0,Miscellaneous,0,3.8,https://brickset.com/sets/5002813-1,0.0,0.0,0.0,,673419218764,https://images.brickset.com/sets/small/5002813-1.jpg,https://images.brickset.com/sets/images/5002813-1.jpg
1,true,Other,1,2015,LEGO exclusive,25601,5003083,Seasonal,Extended,Christmas,32,2015-12-08T01:57:32.283Z,Christmas Ornament,0,0,Miscellaneous,0,3.3,https://brickset.com/sets/5003083-1,0.0,0.0,0.0,,673419241908,https://images.brickset.com/sets/small/5003083-1.jpg,https://images.brickset.com/sets/images/5003083-1.jpg
1,true,{Not specified},1,2014,{Not specified},24020,5004259,Seasonal,Collection,Christmas,191,2025-08-25T07:13:56.503Z,Holiday Ornament Collection,0,0,Miscellaneous,0,0.0,https://brickset.com/sets/5004259-1,0.0,0.0,0.0,,,https://images.brickset.com/sets/small/5004259-1.jpg,https://images.brickset.com/sets/images/5004259-1.jpg
1,true,Other,1,2016,LEGO exclusive,26535,5004420,Seasonal,Extended,Christmas,34,2016-11-13T03:21:29.113Z,Toy Soldier,0,0,Miscellaneous,1,3.7,https://brickset.com/sets/5004420-1,0.0,0.0,0.0,,673419260862,https://images.brickset.com/sets/small/5004420-1.jpg,https://images.brickset.com/sets/images/5004420-1.jpg
1,true,Box,1,2016,LEGO exclusive,26079,5004468,Seasonal,Extended,Easter,4,2023-02-03T20:39:42.137Z,Iconic Easter Minifigure,0,1,Miscellaneous,2,3.7,https://brickset.com/sets/5004468-1,10.7,8.1,4.6,,673419252645,https://images.brickset.com/sets/small/5004468-1.jpg,https://images.brickset.com/sets/images/5004468-1.jpg
1,true,{Not specified},1,2017,{Not specified},26952,5004931,Seasonal,Extended,Birthday,20,2017-06-15T11:53:10.45Z,Birthday Card,0,1,Miscellaneous,1,3.0,https://brickset.com/sets/5004931-1,0.0,0.0,0.0,,673419269308,https://images.brickset.com/sets/small/5004931-1.jpg,https://images.brickset.com/sets/images/5004931-1.jpg
1,true,Box,1,2017,LEGO exclusive,27297,5004934,Seasonal,Extended,Christmas,66,2023-11-16T04:42:28.487Z,Christmas Ornament,0,2,Miscellaneous,3,2.8,https://brickset.com/sets/5004934-1,10.4,9.4,6.6,,673419274197,https://images.brickset.com/sets/small/5004934-1.jpg,https://images.brickset.com/sets/images/5004934-1.jpg
1,true,Box,2,2016,LEGO exclusive,26807,5005156,Seasonal,Extended,Christmas,3,2017-12-18T03:46:51.773Z,Gingerbread Man,0,1,Miscellaneous,2,3.5,https://brickset.com/sets/5005156-1,10.7,8.2,4.7,,673419272285,https://images.brickset.com/sets/small/5005156-1.jpg,https://images.brickset.com/sets/images/5005156-1.jpg
1,true,Box,3,2018,LEGO exclusive,27740,5005249,Seasonal,Extended,Easter,6,2025-04-15T09:02:55.067Z,Easter Bunny Hut,0,1,Miscellaneous,2,3.5,https://brickset.com/sets/5005249-1,10.2,8.1,4.6,5702016148091,673419287517,https://images.brickset.com/sets/small/5005249-1.jpg,https://images.brickset.com/sets/images/5005249-1.jpg
1,true,Polybag,2,2018,LEGO exclusive,28333,5005253,Seasonal,Extended,Christmas,28,2019-01-08T00:08:03.173Z,Christmas Ornament 2018 - Reindeer Head,0,0,Miscellaneous,1,3.6,https://brickset.com/sets/5005253-1,0.0,0.0,0.0,,673419294065,https://images.brickset.com/sets/small/5005253-1.jpg,https://images.brickset.com/sets/images/5005253-1.jpg
1,true,Zip-lock bag,0,2023,Promotional,48573,5008195,Seasonal,Extended,Halloween,113,2026-10-05T18:52:40.883Z,Jack-o'-lantern,0,0,Miscellaneous,0,0.0,https://brickset.com/sets/5008195-1,0.0,0.0,0.0,,,https://images.brickset.com/sets/small/BNJOL-1.jpg,https://images.brickset.com/sets/images/BNJOL-1.jpg
1,true,Zip-lock bag,0,2025,Promotional,52278,5009616,Seasonal,Extended,Thanksgiving,41,2026-02-16T13:43:05.987Z,Turkey Time Build,0,0,Miscellaneous,0,0.0,https://brickset.com/sets/5009616-1,0.0,0.0,0.0,,673419429504,https://images.brickset.com/sets/small/6602968-1.jpg,https://images.brickset.com/sets/images/6602968-1.jpg
1,true,Zip-lock bag,0,2025,Promotional,52321,5009635,Seasonal,Extended,Christmas,131,2026-05-24T08:09:00.98Z,Holiday Train,0,0,Miscellaneous,0,0.0,https://brickset.com/sets/5009635-1,0.0,0.0,0.0,,673419429948,https://images.brickset.com/sets/small/6606295-1.jpg,https://images.brickset.com/sets/images/6606295-1.jpg
1,false,{Not specified},0,2026,Promotional,53448,5011070,Seasonal,Extended,Christmas,0,2026-10-05T19:08:30.457Z,Santas Workshop,0,0,Miscellaneous,0,0.0,https://brickset.com/sets/5011070-1,0.0,0.0,0.0,,673419456555,,
1,false,{Not specified},0,2026,Promotional,53423,5011071,Seasonal,Extended,Christmas,0,2026-10-05T19:10:12.973Z,Gingerbread House,0,0,Miscellaneous,0,0.0,https://brickset.com/sets/5011071-1,0.0,0.0,0.0,,673419456562,,
1,true,Zip-lock bag,0,2018,Promotional,52844,6240688,Seasonal,Extended,Chinese Traditional Festival,13,2026-05-14T10:09:36.01Z,Chinese New Year of the Dog Exclusive Set,0,0,Miscellaneous,0,0.0,https://brickset.com/sets/6240688-1,0.0,0.0,0.0,,,https://images.brickset.com/sets/small/6240688-1.jpg,https://images.brickset.com/sets/images/6240688-1.jpg
1,true,Zip-lock bag,1,2018,Promotional,52843,6242508,Seasonal,Extended,Chinese Traditional Festival,0,2026-05-14T10:05:25.867Z,Chinese New Year Fortuna Exclusive Set,0,0,Miscellaneous,0,0.0,https://brickset.com/sets/6242508-1,0.0,0.0,0.0,,,https://images.brickset.com/sets/small/6242508-1.jpg,https://images.brickset.com/sets/images/6242508-1.jpg
1,true,{Not specified},0,2020,{Not specified},50463,6317939,Seasonal,Extended,,160,2025-05-12T12:54:22.323Z,Chinese New Year Peach Flower,0,0,Miscellaneous,0,0.0,https://brickset.com/sets/6317939-1,0.0,0.0,0.0,,,,
1,true,None (loose parts),1,2021,Promotional,33637,6412186,Seasonal,Extended,Easter,63,2022-04-16T18:49:26.623Z,Egg and Chick,0,0,Miscellaneous,0,0.0,https://brickset.com/sets/6412186-1,0.0,0.0,0.0,,,https://images.brickset.com/sets/small/6412186-1.jpg,https://images.brickset.com/sets/images/6412186-1.jpg
1,true,Zip-lock bag,2,2023,LEGO exclusive,48788,6444659,Seasonal,Extended,Chinese Traditional Festival,132,2023-12-11T22:08:36.46Z,God of Fortune,0,0,Miscellaneous,0,0.0,https://brickset.com/sets/6444659-1,0.0,0.0,0.0,,,https://images.brickset.com/sets/small/6444649-1.jpg,https://images.brickset.com/sets/images/6444649-1.jpg
1,true,Box,1,2023,Promotional,48693,6490363,Seasonal,Extended,Christmas,148,2026-02-02T20:25:14.557Z,By the Fireplace,0,0,Miscellaneous,0,3.0,https://brickset.com/sets/6490363-1,14.7,14.7,4.5,5702017670423,673419382151,https://images.brickset.com/sets/small/6490363-1.jpg,https://images.brickset.com/sets/images/6490363-1.jpg
1,true,None (loose parts),2,2024,{Not specified},52503,6509762,Seasonal,Extended,Birthday,44,2026-03-03T03:02:34.84Z,Birthday Cake,0,0,Miscellaneous,0,0.0,https://brickset.com/sets/6509762-1,0.0,0.0,0.0,,,https://images.brickset.com/sets/small/6509762-1.jpg,https://images.brickset.com/sets/images/6509762-1.jpg
1,true,Box,1,2024,Promotional,50869,6550806,Seasonal,Extended,Christmas,150,2026-02-02T20:06:29.637Z,Gingerbread Lane,0,0,Miscellaneous,0,0.0,https://brickset.com/sets/6550806-1,14.7,14.7,4.5,,673419414234,https://images.brickset.com/sets/small/6550806-1.jpg,https://images.brickset.com/sets/images/6550806-1.jpg
1,true,Zip-lock bag,1,2025,Promotional,52266,6602967,Seasonal,Extended,Christmas,130,2026-02-02T20:11:18.7Z,Holiday Snowman,0,0,Miscellaneous,0,0.0,https://brickset.com/sets/6602967-1,0.0,0.0,0.0,,673419429498,https://images.brickset.com/sets/small/6602967-1.jpg,https://images.brickset.com/sets/images/6602967-1.jpg
1,true,None (loose parts),0,2019,{Not specified},29281,EASTERCHICK,Seasonal,Other,Easter,30,2019-06-01T05:22:12.09Z,Easter Chick,0,0,Miscellaneous,0,0.0,https://brickset.com/sets/EASTERCHICK-1,0.0,0.0,0.0,,,https://images.brickset.com/sets/small/EASTERCHICK-1.jpg,https://images.brickset.com/sets/images/EASTERCHICK-1.jpg
1,true,Polybag,0,2003,Retail - limited,28231,LJXMAS01,Seasonal,Other,Christmas,0,2018-07-20T08:39:12.043Z,Santa Claus,0,0,Miscellaneous,0,0.0,https://brickset.com/sets/LJXMAS01-1,0.0,0.0,0.0,,,https://images.brickset.com/sets/small/LJXMAS01-1.jpg,https://images.brickset.com/sets/images/LJXMAS01-1.jpg
1,true,Polybag,0,2003,Retail - limited,28232,LJXMAS02,Seasonal,Other,Christmas,0,2018-07-20T08:40:01.38Z,Reindeer,0,0,Miscellaneous,0,0.0,https://brickset.com/sets/LJXMAS02-1,0.0,0.0,0.0,,,https://images.brickset.com/sets/small/LJXMAS02-1.jpg,https://images.brickset.com/sets/images/LJXMAS02-1.jpg
1,true,Polybag,0,2003,Retail - limited,28233,LJXMAS03,Seasonal,Other,Christmas,0,2018-07-20T08:40:32.223Z,Christmas Tree,0,0,Miscellaneous,0,0.0,https://brickset.com/sets/LJXMAS03-1,0.0,0.0,0.0,,,https://images.brickset.com/sets/small/LJXMAS03-1.jpg,https://images.brickset.com/sets/images/LJXMAS03-1.jpg
1,true,None (loose parts),1,2020,Promotional,29992,TEDDY,Seasonal,Other,Valentine's Day,69,2024-12-29T05:41:26.02Z,Teddy Bear,0,0,Miscellaneous,0,0.0,https://brickset.com/sets/TEDDY-1,0.0,0.0,0.0,,,https://images.brickset.com/sets/small/TEDDY-1.jpg,https://images.brickset.com/sets/images/TEDDY-1.jpg
1,true,None (loose parts),2,2014,Promotional,25726,TRUSANTA,Seasonal,Other,Christmas,37,2024-05-15T21:18:57.617Z,Santa at the Beach,0,1,Miscellaneous,1,0.0,https://brickset.com/sets/TRUSANTA-1,0.0,0.0,0.0,,,https://images.brickset.com/sets/small/TRUSANTA-1.jpg,https://images.brickset.com/sets/images/TRUSANTA-1.jpg
1,true,None (loose parts),1,2016,{Not specified},33553,VALENTINE,Seasonal,Other,Valentine's Day,40,2022-03-15T15:32:51.47Z,Valentine's Day Card,0,0,Miscellaneous,0,0.0,https://brickset.com/sets/VALENTINE-1,0.0,0.0,0.0,,,https://images.brickset.com/sets/small/VALENTINE-1.jpg,https://images.brickset.com/sets/images/VALENTINE-1.jpg
1,false,{Not specified},0,2026,Promotional,53447,WITCHPUMPKIN,Seasonal,Other,Halloween,0,2026-10-05T19:04:45.09Z,[Witch Moon Pumpkin],0,0,Miscellaneous,0,0.0,https://brickset.com/sets/WITCHPUMPKIN-1,0.0,0.0,0.0,,,https://images.brickset.com/sets/small/WITCHPUMPKIN-1.jpg,https://images.brickset.com/sets/images/WITCHPUMPKIN-1.jpg
